transaction_id,customer_id,merchant_id,amount,payment_method,status,timestamp
T000001,C0130,M0035,34349.33,CARD,FAILED,2026-08-30 22:06:06.839138
T000002,C0494,M0008,12819.19,WALLET,SUCCESS,2026-07-12 16:17:02.602573
T000003,C0208,M0019,41075.79,UPI,SUCCESS,2026-08-27 20:45:29.337232
T000004,C0303,M0050,38561.11,NET_BANKING,FAILED,2026-07-27 06:45:13.212338
T000005,C0093,M0022,3472.08,NET_BANKING,SUCCESS,2026-07-08 08:45:58.992679
T000006,C0448,M0014,21242.48,UPI,SUCCESS,2026-08-12 09:17:28.855366
T000007,C0464,M0037,19231.48,WALLET,FAILED,2026-07-16 00:59:41.680853
T000008,C0127,M0010,23350.46,WALLET,PENDING,2026-06-10 04:44:40.504001
T000009,C0455,M0040,3004.75,UPI,SUCCESS,2026-08-10 23:28:48.981796
T000010,C0420,M0015,9657.86,NET_BANKING,SUCCESS,2026-08-24 15:16:05.645303
T000011,C0070,M0016,38383.9,WALLET,SUCCESS,2026-07-30 18:34:28.197046
T000012,C0431,M0016,33360.63,WALLET,SUCCESS,2026-07-11 08:24:06.660492
T000013,C0282,M0017,10926.61,UPI,SUCCESS,2026-07-22 01:18:36.665581
T000014,C0280,M0015,46075.62,WALLET,FAILED,2026-07-10 06:08:13.084055
T000015,C0266,M0037,16908.94,WALLET,SUCCESS,2026-07-25 02:46:51.098649
T000016,C0389,M0025,12983.24,UPI,SUCCESS,2026-06-17 04:31:23.790845
T000017,C0470,M0048,26714.64,WALLET,SUCCESS,2026-06-21 19:15:07.105614
T000018,C0148,M0032,36772.21,CARD,SUCCESS,2026-06-17 23:34:49.340497
T000019,C0153,M0039,9669.92,UPI,FAILED,2026-06-20 01:19:12.156786
T000020,C0466,M0013,40974.52,NET_BANKING,SUCCESS,2026-07-11 19:57:44.443881
T000021,C0440,M0016,26249.61,NET_BANKING,SUCCESS,2026-06-21 17:46:47.844281
T000022,C0172,M0016,46880.42,WALLET,SUCCESS,2026-08-22 09:35:43.360143
T000023,C0173,M0008,48735.86,CARD,SUCCESS,2026-06-08 18:17:26.283837
T000024,C0043,M0038,16444.31,WALLET,SUCCESS,2026-07-04 03:02:01.259160
T000025,C0060,M0046,8724.08,WALLET,SUCCESS,2026-07-15 10:06:16.494957
T000026,C0343,M0040,17142.29,NET_BANKING,SUCCESS,2026-06-30 20:46:52.167192
T000027,C0285,M0024,14257.52,NET_BANKING,SUCCESS,2026-07-17 06:55:19.631121
T000028,C0284,M0001,31220.79,NET_BANKING,SUCCESS,2026-06-25 01:29:14.292961
T000029,C0169,M0047,5365.68,CARD,SUCCESS,2026-06-12 14:25:28.182579
T000030,C0228,M0038,825.03,UPI,SUCCESS,2026-08-01 00:05:28.488447
T000031,C0365,M0023,46137.86,UPI,SUCCESS,2026-07-12 08:12:08.994577
T000032,C0448,M0042,4804.96,CARD,SUCCESS,2026-06-15 08:13:12.730611
T000033,C0133,M0007,4769.35,CARD,SUCCESS,2026-06-14 03:16:37.334544
T000034,C0456,M0015,34704.38,UPI,SUCCESS,2026-06-23 20:15:17.255556
T000035,C0381,M0038,16484.14,UPI,SUCCESS,2026-07-03 05:44:43.650909
T000036,C0154,M0045,46291.47,CARD,SUCCESS,2026-06-27 19:12:36.503125
T000037,C0186,M0015,25269.18,NET_BANKING,SUCCESS,2026-08-03 17:51:30.047557
T000038,C0218,M0009,42741.72,CARD,SUCCESS,2026-07-08 01:36:05.718560
T000039,C0486,M0006,30327.69,WALLET,SUCCESS,2026-07-05 11:38:42.395627
T000040,C0281,M0041,10990.48,CARD,SUCCESS,2026-08-01 22:10:45.333171
T000041,C0363,M0001,14052.45,CARD,SUCCESS,2026-08-25 01:44:23.265752
T000042,C0036,M0011,21729.8,NET_BANKING,PENDING,2026-08-15 20:34:21.659835
T000043,C0346,M0037,1448.79,UPI,SUCCESS,2026-08-30 11:35:32.544249
T000044,C0090,M0008,25310.72,NET_BANKING,SUCCESS,2026-08-13 16:02:26.705400
T000045,C0136,M0007,13871.5,WALLET,PENDING,2026-07-02 18:15:25.647467
T000046,C0350,M0011,33544.17,WALLET,SUCCESS,2026-08-25 23:38:27.534760
T000047,C0317,M0026,45108.01,CARD,SUCCESS,2026-09-02 09:02:08.022429
T000048,C0237,M0020,41815.22,CARD,SUCCESS,2026-07-27 08:01:48.055936
T000049,C0355,M0025,41376.28,NET_BANKING,SUCCESS,2026-08-20 04:03:42.212352
T000050,C0097,M0023,17509.39,WALLET,SUCCESS,2026-08-23 01:15:35.652951
T000051,C0277,M0049,38423.79,WALLET,SUCCESS,2026-06-21 10:03:26.012173
T000052,C0431,M0013,3985.05,NET_BANKING,FAILED,2026-08-15 00:33:08.155833
T000053,C0470,M0049,43655.05,UPI,PENDING,2026-08-31 15:00:26.009429
T000054,C0327,M0028,19295.47,WALLET,SUCCESS,2026-08-31 18:49:35.903705
T000055,C0045,M0033,37544.81,UPI,FAILED,2026-07-11 06:46:35.960535
T000056,C0412,M0043,2582.36,CARD,SUCCESS,2026-06-24 07:36:01.185269
T000057,C0235,M0013,2370.06,WALLET,SUCCESS,2026-07-24 04:44:04.775364
T000058,C0456,M0033,9521.65,NET_BANKING,SUCCESS,2026-06-23 13:27:23.827004
T000059,C0237,M0022,23949.75,UPI,SUCCESS,2026-08-22 13:13:27.389562
T000060,C0112,M0004,16479.12,WALLET,FAILED,2026-06-20 13:47:06.980785
T000061,C0405,M0042,30204.18,CARD,SUCCESS,2026-08-24 21:05:01.502082
T000062,C0093,M0010,8208.12,UPI,SUCCESS,2026-08-20 03:12:21.863807
T000063,C0468,M0040,35981.59,WALLET,PENDING,2026-06-12 20:53:13.933323
T000064,C0427,M0041,15297.63,NET_BANKING,SUCCESS,2026-07-25 13:07:41.773997
T000065,C0403,M0029,17848.29,CARD,FAILED,2026-08-26 03:55:33.390369
T000066,C0198,M0016,49728.04,NET_BANKING,SUCCESS,2026-06-28 05:38:38.153577
T000067,C0452,M0020,36746.65,UPI,SUCCESS,2026-09-03 02:40:49.515061
T000068,C0311,M0042,21211.43,UPI,FAILED,2026-07-28 13:44:12.640791
T000069,C0339,M0022,21164.47,CARD,SUCCESS,2026-06-27 09:34:38.236476
T000070,C0227,M0048,8649.35,WALLET,SUCCESS,2026-07-20 16:29:30.936991
T000071,C0170,M0031,39094.05,NET_BANKING,SUCCESS,2026-07-19 12:32:19.351527
T000072,C0028,M0006,6101.42,WALLET,SUCCESS,2026-07-31 01:59:48.914905
T000073,C0062,M0018,11786.12,WALLET,SUCCESS,2026-07-03 09:01:53.502773
T000074,C0115,M0034,29351.91,NET_BANKING,SUCCESS,2026-07-27 05:00:15.253708
T000075,C0084,M0040,42570.12,NET_BANKING,SUCCESS,2026-09-05 20:38:21.034222
T000076,C0374,M0014,47440.09,WALLET,SUCCESS,2026-08-03 01:26:10.886885
T000077,C0461,M0035,37551.17,UPI,SUCCESS,2026-07-09 00:39:14.724992
T000078,C0236,M0006,45413.61,NET_BANKING,PENDING,2026-07-17 16:56:51.781077
T000079,C0237,M0024,38042.45,WALLET,SUCCESS,2026-08-23 21:08:11.638959
T000080,C0307,M0038,19905.17,UPI,SUCCESS,2026-08-01 03:01:59.285014
T000081,C0323,M0037,19990.33,CARD,SUCCESS,2026-08-28 12:31:25.658804
T000082,C0491,M0037,13403.74,UPI,SUCCESS,2026-08-20 03:48:01.977263
T000083,C0039,M0046,39532.82,WALLET,SUCCESS,2026-06-15 23:09:37.487043
T000084,C0294,M0023,30621.17,CARD,SUCCESS,2026-07-14 06:19:18.595354
T000085,C0008,M0029,18429.68,UPI,SUCCESS,2026-08-15 11:34:21.782163
T000086,C0184,M0025,22918.03,UPI,SUCCESS,2026-07-22 10:56:29.553506
T000087,C0150,M0032,3469.75,UPI,SUCCESS,2026-06-28 17:18:41.355464
T000088,C0382,M0046,23014.66,UPI,SUCCESS,2026-08-26 20:46:03.108381
T000089,C0408,M0048,36075.38,WALLET,SUCCESS,2026-06-11 06:18:47.682731
T000090,C0247,M0005,25912.33,UPI,PENDING,2026-06-23 02:45:32.702621
T000091,C0025,M0049,18127.12,WALLET,SUCCESS,2026-06-25 21:54:10.051449
T000092,C0271,M0037,41539.23,UPI,SUCCESS,2026-07-20 03:17:04.175395
T000093,C0360,M0043,22913.44,NET_BANKING,SUCCESS,2026-08-17 13:40:54.398607
T000094,C0124,M0049,17208.07,CARD,SUCCESS,2026-08-27 12:19:55.366645
T000095,C0346,M0003,18079.22,WALLET,SUCCESS,2026-07-14 17:49:30.903193
T000096,C0288,M0035,44443.49,NET_BANKING,PENDING,2026-07-08 17:44:33.591741
T000097,C0140,M0047,30393.7,CARD,FAILED,2026-06-24 15:07:20.545707
T000098,C0005,M0006,20693.22,NET_BANKING,SUCCESS,2026-06-19 23:35:13.247726
T000099,C0449,M0032,36008.7,UPI,SUCCESS,2026-07-24 03:24:46.085310
T000100,C0162,M0031,8520.51,WALLET,SUCCESS,2026-07-16 17:57:50.794513
T000101,C0348,M0027,21745.23,UPI,PENDING,2026-08-23 14:40:58.499855
T000102,C0162,M0002,21600.99,CARD,SUCCESS,2026-07-26 18:55:29.243356
T000103,C0403,M0008,5393.14,CARD,SUCCESS,2026-07-18 12:08:23.228172
T000104,C0219,M0040,49072.2,UPI,SUCCESS,2026-08-17 03:58:57.221136
T000105,C0411,M0038,46385.53,CARD,SUCCESS,2026-06-08 14:30:56.274647
T000106,C0137,M0011,11892.46,NET_BANKING,SUCCESS,2026-09-02 08:23:41.428493
T000107,C0213,M0006,30401.53,WALLET,SUCCESS,2026-06-23 03:49:57.653309
T000108,C0017,M0010,46139.72,UPI,SUCCESS,2026-06-22 05:09:03.210700
T000109,C0382,M0040,6571.73,UPI,SUCCESS,2026-06-29 13:28:11.663026
T000110,C0496,M0025,24778.36,NET_BANKING,SUCCESS,2026-07-19 09:24:26.543821
T000111,C0205,M0039,43731.32,UPI,SUCCESS,2026-08-03 09:00:03.223627
T000112,C0460,M0034,6980.66,CARD,SUCCESS,2026-07-22 15:00:12.270250
T000113,C0422,M0047,45063.12,UPI,SUCCESS,2026-06-27 16:13:33.720590
T000114,C0027,M0013,47961.64,NET_BANKING,SUCCESS,2026-07-05 12:16:22.942598
T000115,C0478,M0037,5239.03,NET_BANKING,SUCCESS,2026-08-21 00:39:23.713321
T000116,C0089,M0049,43589.49,WALLET,FAILED,2026-08-12 08:44:26.106801
T000117,C0225,M0021,22536.8,CARD,FAILED,2026-07-11 22:17:27.715820
T000118,C0213,M0020,47633.49,UPI,PENDING,2026-07-29 07:09:51.169515
T000119,C0353,M0003,7495.57,CARD,SUCCESS,2026-08-04 14:47:31.823912
T000120,C0125,M0035,45927.91,WALLET,SUCCESS,2026-07-26 13:10:21.331140
T000121,C0086,M0017,5623.47,WALLET,SUCCESS,2026-08-15 10:45:03.995200
T000122,C0324,M0019,13952.08,WALLET,SUCCESS,2026-07-03 18:03:47.685765
T000123,C0458,M0038,21855.83,NET_BANKING,SUCCESS,2026-07-09 23:26:10.520040
T000124,C0316,M0002,29392.17,NET_BANKING,FAILED,2026-07-04 07:32:52.309964
T000125,C0397,M0016,26215.6,WALLET,SUCCESS,2026-06-10 17:20:31.988447
T000126,C0197,M0016,11555.68,WALLET,SUCCESS,2026-06-18 12:43:16.564780
T000127,C0100,M0048,15657.97,NET_BANKING,SUCCESS,2026-07-19 15:47:20.233494
T000128,C0297,M0015,20238.18,NET_BANKING,SUCCESS,2026-08-08 13:30:24.693051
T000129,C0471,M0013,33097.93,WALLET,FAILED,2026-08-25 13:53:57.702160
T000130,C0134,M0038,26632.49,CARD,SUCCESS,2026-07-02 19:43:36.647141
T000131,C0287,M0042,43895.9,CARD,SUCCESS,2026-08-27 15:08:23.268966
T000132,C0130,M0044,25098.31,NET_BANKING,SUCCESS,2026-09-04 22:01:58.375877
T000133,C0301,M0043,4685.72,NET_BANKING,SUCCESS,2026-08-02 01:03:24.145395
T000134,C0286,M0045,3593.29,CARD,SUCCESS,2026-07-08 04:39:15.835088
T000135,C0169,M0035,48070.99,NET_BANKING,SUCCESS,2026-08-27 16:49:41.730276
T000136,C0346,M0007,22489.4,UPI,SUCCESS,2026-07-01 23:20:52.088693
T000137,C0040,M0019,31214.4,UPI,SUCCESS,2026-06-22 06:09:43.521662
T000138,C0107,M0049,8596.11,CARD,SUCCESS,2026-08-25 04:23:22.632693
T000139,C0246,M0022,22983.51,WALLET,SUCCESS,2026-08-01 08:51:04.372540
T000140,C0197,M0013,1219.22,NET_BANKING,SUCCESS,2026-08-22 19:12:01.583775
T000141,C0483,M0015,6998.93,WALLET,PENDING,2026-08-01 07:06:20.087321
T000142,C0215,M0020,5115.41,NET_BANKING,SUCCESS,2026-07-31 11:27:03.680310
T000143,C0357,M0004,37420.71,UPI,SUCCESS,2026-08-04 17:41:53.922551
T000144,C0213,M0013,39584.92,WALLET,SUCCESS,2026-07-28 16:15:18.295761
T000145,C0143,M0047,17920.71,UPI,SUCCESS,2026-08-06 05:21:27.549992
T000146,C0152,M0006,38266.52,UPI,SUCCESS,2026-08-21 10:14:18.557973
T000147,C0258,M0008,19687.83,WALLET,SUCCESS,2026-07-14 16:48:01.213923
T000148,C0175,M0010,1800.69,UPI,SUCCESS,2026-07-27 17:59:46.967441
T000149,C0015,M0045,15726.94,NET_BANKING,SUCCESS,2026-08-25 17:43:27.643101
T000150,C0064,M0016,27595.94,CARD,SUCCESS,2026-06-15 21:05:11.192819
T000151,C0035,M0001,42378.89,NET_BANKING,SUCCESS,2026-08-11 09:34:15.856039
T000152,C0402,M0037,23816.19,UPI,SUCCESS,2026-06-25 22:12:14.792556
T000153,C0448,M0028,12106.3,UPI,SUCCESS,2026-07-02 07:10:01.466544
T000154,C0172,M0033,29465.77,UPI,SUCCESS,2026-07-14 07:09:30.496788
T000155,C0127,M0028,11634.5,UPI,PENDING,2026-06-27 23:27:37.658359
T000156,C0319,M0045,41473.33,UPI,SUCCESS,2026-07-30 18:47:25.755543
T000157,C0340,M0017,32224.67,WALLET,SUCCESS,2026-08-09 20:46:59.561165
T000158,C0381,M0017,18678.38,CARD,SUCCESS,2026-06-18 09:02:24.766628
T000159,C0147,M0046,5180.55,WALLET,PENDING,2026-06-17 16:26:47.544015
T000160,C0313,M0004,30303.26,NET_BANKING,SUCCESS,2026-07-07 00:23:02.624412
T000161,C0130,M0030,49686.71,UPI,SUCCESS,2026-09-05 02:43:18.866225
T000162,C0333,M0001,15671.79,CARD,SUCCESS,2026-08-25 07:03:16.199552
T000163,C0173,M0013,30816.33,NET_BANKING,SUCCESS,2026-07-26 07:31:33.891733
T000164,C0352,M0012,22825.95,NET_BANKING,SUCCESS,2026-08-10 23:14:33.731950
T000165,C0413,M0040,12705.26,UPI,SUCCESS,2026-06-27 20:32:12.135784
T000166,C0348,M0047,41291.78,UPI,SUCCESS,2026-07-15 04:22:45.489610
T000167,C0196,M0050,25401.5,WALLET,SUCCESS,2026-07-01 23:29:46.442878
T000168,C0193,M0003,16528.31,UPI,SUCCESS,2026-08-04 22:51:58.115402
T000169,C0034,M0036,15672.32,UPI,SUCCESS,2026-07-13 01:13:53.598014
T000170,C0315,M0030,17920.71,CARD,FAILED,2026-09-03 08:28:50.012228
T000171,C0228,M0031,18486.89,CARD,SUCCESS,2026-08-18 08:31:02.946475
T000172,C0379,M0005,13644.62,WALLET,SUCCESS,2026-06-27 20:57:01.921713
T000173,C0108,M0002,29386.77,WALLET,SUCCESS,2026-08-15 00:54:42.421131
T000174,C0289,M0041,16773.59,WALLET,SUCCESS,2026-08-22 10:02:38.279673
T000175,C0071,M0048,40402.1,UPI,FAILED,2026-07-15 18:39:17.759097
T000176,C0385,M0041,20878.49,WALLET,SUCCESS,2026-08-01 05:21:03.242252
T000177,C0328,M0024,48671.47,UPI,SUCCESS,2026-08-01 23:59:46.386256
T000178,C0038,M0011,20958.33,CARD,SUCCESS,2026-06-15 20:40:25.893219
T000179,C0489,M0016,45050.17,UPI,SUCCESS,2026-06-17 07:54:26.692100
T000180,C0137,M0038,25622.94,WALLET,SUCCESS,2026-06-14 23:20:09.486592
T000181,C0470,M0034,13827.1,NET_BANKING,FAILED,2026-08-04 03:47:43.317410
T000182,C0007,M0047,38865.83,NET_BANKING,SUCCESS,2026-07-30 12:27:34.235916
T000183,C0478,M0028,49573.82,CARD,SUCCESS,2026-06-30 15:57:38.812631
T000184,C0306,M0020,49009.03,UPI,SUCCESS,2026-07-19 22:52:15.140532
T000185,C0451,M0006,18517.4,NET_BANKING,FAILED,2026-08-12 20:54:48.607213
T000186,C0281,M0015,46522.48,WALLET,SUCCESS,2026-08-17 18:07:09.375836
T000187,C0451,M0046,27717.26,CARD,SUCCESS,2026-08-16 16:31:58.130765
T000188,C0365,M0025,44169.13,WALLET,SUCCESS,2026-07-12 02:13:32.708586
T000189,C0185,M0035,38102.81,CARD,SUCCESS,2026-08-16 05:15:26.688100
T000190,C0475,M0014,28330.22,CARD,SUCCESS,2026-09-05 07:55:11.172354
T000191,C0014,M0049,40347.35,NET_BANKING,PENDING,2026-08-07 11:13:59.653687
T000192,C0303,M0007,29972.48,UPI,SUCCESS,2026-07-31 05:57:40.255567
T000193,C0161,M0012,7859.15,WALLET,SUCCESS,2026-08-27 15:50:59.749432
T000194,C0103,M0046,19122.57,CARD,SUCCESS,2026-06-19 02:15:10.133895
T000195,C0067,M0043,20908.25,NET_BANKING,SUCCESS,2026-07-19 07:20:12.231684
T000196,C0349,M0027,7936.67,UPI,SUCCESS,2026-08-27 20:24:35.278302
T000197,C0268,M0013,29938.73,CARD,FAILED,2026-07-17 03:37:32.002157
T000198,C0006,M0043,17515.81,WALLET,SUCCESS,2026-07-16 11:46:45.911922
T000199,C0188,M0039,16539.62,UPI,SUCCESS,2026-07-16 10:56:53.474998
T000200,C0016,M0019,9594.68,UPI,SUCCESS,2026-07-20 23:28:14.949139
T000201,C0221,M0046,36711.57,CARD,SUCCESS,2026-08-20 03:47:29.050884
T000202,C0240,M0033,19463.93,WALLET,SUCCESS,2026-06-20 22:13:03.969085
T000203,C0415,M0019,30161.92,NET_BANKING,FAILED,2026-08-24 03:13:23.470337
T000204,C0337,M0031,45966.32,UPI,SUCCESS,2026-08-31 04:15:14.926008
T000205,C0106,M0011,123.84,CARD,SUCCESS,2026-06-10 21:37:56.405548
T000206,C0436,M0010,10993.19,NET_BANKING,SUCCESS,2026-09-03 16:04:02.425668
T000207,C0499,M0016,43239.8,WALLET,SUCCESS,2026-08-02 02:02:19.000246
T000208,C0039,M0002,38260.4,NET_BANKING,SUCCESS,2026-07-09 00:40:39.119164
T000209,C0275,M0015,18789.68,NET_BANKING,SUCCESS,2026-08-01 05:25:52.868054
T000210,C0430,M0040,19425.86,WALLET,SUCCESS,2026-08-17 16:39:56.950486
T000211,C0386,M0018,10030.41,UPI,SUCCESS,2026-09-02 18:16:49.715858
T000212,C0163,M0050,12570.35,NET_BANKING,SUCCESS,2026-06-30 18:39:52.117808
T000213,C0262,M0050,47247.09,NET_BANKING,SUCCESS,2026-09-05 14:53:25.648609
T000214,C0166,M0028,5523.14,WALLET,SUCCESS,2026-06-23 00:53:44.388177
T000215,C0196,M0043,17236.64,NET_BANKING,PENDING,2026-06-16 11:25:36.999659
T000216,C0431,M0020,35808.59,CARD,SUCCESS,2026-07-06 02:28:08.960993
T000217,C0004,M0004,6366.68,WALLET,SUCCESS,2026-06-18 06:00:14.715107
T000218,C0314,M0027,17511.54,UPI,SUCCESS,2026-08-11 05:24:29.662755
T000219,C0381,M0010,23198.08,NET_BANKING,SUCCESS,2026-07-13 01:27:49.661151
T000220,C0319,M0031,14431.43,UPI,FAILED,2026-06-12 03:58:05.712133
T000221,C0340,M0049,20774.07,CARD,SUCCESS,2026-08-26 03:05:09.643323
T000222,C0117,M0021,13348.91,CARD,FAILED,2026-07-11 11:06:49.772401
T000223,C0394,M0016,29384.71,UPI,SUCCESS,2026-08-26 02:45:12.478455
T000224,C0257,M0011,37935.72,CARD,SUCCESS,2026-06-09 16:44:26.622885
T000225,C0461,M0039,22732.75,WALLET,SUCCESS,2026-06-20 10:12:05.354445
T000226,C0469,M0021,10380.88,CARD,SUCCESS,2026-08-08 11:03:24.949947
T000227,C0434,M0034,12530.7,NET_BANKING,SUCCESS,2026-09-03 07:05:36.597189
T000228,C0066,M0043,6496.65,UPI,SUCCESS,2026-06-09 05:46:23.766026
T000229,C0351,M0028,45944.58,WALLET,SUCCESS,2026-06-09 10:34:51.976991
T000230,C0058,M0001,33267.81,UPI,SUCCESS,2026-06-17 17:26:09.387266
T000231,C0082,M0001,1650.36,UPI,FAILED,2026-08-12 18:25:12.279377
T000232,C0193,M0021,32787.78,CARD,SUCCESS,2026-08-22 15:00:43.622429
T000233,C0393,M0005,20240.81,UPI,SUCCESS,2026-06-25 22:46:58.534228
T000234,C0026,M0011,16742.02,NET_BANKING,SUCCESS,2026-09-01 05:12:57.139793
T000235,C0252,M0022,454.69,WALLET,SUCCESS,2026-08-11 09:33:41.995822
T000236,C0024,M0024,49509.96,UPI,SUCCESS,2026-08-13 06:08:21.194732
T000237,C0275,M0049,31712.67,WALLET,FAILED,2026-06-11 19:59:27.479378
T000238,C0003,M0027,4547.45,NET_BANKING,SUCCESS,2026-08-28 23:51:52.645179
T000239,C0102,M0021,20744.36,WALLET,SUCCESS,2026-07-13 11:17:35.271544
T000240,C0292,M0023,21281.72,NET_BANKING,FAILED,2026-08-21 03:43:08.885502
T000241,C0386,M0028,47588.7,CARD,SUCCESS,2026-07-07 00:00:12.627781
T000242,C0483,M0049,45602.77,NET_BANKING,SUCCESS,2026-08-04 02:56:59.779727
T000243,C0464,M0032,5226.43,CARD,FAILED,2026-06-19 23:08:34.182589
T000244,C0232,M0031,12078.77,NET_BANKING,SUCCESS,2026-08-04 09:15:08.375521
T000245,C0445,M0015,17634.2,NET_BANKING,SUCCESS,2026-06-10 19:14:42.464319
T000246,C0155,M0032,12188.94,CARD,SUCCESS,2026-06-26 16:47:23.730769
T000247,C0148,M0049,17018.76,UPI,SUCCESS,2026-06-09 21:56:23.626823
T000248,C0374,M0011,17601.79,CARD,FAILED,2026-07-18 19:55:43.509958
T000249,C0089,M0044,29503.19,WALLET,SUCCESS,2026-07-26 05:10:24.702514
T000250,C0264,M0014,17117.46,UPI,SUCCESS,2026-08-03 18:48:55.578418
T000251,C0395,M0034,18543.7,CARD,SUCCESS,2026-08-01 23:35:28.358884
T000252,C0209,M0026,22711.44,UPI,SUCCESS,2026-07-01 04:59:45.474456
T000253,C0414,M0012,3298.84,UPI,PENDING,2026-07-24 04:30:42.882154
T000254,C0021,M0044,34878.2,UPI,SUCCESS,2026-07-05 07:09:59.453623
T000255,C0468,M0009,21604.38,CARD,SUCCESS,2026-06-23 02:21:47.018685
T000256,C0358,M0022,6112.7,WALLET,SUCCESS,2026-07-30 19:53:31.854416
T000257,C0397,M0030,35863.08,WALLET,FAILED,2026-08-10 03:19:30.066346
T000258,C0276,M0034,25269.27,WALLET,SUCCESS,2026-07-17 12:24:20.796510
T000259,C0008,M0023,41776.14,UPI,SUCCESS,2026-08-14 03:53:06.709008
T000260,C0189,M0016,24326.4,NET_BANKING,FAILED,2026-07-09 08:26:25.634357
T000261,C0207,M0018,49340.31,CARD,SUCCESS,2026-07-23 11:22:32.270983
T000262,C0074,M0010,17226.67,NET_BANKING,SUCCESS,2026-08-05 18:54:51.111478
T000263,C0429,M0019,16960.84,UPI,FAILED,2026-08-23 11:40:34.496155
T000264,C0497,M0039,41798.09,CARD,SUCCESS,2026-08-13 07:36:48.430325
T000265,C0224,M0019,2730.63,NET_BANKING,SUCCESS,2026-08-27 19:04:56.943639
T000266,C0175,M0050,31169.75,WALLET,SUCCESS,2026-07-24 13:51:08.501147
T000267,C0096,M0007,26175.89,CARD,SUCCESS,2026-07-19 08:05:21.830118
T000268,C0404,M0011,21986.73,CARD,SUCCESS,2026-06-17 02:46:23.491563
T000269,C0086,M0018,31804.34,NET_BANKING,SUCCESS,2026-09-04 15:18:08.966957
T000270,C0440,M0003,2039.4,CARD,SUCCESS,2026-06-27 10:29:56.518115
T000271,C0441,M0018,25790.71,CARD,SUCCESS,2026-06-21 22:44:24.330811
T000272,C0250,M0012,43205.88,CARD,SUCCESS,2026-08-31 20:39:26.660818
T000273,C0256,M0021,1635.83,CARD,SUCCESS,2026-07-19 17:16:06.207333
T000274,C0429,M0023,36054.56,CARD,SUCCESS,2026-07-27 23:06:21.139512
T000275,C0232,M0026,14953.67,NET_BANKING,SUCCESS,2026-08-26 20:45:00.516503
T000276,C0483,M0025,2515.99,WALLET,SUCCESS,2026-08-06 11:08:27.290521
T000277,C0433,M0007,21904.69,WALLET,SUCCESS,2026-06-28 19:07:04.890966
T000278,C0174,M0027,42194.24,UPI,PENDING,2026-07-24 05:04:02.532039
T000279,C0325,M0011,24806.57,UPI,FAILED,2026-07-22 10:21:26.684791
T000280,C0221,M0018,25946.66,WALLET,SUCCESS,2026-07-11 22:48:40.679116
T000281,C0398,M0009,30193.37,CARD,SUCCESS,2026-07-22 10:54:25.014739
T000282,C0177,M0010,16254.11,WALLET,SUCCESS,2026-07-16 05:26:55.592624
T000283,C0468,M0004,48737.99,WALLET,SUCCESS,2026-08-22 00:38:21.975890
T000284,C0076,M0040,26142.28,UPI,SUCCESS,2026-06-27 00:04:26.978357
T000285,C0015,M0038,29724.35,UPI,SUCCESS,2026-07-30 23:59:19.292919
T000286,C0467,M0035,43163.6,UPI,SUCCESS,2026-07-26 19:51:24.978284
T000287,C0397,M0040,31611.05,NET_BANKING,SUCCESS,2026-08-06 23:17:18.660039
T000288,C0055,M0011,27225.08,UPI,SUCCESS,2026-07-28 06:09:12.678015
T000289,C0297,M0009,39964.2,WALLET,SUCCESS,2026-08-16 06:45:48.005648
T000290,C0108,M0023,35036.9,UPI,SUCCESS,2026-09-05 16:49:25.896483
T000291,C0401,M0041,45230.68,UPI,SUCCESS,2026-06-15 01:58:02.252162
T000292,C0435,M0009,43990.36,UPI,SUCCESS,2026-06-25 01:08:02.704517
T000293,C0187,M0029,2020.07,NET_BANKING,FAILED,2026-07-10 21:36:38.079375
T000294,C0098,M0034,27879.38,WALLET,PENDING,2026-07-09 16:32:47.968655
T000295,C0064,M0037,20927.55,CARD,SUCCESS,2026-06-10 22:14:20.269922
T000296,C0472,M0043,49057.34,WALLET,SUCCESS,2026-08-13 18:20:11.566149
T000297,C0421,M0029,36024.48,CARD,SUCCESS,2026-07-26 01:45:47.235746
T000298,C0054,M0021,32720.8,NET_BANKING,SUCCESS,2026-06-10 13:41:54.454064
T000299,C0150,M0031,24125.67,NET_BANKING,FAILED,2026-06-26 01:25:55.082806
T000300,C0385,M0016,29466.79,NET_BANKING,SUCCESS,2026-08-08 16:54:08.354189
T000301,C0270,M0047,49448.38,WALLET,SUCCESS,2026-06-25 06:15:29.351743
T000302,C0432,M0027,11162.76,NET_BANKING,SUCCESS,2026-08-24 06:01:10.586859
T000303,C0252,M0046,29870.11,WALLET,SUCCESS,2026-08-09 11:13:11.975502
T000304,C0075,M0033,10598.04,NET_BANKING,SUCCESS,2026-07-05 06:45:16.971004
T000305,C0301,M0014,33242.22,WALLET,SUCCESS,2026-07-12 01:17:00.006798
T000306,C0429,M0020,21425.9,NET_BANKING,SUCCESS,2026-06-10 16:14:57.566435
T000307,C0236,M0023,3162.58,CARD,SUCCESS,2026-08-04 00:10:51.331133
T000308,C0437,M0038,45294.01,CARD,SUCCESS,2026-07-21 07:22:51.240730
T000309,C0437,M0012,19952.25,WALLET,SUCCESS,2026-06-16 17:24:58.724551
T000310,C0008,M0009,12421.25,CARD,SUCCESS,2026-06-18 19:10:08.304577
T000311,C0279,M0022,32142.98,UPI,SUCCESS,2026-07-18 18:31:07.472816
T000312,C0174,M0008,42601.46,WALLET,SUCCESS,2026-08-22 05:37:18.735869
T000313,C0341,M0030,18349.56,WALLET,FAILED,2026-08-21 21:51:11.904498
T000314,C0041,M0037,8450.96,WALLET,SUCCESS,2026-09-02 23:23:21.310811
T000315,C0032,M0047,9926.56,CARD,SUCCESS,2026-08-09 05:05:58.893130
T000316,C0137,M0010,47576.99,CARD,SUCCESS,2026-06-28 01:56:05.711320
T000317,C0360,M0035,20799.73,CARD,SUCCESS,2026-06-27 05:56:16.590461
T000318,C0222,M0046,47613.23,NET_BANKING,SUCCESS,2026-07-15 02:21:26.220714
T000319,C0202,M0020,20656.5,WALLET,SUCCESS,2026-06-23 03:13:12.301665
T000320,C0322,M0036,5458.26,NET_BANKING,SUCCESS,2026-08-27 19:04:14.118978
T000321,C0144,M0050,24711.07,WALLET,SUCCESS,2026-09-05 08:32:47.006052
T000322,C0450,M0029,3636.11,NET_BANKING,SUCCESS,2026-06-28 12:59:37.387094
T000323,C0457,M0047,1268.36,NET_BANKING,SUCCESS,2026-08-13 18:02:32.917096
T000324,C0036,M0048,33356.85,NET_BANKING,SUCCESS,2026-08-06 22:23:26.128643
T000325,C0162,M0002,13876.21,CARD,SUCCESS,2026-06-18 03:27:35.112308
T000326,C0446,M0012,26615.31,UPI,SUCCESS,2026-07-27 00:55:06.710290
T000327,C0404,M0032,2237.61,WALLET,SUCCESS,2026-08-10 03:17:28.051165
T000328,C0067,M0029,20557.88,WALLET,SUCCESS,2026-08-13 02:23:29.790367
T000329,C0395,M0030,1131.25,CARD,SUCCESS,2026-08-19 02:11:33.745530
T000330,C0036,M0039,27978.45,WALLET,SUCCESS,2026-08-08 02:49:48.874813
T000331,C0160,M0040,27189.87,CARD,SUCCESS,2026-06-19 03:25:34.762816
T000332,C0089,M0048,11678.08,UPI,FAILED,2026-06-13 23:46:47.252534
T000333,C0137,M0037,45334.1,WALLET,FAILED,2026-08-27 03:38:03.927272
T000334,C0217,M0045,29138.59,UPI,FAILED,2026-06-20 01:26:39.718102
T000335,C0061,M0038,15586.09,UPI,FAILED,2026-08-06 14:55:01.579101
T000336,C0375,M0020,13062.42,NET_BANKING,SUCCESS,2026-07-05 17:48:45.988812
T000337,C0119,M0003,32126.28,UPI,SUCCESS,2026-07-07 03:07:49.469516
T000338,C0043,M0008,12595.37,WALLET,SUCCESS,2026-08-17 01:21:46.837157
T000339,C0055,M0013,30194.76,CARD,SUCCESS,2026-06-11 03:10:51.309466
T000340,C0083,M0001,11194.94,CARD,SUCCESS,2026-06-29 19:33:23.310759
T000341,C0049,M0050,2821.07,NET_BANKING,SUCCESS,2026-09-03 18:25:55.232549
T000342,C0215,M0038,46658.86,UPI,SUCCESS,2026-06-11 14:46:10.162147
T000343,C0380,M0045,45731.39,WALLET,SUCCESS,2026-07-09 12:40:32.309802
T000344,C0019,M0008,4559.94,NET_BANKING,SUCCESS,2026-07-13 19:37:30.161717
T000345,C0234,M0010,41845.35,CARD,SUCCESS,2026-06-23 23:27:04.927970
T000346,C0301,M0010,10933.09,UPI,SUCCESS,2026-07-26 16:32:19.623305
T000347,C0397,M0007,26307.71,WALLET,SUCCESS,2026-08-15 12:49:51.588736
T000348,C0011,M0037,44891.79,WALLET,SUCCESS,2026-07-29 10:13:36.432512
T000349,C0312,M0012,39998.32,UPI,SUCCESS,2026-08-01 22:35:11.181539
T000350,C0489,M0046,15337.86,CARD,SUCCESS,2026-06-26 07:48:46.594747
T000351,C0252,M0023,38269.9,UPI,SUCCESS,2026-07-31 03:49:13.961472
T000352,C0272,M0044,1141.84,WALLET,SUCCESS,2026-08-10 13:37:00.222483
T000353,C0459,M0009,13487.66,UPI,SUCCESS,2026-08-26 07:38:08.340942
T000354,C0013,M0039,46658.25,UPI,SUCCESS,2026-07-26 06:52:47.059707
T000355,C0334,M0018,18906.63,NET_BANKING,SUCCESS,2026-06-26 03:24:37.196517
T000356,C0221,M0001,18040.21,UPI,SUCCESS,2026-07-11 01:21:28.146708
T000357,C0025,M0014,29844.39,WALLET,SUCCESS,2026-06-13 18:27:02.067379
T000358,C0068,M0009,26960.64,NET_BANKING,SUCCESS,2026-07-15 22:42:25.139620
T000359,C0118,M0033,31800.96,UPI,FAILED,2026-06-22 18:26:34.647809
T000360,C0463,M0034,11018.57,WALLET,SUCCESS,2026-06-24 03:18:46.985112
T000361,C0291,M0024,42968.01,NET_BANKING,FAILED,2026-07-14 03:43:07.792734
T000362,C0145,M0014,17028.59,WALLET,SUCCESS,2026-08-06 16:24:46.621923
T000363,C0485,M0006,37359.65,CARD,SUCCESS,2026-08-17 02:33:52.790236
T000364,C0290,M0003,23201.57,NET_BANKING,SUCCESS,2026-07-13 14:05:07.000846
T000365,C0241,M0006,27638.8,WALLET,SUCCESS,2026-08-30 03:48:36.371964
T000366,C0388,M0038,48499.67,UPI,SUCCESS,2026-08-01 17:57:57.470991
T000367,C0051,M0029,1580.25,CARD,SUCCESS,2026-08-09 08:44:26.648095
T000368,C0311,M0026,29057.03,WALLET,SUCCESS,2026-08-31 20:48:42.101653
T000369,C0419,M0024,20772.69,NET_BANKING,SUCCESS,2026-07-25 21:38:56.443559
T000370,C0449,M0009,9604.04,NET_BANKING,SUCCESS,2026-08-07 01:02:08.031481
T000371,C0233,M0015,41045.63,WALLET,SUCCESS,2026-07-10 03:42:10.243887
T000372,C0308,M0003,42499.42,CARD,SUCCESS,2026-06-20 04:30:19.638574
T000373,C0011,M0047,37343.07,NET_BANKING,FAILED,2026-06-20 06:25:06.678543
T000374,C0349,M0035,7432.11,CARD,SUCCESS,2026-07-28 06:31:49.202519
T000375,C0480,M0048,15266.02,NET_BANKING,FAILED,2026-07-28 08:38:08.008489
T000376,C0349,M0044,5961.73,NET_BANKING,SUCCESS,2026-06-09 09:22:58.633456
T000377,C0007,M0019,6423.36,WALLET,SUCCESS,2026-07-08 02:34:38.055312
T000378,C0143,M0012,20950.28,CARD,SUCCESS,2026-07-17 04:31:51.319102
T000379,C0009,M0022,42892.17,CARD,SUCCESS,2026-08-29 17:49:24.710498
T000380,C0444,M0018,12509.55,WALLET,SUCCESS,2026-07-09 13:21:25.599216
T000381,C0383,M0027,36896.74,CARD,PENDING,2026-07-24 10:07:09.238073
T000382,C0152,M0024,21102.97,CARD,SUCCESS,2026-06-14 14:19:52.062610
T000383,C0436,M0041,46655.53,UPI,SUCCESS,2026-06-26 08:13:00.493081
T000384,C0284,M0043,33156.42,NET_BANKING,SUCCESS,2026-06-26 19:51:20.373662
T000385,C0402,M0037,26593.74,UPI,SUCCESS,2026-06-30 12:34:34.583274
T000386,C0434,M0039,12810.86,WALLET,PENDING,2026-07-08 03:28:38.411204
T000387,C0467,M0021,24302.79,WALLET,SUCCESS,2026-08-12 01:53:39.975157
T000388,C0006,M0046,44535.44,WALLET,FAILED,2026-07-25 01:33:12.676599
T000389,C0464,M0012,36255.59,UPI,SUCCESS,2026-07-20 22:17:33.439983
T000390,C0180,M0003,4743.72,NET_BANKING,PENDING,2026-07-03 05:06:36.652450
T000391,C0236,M0048,25394.12,NET_BANKING,SUCCESS,2026-07-03 20:02:35.818265
T000392,C0383,M0045,17508.35,WALLET,SUCCESS,2026-08-31 09:32:59.776227
T000393,C0127,M0049,34747.68,UPI,SUCCESS,2026-08-11 21:51:47.687739
T000394,C0362,M0034,22970.05,WALLET,SUCCESS,2026-07-07 06:22:21.971752
T000395,C0168,M0004,45951.25,CARD,SUCCESS,2026-07-16 17:37:45.147818
T000396,C0416,M0023,38810.51,UPI,SUCCESS,2026-07-21 22:53:46.188791
T000397,C0218,M0050,35498.2,NET_BANKING,SUCCESS,2026-08-12 18:52:26.891807
T000398,C0418,M0040,18455.56,CARD,SUCCESS,2026-06-20 11:23:06.824916
T000399,C0299,M0043,22338.58,CARD,SUCCESS,2026-09-04 08:06:21.454585
T000400,C0124,M0044,4171.39,CARD,SUCCESS,2026-07-03 19:19:37.950655
T000401,C0129,M0031,39155.53,WALLET,SUCCESS,2026-08-06 05:01:21.660751
T000402,C0263,M0038,21088.1,CARD,SUCCESS,2026-09-01 16:52:54.311767
T000403,C0304,M0005,46585.44,UPI,SUCCESS,2026-08-24 22:58:13.090914
T000404,C0387,M0036,24383.79,WALLET,SUCCESS,2026-08-11 05:26:10.597381
T000405,C0458,M0038,9110.36,WALLET,SUCCESS,2026-08-03 07:36:01.045856
T000406,C0096,M0010,33984.82,UPI,SUCCESS,2026-08-10 23:39:13.557992
T000407,C0082,M0035,41109.98,NET_BANKING,SUCCESS,2026-08-04 18:55:49.378402
T000408,C0483,M0033,44532.27,CARD,SUCCESS,2026-06-30 20:39:58.488095
T000409,C0004,M0021,15083.45,NET_BANKING,PENDING,2026-07-11 08:30:32.732862
T000410,C0196,M0048,10470.42,WALLET,SUCCESS,2026-07-22 01:22:48.677666
T000411,C0300,M0031,21784.43,WALLET,SUCCESS,2026-06-25 04:14:49.554539
T000412,C0121,M0028,7781.78,UPI,SUCCESS,2026-08-28 09:06:23.881999
T000413,C0443,M0043,31936.55,UPI,SUCCESS,2026-06-11 19:51:50.462336
T000414,C0117,M0013,33305.78,UPI,FAILED,2026-07-09 20:57:36.270640
T000415,C0443,M0036,15843.67,NET_BANKING,SUCCESS,2026-07-31 09:48:24.004993
T000416,C0053,M0017,27113.73,NET_BANKING,SUCCESS,2026-08-16 13:58:17.078217
T000417,C0040,M0049,1538.05,CARD,SUCCESS,2026-08-15 18:11:06.103485
T000418,C0275,M0027,43223.42,UPI,SUCCESS,2026-06-16 10:21:48.919808
T000419,C0241,M0013,12902.34,NET_BANKING,SUCCESS,2026-08-09 06:26:43.550824
T000420,C0117,M0049,48018.17,CARD,SUCCESS,2026-06-12 06:15:03.899353
T000421,C0406,M0031,48402.03,CARD,SUCCESS,2026-07-13 04:38:57.024434
T000422,C0302,M0049,40313.1,NET_BANKING,FAILED,2026-06-28 23:27:08.621921
T000423,C0199,M0035,26565.5,UPI,SUCCESS,2026-08-23 18:57:52.348392
T000424,C0476,M0038,44324.41,WALLET,SUCCESS,2026-06-14 01:40:20.655477
T000425,C0438,M0009,29922.31,CARD,SUCCESS,2026-08-04 20:37:00.912429
T000426,C0094,M0024,20677.28,NET_BANKING,SUCCESS,2026-07-16 14:15:56.594270
T000427,C0055,M0024,4665.39,UPI,SUCCESS,2026-07-14 20:27:04.019778
T000428,C0255,M0027,11517.54,NET_BANKING,SUCCESS,2026-06-17 12:29:13.873522
T000429,C0116,M0013,17847.76,CARD,SUCCESS,2026-06-23 18:31:43.047800
T000430,C0370,M0040,2374.31,UPI,SUCCESS,2026-08-26 13:05:23.617057
T000431,C0291,M0043,20608.95,UPI,SUCCESS,2026-06-21 15:37:33.172769
T000432,C0468,M0044,37679.81,UPI,PENDING,2026-06-27 16:31:40.960877
T000433,C0296,M0011,32955.96,UPI,SUCCESS,2026-08-25 01:28:08.673319
T000434,C0024,M0022,1326.03,CARD,SUCCESS,2026-06-20 04:54:24.712089
T000435,C0061,M0037,11524.65,WALLET,SUCCESS,2026-07-11 14:25:18.529716
T000436,C0185,M0035,17890.93,NET_BANKING,SUCCESS,2026-09-01 01:22:47.509540
T000437,C0308,M0002,34671.26,NET_BANKING,SUCCESS,2026-07-30 13:04:36.766066
T000438,C0292,M0018,28812.43,CARD,SUCCESS,2026-06-16 16:17:17.379135
T000439,C0258,M0026,9345.16,NET_BANKING,SUCCESS,2026-08-21 15:56:27.258692
T000440,C0074,M0007,11669.01,NET_BANKING,SUCCESS,2026-08-11 19:11:49.490892
T000441,C0237,M0032,32016.29,CARD,PENDING,2026-06-24 02:33:16.820259
T000442,C0101,M0007,16172.91,CARD,SUCCESS,2026-06-10 23:56:41.100414
T000443,C0091,M0002,30896.08,UPI,PENDING,2026-08-28 23:53:38.811834
T000444,C0263,M0042,44651.81,CARD,SUCCESS,2026-08-04 00:59:56.300410
T000445,C0353,M0010,49227.11,CARD,FAILED,2026-06-10 17:38:50.288730
T000446,C0270,M0013,17114.15,NET_BANKING,SUCCESS,2026-07-15 08:35:36.337356
T000447,C0228,M0020,5035.6,UPI,SUCCESS,2026-08-10 19:18:56.763139
T000448,C0442,M0045,2868.02,NET_BANKING,FAILED,2026-06-08 22:43:06.832184
T000449,C0477,M0050,37693.59,NET_BANKING,SUCCESS,2026-07-16 09:33:40.032408
T000450,C0233,M0037,9078.79,NET_BANKING,SUCCESS,2026-07-20 05:28:56.663695
T000451,C0472,M0031,46335.87,WALLET,SUCCESS,2026-07-03 08:30:01.717841
T000452,C0006,M0009,44729.96,NET_BANKING,SUCCESS,2026-08-15 15:04:28.473101
T000453,C0446,M0016,35093.94,WALLET,SUCCESS,2026-07-30 01:52:53.775115
T000454,C0010,M0002,37536.03,UPI,FAILED,2026-07-10 00:05:03.377375
T000455,C0393,M0003,19969.59,CARD,SUCCESS,2026-07-17 07:51:12.093021
T000456,C0222,M0027,26853.91,NET_BANKING,SUCCESS,2026-08-01 00:55:39.050494
T000457,C0336,M0017,27271.95,CARD,SUCCESS,2026-08-31 20:30:43.455989
T000458,C0388,M0024,13994.68,NET_BANKING,PENDING,2026-07-10 07:29:45.943518
T000459,C0001,M0046,37145.53,NET_BANKING,FAILED,2026-08-16 00:07:57.651886
T000460,C0455,M0029,36030.3,UPI,SUCCESS,2026-06-23 06:25:32.067061
T000461,C0443,M0003,8511.29,CARD,FAILED,2026-07-06 14:25:14.188407
T000462,C0126,M0025,5250.83,UPI,SUCCESS,2026-08-27 04:57:15.826144
T000463,C0090,M0013,45947.07,UPI,SUCCESS,2026-08-05 06:11:04.367916
T000464,C0016,M0018,20417.14,WALLET,SUCCESS,2026-08-08 22:26:38.599933
T000465,C0368,M0048,28397.25,WALLET,SUCCESS,2026-08-08 09:41:13.905126
T000466,C0209,M0034,46347.06,CARD,SUCCESS,2026-08-15 08:33:47.924050
T000467,C0162,M0013,40535.41,WALLET,FAILED,2026-08-11 11:44:18.545521
T000468,C0348,M0029,37109.52,NET_BANKING,SUCCESS,2026-08-13 07:34:10.137619
T000469,C0099,M0013,20826.11,WALLET,SUCCESS,2026-08-20 14:31:37.500531
T000470,C0478,M0036,41676.66,CARD,SUCCESS,2026-08-03 11:12:59.039584
T000471,C0141,M0019,20151.53,CARD,SUCCESS,2026-08-09 23:52:13.329194
T000472,C0004,M0050,39162.36,NET_BANKING,SUCCESS,2026-06-09 21:53:48.377923
T000473,C0041,M0004,26110.4,UPI,FAILED,2026-07-13 16:37:27.921599
T000474,C0119,M0038,44597.45,WALLET,SUCCESS,2026-07-13 22:44:11.255597
T000475,C0328,M0035,5028.31,NET_BANKING,SUCCESS,2026-06-08 09:32:30.227432
T000476,C0382,M0016,5369.28,NET_BANKING,SUCCESS,2026-08-06 14:10:40.117216
T000477,C0088,M0046,39864.29,CARD,SUCCESS,2026-08-05 23:35:16.966516
T000478,C0140,M0030,28918.61,NET_BANKING,SUCCESS,2026-07-02 02:30:19.913396
T000479,C0273,M0010,1063.96,NET_BANKING,SUCCESS,2026-07-13 03:59:41.333457
T000480,C0402,M0035,42572.26,WALLET,SUCCESS,2026-07-04 22:16:51.103708
T000481,C0216,M0004,29037.57,CARD,SUCCESS,2026-06-30 04:27:53.486687
T000482,C0498,M0018,4501.78,WALLET,SUCCESS,2026-08-10 14:28:39.828564
T000483,C0180,M0008,12313.32,UPI,SUCCESS,2026-07-04 07:59:24.956068
T000484,C0009,M0032,29820.97,WALLET,SUCCESS,2026-07-02 22:31:50.668611
T000485,C0113,M0040,32093.25,CARD,SUCCESS,2026-07-04 01:48:23.443988
T000486,C0344,M0048,46313.04,UPI,SUCCESS,2026-07-25 00:56:42.340524
T000487,C0454,M0023,38395.75,UPI,FAILED,2026-08-30 15:48:20.948841
T000488,C0173,M0037,9004.92,CARD,SUCCESS,2026-07-03 10:02:54.084513
T000489,C0094,M0038,9742.62,CARD,FAILED,2026-08-01 06:44:31.617682
T000490,C0122,M0049,9691.01,NET_BANKING,FAILED,2026-07-31 05:51:40.774283
T000491,C0060,M0038,10143.74,UPI,SUCCESS,2026-08-18 04:42:20.512860
T000492,C0489,M0015,42750.64,WALLET,SUCCESS,2026-07-26 09:47:32.771957
T000493,C0003,M0024,27940.67,UPI,SUCCESS,2026-07-12 03:43:46.985093
T000494,C0320,M0036,44278.39,NET_BANKING,SUCCESS,2026-07-27 12:40:27.385520
T000495,C0220,M0002,43331.4,UPI,SUCCESS,2026-08-08 16:11:01.167413
T000496,C0319,M0016,21231.72,NET_BANKING,SUCCESS,2026-07-11 13:19:22.167851
T000497,C0207,M0047,16963.58,NET_BANKING,FAILED,2026-06-21 13:52:10.960645
T000498,C0320,M0028,19648.79,WALLET,SUCCESS,2026-07-04 14:28:27.628854
T000499,C0010,M0033,33813.18,UPI,SUCCESS,2026-08-09 17:32:36.982414
T000500,C0177,M0027,40859.13,NET_BANKING,SUCCESS,2026-07-11 09:20:27.246631
T000501,C0310,M0018,1916.59,NET_BANKING,SUCCESS,2026-06-19 08:26:24.189610
T000502,C0017,M0025,11979.72,CARD,SUCCESS,2026-09-04 11:26:58.640908
T000503,C0431,M0032,11890.04,CARD,SUCCESS,2026-08-11 23:09:50.977285
T000504,C0038,M0023,7133.54,UPI,SUCCESS,2026-07-24 18:57:06.119961
T000505,C0105,M0027,19062.17,UPI,SUCCESS,2026-09-01 07:25:28.435343
T000506,C0216,M0045,35922.86,CARD,SUCCESS,2026-08-06 09:01:54.522051
T000507,C0409,M0025,40996.55,NET_BANKING,SUCCESS,2026-08-18 03:53:38.611763
T000508,C0403,M0041,23378.93,WALLET,PENDING,2026-06-30 15:15:21.132421
T000509,C0476,M0004,23755.15,UPI,SUCCESS,2026-06-15 09:45:57.095026
T000510,C0230,M0036,42661.23,NET_BANKING,SUCCESS,2026-08-04 23:12:18.304938
T000511,C0303,M0033,2920.05,CARD,SUCCESS,2026-08-12 09:39:56.481585
T000512,C0354,M0048,29291.33,CARD,SUCCESS,2026-09-02 10:09:11.364970
T000513,C0189,M0002,12550.64,WALLET,SUCCESS,2026-07-19 23:25:22.193467
T000514,C0148,M0007,18176.27,UPI,FAILED,2026-06-09 14:41:14.977318
T000515,C0400,M0037,21012.28,UPI,SUCCESS,2026-08-08 22:03:18.361622
T000516,C0095,M0029,31164.9,NET_BANKING,FAILED,2026-06-21 13:50:03.692111
T000517,C0268,M0025,10628.05,NET_BANKING,FAILED,2026-06-12 20:12:48.874681
T000518,C0204,M0006,4259.05,WALLET,SUCCESS,2026-07-01 03:31:13.336390
T000519,C0125,M0035,33635.48,WALLET,SUCCESS,2026-09-04 18:57:41.670763
T000520,C0209,M0044,33598.1,WALLET,SUCCESS,2026-07-14 11:29:05.784785
T000521,C0043,M0013,27136.09,NET_BANKING,SUCCESS,2026-07-21 07:54:58.558848
T000522,C0340,M0014,20653.75,UPI,SUCCESS,2026-08-28 21:38:09.620239
T000523,C0189,M0015,18027.85,CARD,SUCCESS,2026-06-17 10:17:40.849343
T000524,C0260,M0021,25674.35,WALLET,SUCCESS,2026-07-10 04:59:00.299568
T000525,C0383,M0002,46895.97,WALLET,FAILED,2026-07-23 01:21:57.465686
T000526,C0248,M0041,27650.09,UPI,SUCCESS,2026-06-17 18:00:37.346518
T000527,C0346,M0029,28381.77,WALLET,SUCCESS,2026-08-03 06:06:39.915660
T000528,C0311,M0003,32308.74,NET_BANKING,SUCCESS,2026-07-09 22:04:02.111855
T000529,C0494,M0018,45919.86,CARD,SUCCESS,2026-06-28 07:09:18.930270
T000530,C0210,M0042,20649.42,UPI,SUCCESS,2026-09-02 07:51:19.545425
T000531,C0396,M0002,48315.19,CARD,FAILED,2026-06-17 06:07:42.965438
T000532,C0489,M0029,44441.32,CARD,SUCCESS,2026-08-25 23:14:50.148874
T000533,C0443,M0044,37101.35,UPI,SUCCESS,2026-07-26 05:22:40.108086
T000534,C0260,M0022,41272.65,WALLET,SUCCESS,2026-07-05 02:54:38.631691
T000535,C0108,M0031,16782.44,UPI,SUCCESS,2026-07-04 21:33:00.475469
T000536,C0190,M0016,36298.13,WALLET,SUCCESS,2026-07-15 03:31:28.986698
T000537,C0168,M0040,35108.24,CARD,SUCCESS,2026-08-15 15:07:41.087732
T000538,C0046,M0040,8789.1,CARD,SUCCESS,2026-06-16 12:59:20.627473
T000539,C0220,M0007,6215.46,NET_BANKING,PENDING,2026-06-22 00:20:29.678349
T000540,C0222,M0047,10425.45,UPI,SUCCESS,2026-08-23 01:19:43.088706
T000541,C0228,M0046,22753.23,NET_BANKING,SUCCESS,2026-07-21 03:04:17.540954
T000542,C0222,M0020,27187.04,WALLET,SUCCESS,2026-08-11 13:08:28.317379
T000543,C0290,M0047,38509.93,NET_BANKING,SUCCESS,2026-08-24 02:00:54.628216
T000544,C0471,M0047,41742.06,CARD,SUCCESS,2026-08-27 01:02:44.328051
T000545,C0214,M0038,48498.08,CARD,SUCCESS,2026-06-25 16:43:45.291987
T000546,C0063,M0007,21358.29,WALLET,SUCCESS,2026-07-24 22:55:40.564530
T000547,C0076,M0034,28734.22,UPI,SUCCESS,2026-08-19 20:43:04.489893
T000548,C0169,M0035,45310.95,WALLET,SUCCESS,2026-08-05 10:07:56.908571
T000549,C0241,M0005,4875.07,WALLET,SUCCESS,2026-08-09 05:04:15.642656
T000550,C0198,M0031,45942.57,CARD,SUCCESS,2026-07-12 09:50:56.521527
T000551,C0093,M0009,25994.41,WALLET,PENDING,2026-07-08 19:02:58.658275
T000552,C0010,M0032,18551.69,NET_BANKING,SUCCESS,2026-06-24 15:55:00.742074
T000553,C0490,M0039,4656.13,NET_BANKING,SUCCESS,2026-06-24 07:27:36.876760
T000554,C0284,M0046,8498.07,NET_BANKING,FAILED,2026-06-22 20:54:25.567426
T000555,C0375,M0037,182.72,WALLET,SUCCESS,2026-08-18 01:16:03.704031
T000556,C0401,M0009,43980.02,NET_BANKING,SUCCESS,2026-06-13 14:46:50.804361
T000557,C0276,M0022,24023.03,UPI,SUCCESS,2026-06-20 08:56:58.151570
T000558,C0300,M0034,24384.34,NET_BANKING,SUCCESS,2026-06-25 12:48:13.929139
T000559,C0111,M0037,48078.09,CARD,SUCCESS,2026-06-08 18:34:42.135428
T000560,C0245,M0019,32499.35,CARD,SUCCESS,2026-08-18 14:59:01.182366
T000561,C0012,M0035,20227.71,UPI,SUCCESS,2026-08-21 15:22:19.222624
T000562,C0357,M0018,29275.8,UPI,SUCCESS,2026-07-03 09:24:14.999259
T000563,C0074,M0024,23274.14,CARD,SUCCESS,2026-07-23 14:10:49.923231
T000564,C0290,M0011,37995.89,UPI,SUCCESS,2026-07-08 04:46:01.960745
T000565,C0462,M0043,41648.83,CARD,SUCCESS,2026-08-28 05:17:49.292525
T000566,C0171,M0003,11022.42,UPI,SUCCESS,2026-06-09 07:16:15.939102
T000567,C0276,M0017,26192.93,UPI,SUCCESS,2026-06-16 10:42:02.864517
T000568,C0336,M0017,25746.13,NET_BANKING,SUCCESS,2026-06-12 08:12:30.210265
T000569,C0023,M0030,23719.74,NET_BANKING,SUCCESS,2026-07-31 01:20:15.254296
T000570,C0456,M0041,25501.28,NET_BANKING,SUCCESS,2026-08-31 01:56:37.209313
T000571,C0361,M0018,4772.52,WALLET,FAILED,2026-07-19 04:48:13.874500
T000572,C0077,M0032,41164.89,CARD,SUCCESS,2026-06-21 01:59:15.024269
T000573,C0165,M0016,20418.97,UPI,PENDING,2026-06-27 14:04:57.605829
T000574,C0396,M0045,13353.32,CARD,SUCCESS,2026-07-11 04:15:11.553667
T000575,C0408,M0047,13455.79,CARD,SUCCESS,2026-08-23 15:20:29.448529
T000576,C0210,M0037,12629.81,UPI,SUCCESS,2026-08-24 22:51:55.381126
T000577,C0020,M0026,10093.02,WALLET,SUCCESS,2026-09-05 07:25:57.760347
T000578,C0383,M0011,22707.52,CARD,PENDING,2026-06-24 12:37:38.087504
T000579,C0166,M0006,31795.74,NET_BANKING,SUCCESS,2026-08-26 06:03:34.318932
T000580,C0369,M0029,13742.55,CARD,SUCCESS,2026-07-25 06:21:01.674282
T000581,C0430,M0033,48619.54,CARD,SUCCESS,2026-08-20 07:13:21.362145
T000582,C0248,M0035,39120.96,WALLET,FAILED,2026-06-12 03:23:50.348035
T000583,C0078,M0013,15051.15,WALLET,PENDING,2026-06-15 22:17:03.608252
T000584,C0115,M0022,44086.9,CARD,SUCCESS,2026-08-13 14:01:05.224513
T000585,C0148,M0042,2488.09,UPI,SUCCESS,2026-08-13 22:20:59.730185
T000586,C0256,M0040,34242.19,UPI,SUCCESS,2026-08-23 03:21:10.284816
T000587,C0144,M0022,4226.82,UPI,SUCCESS,2026-06-15 17:06:15.926841
T000588,C0052,M0028,8677.26,WALLET,SUCCESS,2026-07-14 11:18:59.400582
T000589,C0018,M0012,25254.66,WALLET,SUCCESS,2026-06-28 10:01:53.923952
T000590,C0198,M0027,18208.79,WALLET,PENDING,2026-08-04 16:28:18.816691
T000591,C0047,M0030,40968.36,UPI,SUCCESS,2026-07-05 00:27:00.083502
T000592,C0061,M0050,14035.84,WALLET,FAILED,2026-07-16 04:50:37.411614
T000593,C0188,M0003,42220.79,WALLET,SUCCESS,2026-07-12 22:41:58.936802
T000594,C0154,M0046,45473.21,UPI,FAILED,2026-08-24 04:33:52.686675
T000595,C0080,M0029,16407.65,NET_BANKING,SUCCESS,2026-06-24 21:49:38.906631
T000596,C0417,M0042,33017.37,NET_BANKING,FAILED,2026-06-29 13:46:32.435017
T000597,C0130,M0045,35743.27,UPI,SUCCESS,2026-06-21 12:33:04.060003
T000598,C0125,M0033,1714.27,WALLET,SUCCESS,2026-06-29 03:47:41.801721
T000599,C0404,M0042,44266.86,UPI,SUCCESS,2026-06-23 10:56:11.825261
T000600,C0412,M0043,30929.05,NET_BANKING,SUCCESS,2026-07-30 15:27:55.454512
T000601,C0102,M0030,20751.95,WALLET,SUCCESS,2026-06-22 23:09:41.611652
T000602,C0094,M0006,26472.95,UPI,SUCCESS,2026-09-01 00:14:12.415568
T000603,C0205,M0003,41903.43,WALLET,SUCCESS,2026-06-15 13:59:18.329852
T000604,C0444,M0019,19736.72,CARD,FAILED,2026-08-08 19:47:00.265940
T000605,C0471,M0044,25844.4,NET_BANKING,FAILED,2026-09-05 14:04:26.018075
T000606,C0079,M0012,29002.87,NET_BANKING,PENDING,2026-07-22 11:12:35.709102
T000607,C0226,M0031,23628.24,WALLET,SUCCESS,2026-07-24 10:22:41.432891
T000608,C0387,M0020,39205.6,WALLET,SUCCESS,2026-06-23 00:48:28.904655
T000609,C0238,M0034,35315.68,NET_BANKING,FAILED,2026-06-20 20:50:45.686889
T000610,C0114,M0031,47150.55,UPI,FAILED,2026-08-09 11:41:18.651293
T000611,C0087,M0047,24265.9,UPI,SUCCESS,2026-08-12 17:55:26.241213
T000612,C0398,M0035,31156.25,UPI,SUCCESS,2026-06-27 23:44:20.886107
T000613,C0464,M0037,14310.34,CARD,SUCCESS,2026-07-18 00:57:53.756938
T000614,C0366,M0008,46571.08,NET_BANKING,SUCCESS,2026-08-31 13:36:02.801896
T000615,C0420,M0017,41908.09,CARD,SUCCESS,2026-06-25 23:35:09.235182
T000616,C0266,M0034,27248.77,UPI,SUCCESS,2026-06-11 07:02:15.755999
T000617,C0370,M0015,48258.86,UPI,SUCCESS,2026-06-23 11:56:06.659160
T000618,C0429,M0003,42496.57,WALLET,PENDING,2026-06-25 05:32:53.621601
T000619,C0208,M0015,27754.21,NET_BANKING,SUCCESS,2026-08-04 19:42:59.379533
T000620,C0015,M0012,41544.22,UPI,SUCCESS,2026-08-08 20:35:00.501387
T000621,C0231,M0022,19765.92,UPI,PENDING,2026-07-28 06:01:02.249452
T000622,C0005,M0031,21067.07,UPI,SUCCESS,2026-07-25 07:07:39.681638
T000623,C0046,M0009,2915.64,UPI,SUCCESS,2026-08-15 21:14:41.446301
T000624,C0302,M0016,34298.69,CARD,SUCCESS,2026-08-31 05:40:26.377993
T000625,C0032,M0008,11585.42,WALLET,SUCCESS,2026-08-22 19:56:15.315805
T000626,C0345,M0019,17874.87,NET_BANKING,FAILED,2026-08-18 03:26:04.484123
T000627,C0161,M0029,6765.73,UPI,SUCCESS,2026-06-23 06:08:02.424295
T000628,C0058,M0006,13565.08,WALLET,PENDING,2026-07-13 13:08:46.367822
T000629,C0093,M0029,8268.8,WALLET,SUCCESS,2026-07-26 22:09:44.417703
T000630,C0087,M0019,23810.67,UPI,FAILED,2026-07-17 05:10:12.800560
T000631,C0264,M0005,26916.21,CARD,SUCCESS,2026-08-05 10:28:15.154794
T000632,C0380,M0027,40389.77,CARD,SUCCESS,2026-07-28 03:05:15.042697
T000633,C0004,M0025,3434.7,WALLET,SUCCESS,2026-06-22 20:00:58.336635
T000634,C0346,M0019,4100.85,UPI,SUCCESS,2026-06-27 21:18:51.625893
T000635,C0428,M0034,13220.33,WALLET,FAILED,2026-07-29 16:31:34.528610
T000636,C0078,M0033,11523.0,NET_BANKING,SUCCESS,2026-06-10 12:33:26.699708
T000637,C0056,M0038,2277.0,WALLET,SUCCESS,2026-08-05 02:40:47.258521
T000638,C0219,M0035,26175.56,UPI,SUCCESS,2026-06-17 15:18:47.274410
T000639,C0320,M0022,33347.95,NET_BANKING,SUCCESS,2026-06-24 23:53:22.206898
T000640,C0306,M0021,23253.39,WALLET,SUCCESS,2026-08-23 06:38:59.125837
T000641,C0484,M0049,25394.41,UPI,SUCCESS,2026-08-26 15:40:34.310020
T000642,C0485,M0039,32546.22,WALLET,SUCCESS,2026-08-12 10:04:53.864410
T000643,C0344,M0036,29338.49,WALLET,SUCCESS,2026-08-11 16:36:20.851526
T000644,C0372,M0030,16716.61,WALLET,SUCCESS,2026-06-16 08:08:52.785892
T000645,C0499,M0010,49988.55,NET_BANKING,SUCCESS,2026-06-24 16:14:40.369004
T000646,C0365,M0039,21073.15,UPI,SUCCESS,2026-08-10 10:48:02.443701
T000647,C0324,M0005,23984.18,NET_BANKING,SUCCESS,2026-07-23 03:12:35.313583
T000648,C0327,M0038,6664.94,CARD,FAILED,2026-08-19 19:33:23.217500
T000649,C0394,M0008,44063.14,UPI,SUCCESS,2026-07-24 17:38:16.337773
T000650,C0282,M0034,42713.75,WALLET,SUCCESS,2026-07-30 15:49:25.756729
T000651,C0415,M0025,11639.14,UPI,SUCCESS,2026-08-16 05:59:51.613460
T000652,C0245,M0046,35743.75,NET_BANKING,FAILED,2026-07-05 23:12:54.547770
T000653,C0465,M0042,16709.63,NET_BANKING,SUCCESS,2026-08-12 14:37:15.481048
T000654,C0427,M0036,4323.49,CARD,FAILED,2026-06-29 05:50:16.692525
T000655,C0465,M0028,32904.58,CARD,SUCCESS,2026-07-18 20:14:09.016830
T000656,C0223,M0006,31661.36,NET_BANKING,FAILED,2026-07-04 20:16:02.726581
T000657,C0068,M0015,35753.87,WALLET,SUCCESS,2026-08-29 14:05:40.760459
T000658,C0328,M0047,27126.7,WALLET,SUCCESS,2026-07-20 17:24:04.320911
T000659,C0341,M0016,5665.84,UPI,SUCCESS,2026-07-09 04:28:16.151040
T000660,C0183,M0013,47197.67,WALLET,SUCCESS,2026-08-31 10:23:23.333845
T000661,C0428,M0039,33988.28,CARD,SUCCESS,2026-09-02 13:24:34.138882
T000662,C0466,M0025,21754.22,NET_BANKING,SUCCESS,2026-07-18 22:56:07.142464
T000663,C0310,M0003,12690.89,NET_BANKING,SUCCESS,2026-08-20 22:40:21.633973
T000664,C0143,M0016,2808.75,WALLET,SUCCESS,2026-06-15 21:42:42.038370
T000665,C0468,M0038,24019.81,UPI,SUCCESS,2026-06-14 05:47:40.370132
T000666,C0316,M0001,35439.05,CARD,SUCCESS,2026-07-07 01:59:00.315180
T000667,C0279,M0011,39045.23,UPI,FAILED,2026-06-14 22:10:05.039874
T000668,C0170,M0006,23159.26,UPI,SUCCESS,2026-07-06 21:08:26.813800
T000669,C0151,M0039,36633.56,CARD,SUCCESS,2026-08-23 02:16:23.354940
T000670,C0353,M0025,34858.67,WALLET,SUCCESS,2026-07-18 02:44:32.583040
T000671,C0303,M0017,25429.15,UPI,SUCCESS,2026-08-28 01:55:06.894804
T000672,C0301,M0040,6798.78,UPI,SUCCESS,2026-06-28 18:08:36.041261
T000673,C0364,M0033,1287.43,UPI,SUCCESS,2026-08-31 03:49:38.185395
T000674,C0291,M0001,36225.14,CARD,SUCCESS,2026-08-14 11:18:13.404391
T000675,C0068,M0048,31091.43,NET_BANKING,FAILED,2026-06-13 06:39:37.281074
T000676,C0491,M0046,33502.99,NET_BANKING,PENDING,2026-07-24 17:47:24.503120
T000677,C0216,M0036,4572.81,CARD,SUCCESS,2026-06-25 13:31:58.545489
T000678,C0279,M0009,11866.78,UPI,FAILED,2026-07-15 18:46:39.099697
T000679,C0024,M0007,804.9,UPI,SUCCESS,2026-07-05 20:27:31.941927
T000680,C0435,M0037,13619.32,NET_BANKING,SUCCESS,2026-08-26 12:17:47.082455
T000681,C0231,M0014,30167.61,NET_BANKING,SUCCESS,2026-09-03 10:38:08.984242
T000682,C0310,M0004,3139.3,NET_BANKING,SUCCESS,2026-07-09 15:32:09.234579
T000683,C0217,M0025,4865.79,WALLET,SUCCESS,2026-07-11 22:45:17.144273
T000684,C0154,M0005,17747.33,WALLET,SUCCESS,2026-06-23 00:44:06.237251
T000685,C0388,M0008,19323.16,WALLET,SUCCESS,2026-06-26 17:05:10.832765
T000686,C0148,M0021,14007.16,NET_BANKING,SUCCESS,2026-06-26 22:54:25.837123
T000687,C0324,M0009,16206.72,UPI,SUCCESS,2026-07-23 14:20:04.314584
T000688,C0355,M0011,21208.64,UPI,FAILED,2026-09-01 08:28:09.394180
T000689,C0040,M0046,20093.94,WALLET,SUCCESS,2026-08-15 09:41:51.742689
T000690,C0300,M0004,22525.83,WALLET,FAILED,2026-06-28 02:50:03.811793
T000691,C0093,M0014,290.07,UPI,SUCCESS,2026-08-29 22:57:41.915538
T000692,C0472,M0023,18771.28,CARD,FAILED,2026-08-09 14:01:22.644480
T000693,C0500,M0031,48254.56,WALLET,SUCCESS,2026-07-15 06:59:32.940375
T000694,C0480,M0037,48537.88,UPI,SUCCESS,2026-07-12 10:57:23.608157
T000695,C0214,M0036,7227.93,WALLET,SUCCESS,2026-08-25 00:08:30.422059
T000696,C0110,M0046,34820.08,WALLET,SUCCESS,2026-08-16 07:53:25.737750
T000697,C0262,M0039,9526.69,NET_BANKING,SUCCESS,2026-06-28 23:22:55.626739
T000698,C0052,M0029,40858.34,UPI,SUCCESS,2026-07-26 09:58:06.447600
T000699,C0265,M0029,25288.74,WALLET,SUCCESS,2026-08-11 20:05:25.566230
T000700,C0224,M0048,48479.99,CARD,FAILED,2026-08-12 15:27:37.405208
T000701,C0251,M0033,8795.83,NET_BANKING,SUCCESS,2026-08-20 15:26:31.358392
T000702,C0380,M0020,22534.05,UPI,SUCCESS,2026-08-18 09:24:37.109244
T000703,C0334,M0014,39161.6,UPI,SUCCESS,2026-08-11 06:54:35.960404
T000704,C0052,M0005,31345.25,CARD,SUCCESS,2026-08-28 05:13:15.339950
T000705,C0417,M0028,30202.29,NET_BANKING,SUCCESS,2026-08-26 23:03:29.090022
T000706,C0009,M0018,35084.78,UPI,SUCCESS,2026-06-13 03:55:49.494877
T000707,C0489,M0042,24885.28,CARD,SUCCESS,2026-06-10 20:58:16.210777
T000708,C0382,M0001,42853.03,WALLET,FAILED,2026-08-22 06:45:39.795641
T000709,C0484,M0049,16957.83,NET_BANKING,SUCCESS,2026-08-13 12:57:21.563044
T000710,C0434,M0020,24165.19,UPI,SUCCESS,2026-07-04 04:10:41.127221
T000711,C0482,M0002,13771.44,CARD,SUCCESS,2026-08-03 15:56:15.174531
T000712,C0005,M0029,6482.51,CARD,SUCCESS,2026-06-14 13:04:51.965392
T000713,C0375,M0032,47122.57,CARD,SUCCESS,2026-07-19 21:40:40.679097
T000714,C0463,M0041,27217.53,UPI,SUCCESS,2026-06-13 05:49:26.594952
T000715,C0205,M0015,49406.46,UPI,SUCCESS,2026-06-09 14:25:06.627203
T000716,C0185,M0030,29135.14,CARD,SUCCESS,2026-07-08 08:29:51.059628
T000717,C0486,M0045,5578.89,NET_BANKING,SUCCESS,2026-06-27 05:00:24.102967
T000718,C0399,M0033,40910.9,CARD,SUCCESS,2026-07-24 21:49:33.477101
T000719,C0014,M0023,14383.26,WALLET,SUCCESS,2026-06-08 19:22:56.623114
T000720,C0153,M0033,49412.95,UPI,SUCCESS,2026-08-16 01:39:24.076723
T000721,C0213,M0035,8712.1,CARD,SUCCESS,2026-09-02 03:29:40.835787
T000722,C0459,M0005,43733.09,WALLET,SUCCESS,2026-07-05 20:48:00.494023
T000723,C0221,M0048,28972.4,NET_BANKING,PENDING,2026-08-30 22:39:14.506739
T000724,C0266,M0004,25879.79,CARD,SUCCESS,2026-07-11 13:17:00.366774
T000725,C0304,M0045,23636.26,UPI,SUCCESS,2026-08-08 07:26:44.697944
T000726,C0018,M0049,15307.62,UPI,SUCCESS,2026-06-11 22:34:22.641134
T000727,C0278,M0033,30270.55,NET_BANKING,PENDING,2026-08-13 18:40:29.818084
T000728,C0141,M0010,4593.34,NET_BANKING,SUCCESS,2026-08-01 20:45:39.303312
T000729,C0057,M0039,49585.1,WALLET,SUCCESS,2026-06-10 03:41:37.009591
T000730,C0195,M0038,24087.43,UPI,SUCCESS,2026-09-01 10:23:41.547350
T000731,C0385,M0008,11806.39,NET_BANKING,SUCCESS,2026-08-13 08:29:29.253871
T000732,C0438,M0033,18695.1,CARD,SUCCESS,2026-09-02 05:48:30.613935
T000733,C0077,M0015,14845.49,NET_BANKING,SUCCESS,2026-07-08 08:45:54.516510
T000734,C0252,M0001,25705.99,WALLET,PENDING,2026-06-09 17:07:42.228712
T000735,C0131,M0050,34160.64,WALLET,SUCCESS,2026-08-25 21:55:35.696773
T000736,C0476,M0026,2865.23,NET_BANKING,SUCCESS,2026-09-03 05:02:03.563159
T000737,C0303,M0031,27258.47,UPI,SUCCESS,2026-08-13 12:26:31.320964
T000738,C0241,M0046,31892.54,CARD,SUCCESS,2026-06-17 00:28:02.118460
T000739,C0107,M0007,22719.05,CARD,SUCCESS,2026-08-24 09:07:27.491123
T000740,C0369,M0007,7174.38,UPI,SUCCESS,2026-06-19 14:59:24.209467
T000741,C0036,M0037,48169.53,CARD,SUCCESS,2026-08-31 19:03:23.818298
T000742,C0210,M0003,12937.57,UPI,PENDING,2026-08-07 04:07:46.823958
T000743,C0229,M0011,39376.19,CARD,SUCCESS,2026-07-15 19:01:05.417883
T000744,C0364,M0046,6619.13,UPI,FAILED,2026-06-28 03:13:15.753364
T000745,C0276,M0013,34303.88,UPI,FAILED,2026-08-28 00:34:36.573800
T000746,C0120,M0020,47613.5,WALLET,SUCCESS,2026-09-04 13:51:06.000393
T000747,C0118,M0015,48154.84,WALLET,SUCCESS,2026-07-25 21:34:17.252817
T000748,C0126,M0005,22340.31,NET_BANKING,SUCCESS,2026-07-15 10:48:03.070404
T000749,C0224,M0023,16506.96,UPI,SUCCESS,2026-08-30 13:40:05.920649
T000750,C0269,M0045,43906.95,CARD,SUCCESS,2026-07-15 23:42:22.279477
T000751,C0251,M0041,35979.29,UPI,SUCCESS,2026-08-15 01:25:37.523599
T000752,C0109,M0037,18122.88,CARD,SUCCESS,2026-07-28 02:17:21.216119
T000753,C0140,M0003,35170.37,WALLET,SUCCESS,2026-07-05 04:45:20.322166
T000754,C0062,M0027,48966.02,WALLET,SUCCESS,2026-06-28 02:07:07.829798
T000755,C0007,M0025,45825.76,NET_BANKING,SUCCESS,2026-06-21 18:32:47.870401
T000756,C0066,M0044,18473.47,WALLET,SUCCESS,2026-06-16 17:24:07.349215
T000757,C0441,M0013,8796.13,NET_BANKING,SUCCESS,2026-08-02 15:55:58.484670
T000758,C0227,M0010,38585.58,CARD,SUCCESS,2026-06-08 13:19:36.681375
T000759,C0383,M0023,40737.28,CARD,SUCCESS,2026-08-24 02:27:08.599720
T000760,C0401,M0007,41288.05,UPI,PENDING,2026-08-02 04:28:09.044322
T000761,C0130,M0021,19476.26,UPI,SUCCESS,2026-08-01 13:53:48.314990
T000762,C0396,M0035,11848.24,NET_BANKING,SUCCESS,2026-07-16 17:23:07.881936
T000763,C0156,M0020,19222.85,NET_BANKING,SUCCESS,2026-07-24 21:12:21.457773
T000764,C0143,M0021,4088.9,NET_BANKING,PENDING,2026-07-28 13:26:40.259632
T000765,C0336,M0009,17535.39,CARD,FAILED,2026-07-13 05:26:23.167081
T000766,C0233,M0023,17920.52,UPI,SUCCESS,2026-08-07 19:02:12.880604
T000767,C0290,M0024,26173.93,WALLET,SUCCESS,2026-07-08 06:42:10.986287
T000768,C0007,M0013,12120.5,NET_BANKING,SUCCESS,2026-06-16 20:51:39.827070
T000769,C0147,M0032,48808.69,NET_BANKING,FAILED,2026-08-23 04:55:39.721653
T000770,C0394,M0010,26371.47,CARD,FAILED,2026-08-28 19:31:06.572791
T000771,C0488,M0022,11342.68,WALLET,SUCCESS,2026-06-09 08:07:40.693285
T000772,C0099,M0042,40173.75,NET_BANKING,SUCCESS,2026-09-03 19:04:52.754783
T000773,C0305,M0038,226.47,UPI,PENDING,2026-08-09 20:52:33.885498
T000774,C0107,M0017,7230.41,UPI,SUCCESS,2026-08-18 12:38:40.788323
T000775,C0340,M0049,25498.76,WALLET,SUCCESS,2026-07-11 16:50:43.910356
T000776,C0472,M0031,46020.19,NET_BANKING,SUCCESS,2026-08-16 06:02:18.003217
T000777,C0004,M0018,15357.9,NET_BANKING,SUCCESS,2026-07-10 14:55:53.936250
T000778,C0417,M0004,47066.62,CARD,SUCCESS,2026-07-07 00:16:43.476608
T000779,C0055,M0033,21305.82,WALLET,SUCCESS,2026-06-19 14:55:36.535955
T000780,C0424,M0028,48338.62,WALLET,SUCCESS,2026-07-10 19:27:02.357214
T000781,C0092,M0037,30590.66,WALLET,SUCCESS,2026-07-12 14:41:44.352515
T000782,C0421,M0010,24626.23,CARD,SUCCESS,2026-08-11 09:35:42.101645
T000783,C0035,M0003,49942.46,UPI,SUCCESS,2026-06-09 13:24:40.022611
T000784,C0043,M0019,24862.51,NET_BANKING,SUCCESS,2026-08-01 03:18:49.978361
T000785,C0027,M0016,15467.02,CARD,SUCCESS,2026-08-04 22:28:45.113566
T000786,C0246,M0022,11690.13,WALLET,FAILED,2026-07-12 23:01:15.452416
T000787,C0176,M0033,45919.77,UPI,FAILED,2026-06-23 16:48:04.736656
T000788,C0371,M0041,17737.13,NET_BANKING,SUCCESS,2026-06-13 17:05:05.525461
T000789,C0399,M0026,38380.04,CARD,SUCCESS,2026-08-12 07:30:22.655374
T000790,C0310,M0050,18413.31,NET_BANKING,SUCCESS,2026-06-30 13:05:32.676016
T000791,C0306,M0008,41476.88,NET_BANKING,FAILED,2026-09-05 01:05:44.011331
T000792,C0182,M0025,34053.53,UPI,PENDING,2026-07-20 01:14:33.311600
T000793,C0302,M0020,29574.94,UPI,SUCCESS,2026-06-15 04:59:13.940938
T000794,C0451,M0049,27199.7,WALLET,SUCCESS,2026-08-23 11:31:34.898856
T000795,C0427,M0018,3573.38,UPI,FAILED,2026-08-24 21:19:48.807552
T000796,C0421,M0039,46615.92,NET_BANKING,SUCCESS,2026-06-19 01:14:15.943320
T000797,C0352,M0029,40962.22,NET_BANKING,SUCCESS,2026-06-14 08:41:25.698213
T000798,C0294,M0049,32829.6,UPI,SUCCESS,2026-06-08 04:26:16.397720
T000799,C0372,M0003,13776.53,WALLET,SUCCESS,2026-08-29 10:39:59.290484
T000800,C0175,M0044,40459.76,NET_BANKING,SUCCESS,2026-07-13 10:06:44.618250
T000801,C0410,M0028,9875.97,WALLET,SUCCESS,2026-07-19 10:22:27.159880
T000802,C0449,M0042,39480.85,UPI,SUCCESS,2026-08-24 00:52:09.652143
T000803,C0110,M0014,28530.37,NET_BANKING,SUCCESS,2026-06-29 03:57:29.925256
T000804,C0393,M0037,27052.75,NET_BANKING,PENDING,2026-08-04 14:01:02.062546
T000805,C0303,M0037,21795.14,WALLET,SUCCESS,2026-08-17 16:17:09.290128
T000806,C0461,M0015,29412.29,UPI,FAILED,2026-08-11 10:24:58.805948
T000807,C0163,M0050,8106.65,NET_BANKING,SUCCESS,2026-07-01 03:58:53.936530
T000808,C0412,M0004,42954.87,NET_BANKING,SUCCESS,2026-07-25 00:00:55.065462
T000809,C0333,M0003,7992.11,UPI,SUCCESS,2026-07-30 21:31:11.220441
T000810,C0098,M0039,45787.69,NET_BANKING,SUCCESS,2026-07-07 22:32:40.135650
T000811,C0295,M0016,13647.94,NET_BANKING,SUCCESS,2026-08-19 03:20:53.504520
T000812,C0094,M0026,6407.43,NET_BANKING,FAILED,2026-07-28 16:35:50.414382
T000813,C0382,M0044,32387.29,UPI,SUCCESS,2026-06-21 13:30:27.367322
T000814,C0308,M0010,32028.44,NET_BANKING,SUCCESS,2026-06-22 21:27:39.003617
T000815,C0018,M0016,29588.81,NET_BANKING,SUCCESS,2026-07-27 00:56:07.270048
T000816,C0122,M0047,34624.51,UPI,PENDING,2026-06-17 22:45:55.246613
T000817,C0181,M0006,13558.29,UPI,SUCCESS,2026-06-20 01:45:49.175731
T000818,C0342,M0021,44756.6,UPI,SUCCESS,2026-07-02 07:48:13.995742
T000819,C0030,M0020,39393.91,UPI,SUCCESS,2026-07-06 01:59:00.205977
T000820,C0221,M0036,10564.43,WALLET,SUCCESS,2026-06-30 02:35:16.994810
T000821,C0238,M0030,38589.45,NET_BANKING,SUCCESS,2026-07-22 08:22:25.801869
T000822,C0087,M0040,15941.19,WALLET,SUCCESS,2026-07-27 02:39:18.497903
T000823,C0083,M0041,20930.06,CARD,SUCCESS,2026-08-23 15:29:31.180401
T000824,C0023,M0017,42465.49,WALLET,SUCCESS,2026-07-16 12:56:56.624564
T000825,C0290,M0028,34886.61,UPI,SUCCESS,2026-07-06 04:50:23.894213
T000826,C0455,M0033,13009.36,UPI,FAILED,2026-07-03 07:13:55.594772
T000827,C0306,M0044,6305.77,WALLET,SUCCESS,2026-08-08 08:58:37.074085
T000828,C0476,M0039,15734.3,NET_BANKING,SUCCESS,2026-07-30 06:20:09.787632
T000829,C0239,M0022,27994.39,NET_BANKING,SUCCESS,2026-08-03 10:48:17.296999
T000830,C0164,M0033,37627.12,NET_BANKING,SUCCESS,2026-06-29 09:02:44.874671
T000831,C0147,M0005,57.16,UPI,SUCCESS,2026-08-16 07:09:54.558917
T000832,C0259,M0039,31808.62,NET_BANKING,SUCCESS,2026-08-09 03:33:53.518331
T000833,C0417,M0016,46131.05,UPI,SUCCESS,2026-07-07 03:38:34.113210
T000834,C0276,M0040,3155.76,UPI,SUCCESS,2026-08-08 13:19:56.441863
T000835,C0304,M0047,31618.87,CARD,SUCCESS,2026-06-21 21:02:03.063645
T000836,C0278,M0017,32295.45,NET_BANKING,SUCCESS,2026-08-09 11:02:38.974002
T000837,C0454,M0033,19933.07,NET_BANKING,FAILED,2026-06-21 07:40:03.546740
T000838,C0246,M0047,32987.73,UPI,SUCCESS,2026-07-16 05:58:55.567192
T000839,C0322,M0004,24687.93,UPI,SUCCESS,2026-06-10 20:03:44.908151
T000840,C0133,M0048,21679.08,WALLET,SUCCESS,2026-08-29 15:45:11.208531
T000841,C0038,M0047,4668.25,WALLET,FAILED,2026-08-22 03:09:13.718955
T000842,C0262,M0012,15204.54,CARD,SUCCESS,2026-08-20 01:40:06.307262
T000843,C0149,M0010,5321.97,UPI,SUCCESS,2026-06-08 03:28:28.874713
T000844,C0482,M0038,5755.85,WALLET,SUCCESS,2026-09-04 13:11:12.487317
T000845,C0496,M0050,45092.67,NET_BANKING,SUCCESS,2026-08-04 22:24:27.114349
T000846,C0227,M0038,26756.01,WALLET,SUCCESS,2026-07-01 10:36:52.610939
T000847,C0003,M0023,7757.47,UPI,SUCCESS,2026-08-22 12:54:43.131925
T000848,C0265,M0047,47448.07,UPI,SUCCESS,2026-07-09 21:51:00.275731
T000849,C0279,M0008,6451.54,CARD,SUCCESS,2026-07-14 02:35:40.304901
T000850,C0121,M0043,21739.24,UPI,SUCCESS,2026-08-11 14:03:41.820969
T000851,C0021,M0014,20289.99,NET_BANKING,SUCCESS,2026-06-24 23:08:12.640493
T000852,C0443,M0047,38240.15,NET_BANKING,SUCCESS,2026-06-14 02:36:13.832875
T000853,C0282,M0046,12139.25,NET_BANKING,SUCCESS,2026-08-28 00:50:29.206174
T000854,C0326,M0018,34830.58,NET_BANKING,SUCCESS,2026-08-25 18:07:24.968749
T000855,C0294,M0037,26164.32,NET_BANKING,SUCCESS,2026-08-26 18:57:26.128332
T000856,C0496,M0025,12810.57,WALLET,SUCCESS,2026-07-25 08:16:07.186770
T000857,C0178,M0026,31846.85,CARD,SUCCESS,2026-07-29 09:04:04.250200
T000858,C0151,M0032,37965.81,NET_BANKING,FAILED,2026-09-03 00:17:33.952852
T000859,C0424,M0048,33620.3,CARD,SUCCESS,2026-07-08 17:57:01.225329
T000860,C0138,M0012,31213.17,CARD,FAILED,2026-07-30 04:11:52.672709
T000861,C0250,M0019,41853.8,NET_BANKING,SUCCESS,2026-09-04 20:45:55.163254
T000862,C0390,M0038,36570.25,CARD,SUCCESS,2026-08-29 21:11:25.203829
T000863,C0388,M0038,10312.35,UPI,SUCCESS,2026-08-06 04:17:00.552735
T000864,C0305,M0007,45826.51,NET_BANKING,PENDING,2026-06-26 14:25:18.073711
T000865,C0419,M0049,33966.59,CARD,SUCCESS,2026-08-25 17:25:47.849862
T000866,C0050,M0040,30194.26,CARD,SUCCESS,2026-07-24 23:42:24.717480
T000867,C0087,M0017,25635.06,WALLET,SUCCESS,2026-08-23 06:55:21.858959
T000868,C0025,M0024,24976.59,WALLET,SUCCESS,2026-07-27 16:48:44.196053
T000869,C0478,M0025,11887.36,NET_BANKING,SUCCESS,2026-08-11 20:54:07.570677
T000870,C0489,M0030,15266.55,WALLET,SUCCESS,2026-08-22 07:11:51.889739
T000871,C0126,M0012,38359.86,CARD,SUCCESS,2026-08-07 15:35:19.022449
T000872,C0199,M0015,35192.46,NET_BANKING,SUCCESS,2026-06-22 01:20:55.772448
T000873,C0244,M0001,26253.02,NET_BANKING,SUCCESS,2026-08-03 22:04:50.182810
T000874,C0492,M0046,904.91,NET_BANKING,SUCCESS,2026-08-29 21:51:30.285590
T000875,C0212,M0047,41790.95,CARD,SUCCESS,2026-07-07 17:14:09.503201
T000876,C0422,M0001,40676.4,NET_BANKING,SUCCESS,2026-08-17 17:00:50.533696
T000877,C0162,M0006,44087.36,UPI,SUCCESS,2026-06-17 17:36:21.677452
T000878,C0198,M0001,25864.73,WALLET,SUCCESS,2026-07-19 01:11:39.162042
T000879,C0045,M0025,35687.6,WALLET,SUCCESS,2026-07-26 02:16:11.101461
T000880,C0293,M0011,33082.27,WALLET,SUCCESS,2026-08-05 22:56:31.800855
T000881,C0099,M0019,18517.65,UPI,SUCCESS,2026-08-17 07:19:55.514732
T000882,C0047,M0037,11081.58,UPI,SUCCESS,2026-07-03 04:14:14.031252
T000883,C0158,M0017,33190.38,WALLET,SUCCESS,2026-07-31 21:36:50.511496
T000884,C0200,M0002,28535.11,CARD,PENDING,2026-08-06 23:01:25.163052
T000885,C0097,M0045,43299.43,NET_BANKING,SUCCESS,2026-06-15 02:50:34.165066
T000886,C0182,M0043,15860.65,CARD,SUCCESS,2026-06-13 16:32:23.659822
T000887,C0024,M0016,38144.62,NET_BANKING,SUCCESS,2026-09-01 23:35:40.269377
T000888,C0159,M0001,26353.73,NET_BANKING,FAILED,2026-07-24 22:32:31.648593
T000889,C0308,M0045,25245.76,NET_BANKING,SUCCESS,2026-07-03 22:51:15.034932
T000890,C0233,M0024,42809.19,CARD,SUCCESS,2026-08-17 15:35:33.753794
T000891,C0056,M0049,44549.05,UPI,SUCCESS,2026-08-20 23:51:40.248961
T000892,C0489,M0037,695.46,WALLET,SUCCESS,2026-06-09 20:56:12.402257
T000893,C0126,M0040,23581.49,UPI,FAILED,2026-07-02 11:46:17.119541
T000894,C0010,M0003,14963.68,UPI,SUCCESS,2026-06-26 10:13:45.829643
T000895,C0291,M0049,3089.43,CARD,SUCCESS,2026-06-15 04:50:07.838212
T000896,C0084,M0033,20168.61,UPI,SUCCESS,2026-06-22 03:49:03.623622
T000897,C0429,M0048,33813.68,UPI,SUCCESS,2026-08-27 23:22:57.178147
T000898,C0203,M0011,17134.69,CARD,SUCCESS,2026-07-06 18:21:14.872835
T000899,C0003,M0030,14375.79,NET_BANKING,SUCCESS,2026-06-09 14:07:39.834160
T000900,C0168,M0038,35741.36,NET_BANKING,SUCCESS,2026-08-28 18:27:31.877953
T000901,C0384,M0049,35361.19,NET_BANKING,SUCCESS,2026-08-26 08:59:35.843457
T000902,C0130,M0003,35049.67,CARD,PENDING,2026-06-12 12:20:36.802181
T000903,C0224,M0026,14334.02,WALLET,SUCCESS,2026-06-08 09:57:29.928536
T000904,C0390,M0019,46017.36,WALLET,SUCCESS,2026-08-11 01:56:45.700823
T000905,C0386,M0036,10045.4,CARD,SUCCESS,2026-07-18 22:35:54.956669
T000906,C0303,M0015,35244.15,CARD,SUCCESS,2026-07-06 04:13:54.886306
T000907,C0142,M0038,41540.06,CARD,SUCCESS,2026-06-30 06:41:28.303221
T000908,C0194,M0033,34180.63,NET_BANKING,SUCCESS,2026-06-27 13:53:49.425888
T000909,C0376,M0007,23029.02,CARD,SUCCESS,2026-06-26 12:51:28.072585
T000910,C0483,M0028,2348.33,UPI,SUCCESS,2026-08-27 03:58:10.343126
T000911,C0151,M0023,22777.65,NET_BANKING,SUCCESS,2026-07-10 19:50:23.405216
T000912,C0211,M0039,7883.39,CARD,SUCCESS,2026-07-11 04:38:31.034033
T000913,C0457,M0036,25253.63,WALLET,SUCCESS,2026-08-10 08:28:03.193327
T000914,C0302,M0035,39459.26,WALLET,FAILED,2026-07-16 15:25:02.531878
T000915,C0164,M0050,29637.53,WALLET,SUCCESS,2026-08-30 04:53:15.383594
T000916,C0402,M0038,42627.2,UPI,SUCCESS,2026-07-23 02:37:14.959453
T000917,C0094,M0005,36303.57,CARD,SUCCESS,2026-07-28 06:08:59.296601
T000918,C0299,M0047,28795.22,UPI,SUCCESS,2026-07-11 00:42:03.653519
T000919,C0095,M0003,36751.57,WALLET,SUCCESS,2026-07-11 09:46:52.941344
T000920,C0294,M0007,15526.41,CARD,SUCCESS,2026-07-22 03:48:13.947711
T000921,C0249,M0013,20593.95,WALLET,SUCCESS,2026-08-29 07:05:37.671894
T000922,C0209,M0050,40540.72,CARD,SUCCESS,2026-09-05 00:32:01.107900
T000923,C0049,M0034,48586.86,UPI,SUCCESS,2026-08-26 19:42:35.282541
T000924,C0341,M0038,47406.78,CARD,SUCCESS,2026-08-25 05:54:58.203720
T000925,C0361,M0043,33349.17,CARD,FAILED,2026-06-28 07:53:05.198802
T000926,C0372,M0035,39186.39,NET_BANKING,SUCCESS,2026-08-08 06:56:46.523857
T000927,C0167,M0011,11112.05,UPI,FAILED,2026-07-17 13:40:10.449637
T000928,C0471,M0042,20181.35,WALLET,SUCCESS,2026-07-23 23:18:31.933389
T000929,C0023,M0030,37768.79,CARD,SUCCESS,2026-07-19 03:38:37.471172
T000930,C0004,M0037,3472.26,CARD,SUCCESS,2026-08-03 22:11:41.731023
T000931,C0031,M0006,13142.11,NET_BANKING,SUCCESS,2026-07-26 16:53:17.964575
T000932,C0469,M0030,14350.11,UPI,SUCCESS,2026-08-11 03:23:39.580598
T000933,C0165,M0047,27511.77,WALLET,SUCCESS,2026-06-27 11:25:52.948682
T000934,C0118,M0022,1423.7,NET_BANKING,FAILED,2026-06-25 06:57:59.646539
T000935,C0133,M0033,11707.67,NET_BANKING,SUCCESS,2026-08-18 20:59:51.274891
T000936,C0266,M0020,17549.86,WALLET,SUCCESS,2026-07-23 12:31:07.120494
T000937,C0086,M0012,44369.5,CARD,SUCCESS,2026-08-27 05:48:28.842331
T000938,C0025,M0013,21313.13,NET_BANKING,SUCCESS,2026-07-29 03:11:28.554080
T000939,C0437,M0007,25931.09,WALLET,SUCCESS,2026-08-16 04:30:11.244481
T000940,C0148,M0049,6129.11,UPI,SUCCESS,2026-06-24 21:21:59.910370
T000941,C0025,M0015,14835.87,UPI,SUCCESS,2026-08-12 20:25:25.326475
T000942,C0083,M0006,9928.57,UPI,FAILED,2026-08-25 05:31:17.100233
T000943,C0310,M0011,11637.89,UPI,SUCCESS,2026-06-16 04:25:46.845232
T000944,C0115,M0043,46099.66,CARD,FAILED,2026-08-26 07:39:59.379879
T000945,C0031,M0017,30394.54,NET_BANKING,SUCCESS,2026-06-26 12:44:16.716464
T000946,C0326,M0033,14366.89,UPI,SUCCESS,2026-07-29 01:16:25.908174
T000947,C0330,M0018,34554.08,UPI,SUCCESS,2026-06-19 20:51:37.003272
T000948,C0129,M0028,21450.13,NET_BANKING,SUCCESS,2026-08-07 04:48:23.989258
T000949,C0409,M0015,4106.86,UPI,SUCCESS,2026-08-19 04:08:18.204869
T000950,C0455,M0042,12137.39,NET_BANKING,SUCCESS,2026-09-01 12:36:25.068212
T000951,C0299,M0022,4148.64,NET_BANKING,SUCCESS,2026-07-27 17:55:25.080617
T000952,C0110,M0022,18969.2,CARD,SUCCESS,2026-06-24 21:46:21.385237
T000953,C0045,M0030,23818.41,UPI,SUCCESS,2026-07-24 03:57:17.645574
T000954,C0101,M0015,13582.78,NET_BANKING,SUCCESS,2026-07-06 07:51:15.162420
T000955,C0359,M0049,4743.71,CARD,SUCCESS,2026-07-17 09:22:47.809496
T000956,C0228,M0039,44768.4,NET_BANKING,SUCCESS,2026-07-18 06:52:28.238189
T000957,C0464,M0029,3673.79,UPI,SUCCESS,2026-07-07 06:02:43.544317
T000958,C0378,M0034,30108.65,UPI,SUCCESS,2026-08-18 21:34:10.292279
T000959,C0033,M0002,26513.0,UPI,SUCCESS,2026-08-09 07:28:56.871562
T000960,C0478,M0038,14439.59,CARD,SUCCESS,2026-07-06 08:19:16.457717
T000961,C0046,M0001,3072.08,NET_BANKING,SUCCESS,2026-06-17 20:06:08.189192
T000962,C0439,M0040,12468.62,WALLET,SUCCESS,2026-08-19 09:18:42.501324
T000963,C0221,M0016,49834.86,CARD,SUCCESS,2026-07-18 22:24:07.922511
T000964,C0219,M0048,34363.83,UPI,SUCCESS,2026-08-11 17:49:24.638748
T000965,C0335,M0046,1100.75,CARD,FAILED,2026-08-05 15:54:04.156267
T000966,C0065,M0026,49899.3,UPI,SUCCESS,2026-08-16 10:46:34.043944
T000967,C0105,M0034,10883.07,WALLET,SUCCESS,2026-07-20 02:58:12.106716
T000968,C0190,M0001,15135.57,WALLET,SUCCESS,2026-08-05 03:36:36.560972
T000969,C0291,M0018,6027.8,WALLET,FAILED,2026-07-22 02:05:53.605764
T000970,C0330,M0049,31650.41,UPI,SUCCESS,2026-07-27 00:22:57.968296
T000971,C0453,M0009,20183.62,UPI,SUCCESS,2026-07-13 02:22:41.031908
T000972,C0200,M0007,1095.54,UPI,SUCCESS,2026-06-17 17:05:35.992638
T000973,C0097,M0013,27343.17,NET_BANKING,SUCCESS,2026-07-30 07:34:36.814088
T000974,C0249,M0043,11015.68,CARD,SUCCESS,2026-08-25 19:36:16.245884
T000975,C0053,M0047,781.61,CARD,SUCCESS,2026-07-16 03:20:33.121560
T000976,C0007,M0036,48630.4,WALLET,SUCCESS,2026-06-13 14:52:08.151076
T000977,C0395,M0031,48802.88,NET_BANKING,SUCCESS,2026-08-06 17:42:58.033684
T000978,C0330,M0037,43585.03,NET_BANKING,FAILED,2026-08-06 11:51:49.287147
T000979,C0243,M0015,6051.6,WALLET,FAILED,2026-07-05 18:07:35.066402
T000980,C0165,M0005,294.29,CARD,SUCCESS,2026-08-14 12:04:06.140716
T000981,C0277,M0015,17188.85,WALLET,SUCCESS,2026-06-15 02:05:30.250071
T000982,C0070,M0009,23696.43,UPI,PENDING,2026-06-22 04:04:09.857024
T000983,C0410,M0002,45247.56,NET_BANKING,SUCCESS,2026-07-29 10:28:55.628869
T000984,C0221,M0044,12022.34,CARD,SUCCESS,2026-07-29 23:24:21.369129
T000985,C0334,M0034,19955.36,CARD,SUCCESS,2026-07-30 00:07:41.405326
T000986,C0029,M0035,21821.89,NET_BANKING,SUCCESS,2026-07-20 21:59:40.378963
T000987,C0324,M0016,37115.0,CARD,SUCCESS,2026-09-01 22:52:47.079098
T000988,C0212,M0006,47590.17,WALLET,SUCCESS,2026-06-23 02:34:22.147754
T000989,C0373,M0010,28643.58,UPI,SUCCESS,2026-08-05 13:29:16.131300
T000990,C0177,M0025,15179.75,CARD,SUCCESS,2026-08-22 05:56:05.507810
T000991,C0047,M0007,8885.79,NET_BANKING,SUCCESS,2026-07-17 19:40:33.833201
T000992,C0315,M0015,10853.04,CARD,SUCCESS,2026-06-12 13:42:20.109782
T000993,C0162,M0047,33547.53,UPI,SUCCESS,2026-08-18 17:53:02.509790
T000994,C0198,M0029,20375.18,WALLET,FAILED,2026-06-17 01:57:58.385524
T000995,C0387,M0026,7904.51,CARD,SUCCESS,2026-06-16 07:06:35.567622
T000996,C0422,M0050,14481.37,UPI,SUCCESS,2026-06-28 11:16:24.179101
T000997,C0391,M0009,40329.08,CARD,SUCCESS,2026-06-21 12:56:34.523959
T000998,C0251,M0031,2675.13,NET_BANKING,SUCCESS,2026-07-15 16:28:28.717328
T000999,C0259,M0028,14637.41,CARD,SUCCESS,2026-06-15 19:42:56.908705
T001000,C0390,M0032,4442.96,UPI,PENDING,2026-08-17 19:19:56.958082
T001001,C0078,M0002,3290.55,UPI,SUCCESS,2026-07-01 12:09:06.362305
T001002,C0014,M0001,3036.98,NET_BANKING,SUCCESS,2026-08-27 20:43:31.715527
T001003,C0192,M0031,18574.04,NET_BANKING,SUCCESS,2026-08-14 05:52:48.571706
T001004,C0223,M0019,43085.31,CARD,SUCCESS,2026-08-27 13:49:46.094784
T001005,C0321,M0044,35548.97,UPI,SUCCESS,2026-07-09 03:32:44.602406
T001006,C0433,M0046,15981.17,CARD,SUCCESS,2026-07-17 11:15:03.431302
T001007,C0236,M0035,2244.75,WALLET,SUCCESS,2026-08-24 14:32:27.284357
T001008,C0349,M0008,25041.06,WALLET,SUCCESS,2026-08-29 17:02:28.936652
T001009,C0161,M0022,24654.25,WALLET,SUCCESS,2026-06-23 03:20:14.933950
T001010,C0091,M0005,44530.36,WALLET,SUCCESS,2026-06-11 22:39:07.417392
T001011,C0149,M0029,29331.9,UPI,PENDING,2026-07-25 20:09:59.327281
T001012,C0236,M0022,4274.89,NET_BANKING,SUCCESS,2026-08-20 12:17:21.119776
T001013,C0010,M0021,48909.81,CARD,SUCCESS,2026-08-23 02:02:07.242772
T001014,C0410,M0001,33451.07,CARD,SUCCESS,2026-06-19 19:29:25.410070
T001015,C0425,M0045,36633.05,CARD,SUCCESS,2026-06-30 22:04:53.087535
T001016,C0038,M0029,1426.5,NET_BANKING,SUCCESS,2026-07-24 05:56:54.452764
T001017,C0304,M0004,976.75,NET_BANKING,FAILED,2026-08-19 23:22:39.996510
T001018,C0241,M0038,11205.34,CARD,SUCCESS,2026-07-04 13:37:13.188267
T001019,C0321,M0018,24644.71,CARD,FAILED,2026-07-26 21:36:51.857017
T001020,C0014,M0048,43662.1,NET_BANKING,SUCCESS,2026-07-22 10:40:43.667379
T001021,C0278,M0028,42477.83,CARD,SUCCESS,2026-08-17 17:54:43.684899
T001022,C0032,M0028,45481.97,WALLET,SUCCESS,2026-06-11 11:14:28.146924
T001023,C0242,M0008,14231.34,UPI,SUCCESS,2026-06-25 23:24:33.233160
T001024,C0350,M0041,30465.85,WALLET,SUCCESS,2026-07-22 08:40:49.102060
T001025,C0452,M0036,49040.09,WALLET,SUCCESS,2026-08-30 13:03:53.379870
T001026,C0399,M0002,15735.49,UPI,SUCCESS,2026-08-17 17:09:12.953863
T001027,C0233,M0012,33741.88,WALLET,SUCCESS,2026-08-08 21:45:22.469382
T001028,C0090,M0005,48857.54,NET_BANKING,SUCCESS,2026-07-21 11:38:00.067318
T001029,C0075,M0014,45791.68,CARD,SUCCESS,2026-08-18 09:45:27.405807
T001030,C0493,M0010,8646.21,UPI,SUCCESS,2026-08-21 20:39:23.722077
T001031,C0477,M0042,4296.29,CARD,SUCCESS,2026-09-01 05:30:22.611829
T001032,C0175,M0018,20436.43,WALLET,SUCCESS,2026-06-29 01:36:26.920701
T001033,C0042,M0026,41000.88,UPI,SUCCESS,2026-08-31 14:13:52.531871
T001034,C0015,M0026,6064.74,UPI,SUCCESS,2026-08-09 13:31:15.975642
T001035,C0226,M0003,31814.17,CARD,SUCCESS,2026-09-01 10:36:28.521334
T001036,C0363,M0034,25025.87,NET_BANKING,SUCCESS,2026-09-01 11:11:18.211600
T001037,C0418,M0004,49251.06,NET_BANKING,SUCCESS,2026-08-18 22:01:56.870192
T001038,C0098,M0023,23831.79,UPI,SUCCESS,2026-06-29 21:02:17.337744
T001039,C0162,M0008,34074.17,CARD,SUCCESS,2026-08-20 10:11:08.942255
T001040,C0353,M0049,38530.42,WALLET,SUCCESS,2026-06-10 15:51:44.234540
T001041,C0040,M0039,45685.93,WALLET,SUCCESS,2026-06-20 22:21:14.366660
T001042,C0271,M0019,12123.08,WALLET,SUCCESS,2026-06-25 11:18:24.931630
T001043,C0085,M0042,47752.95,WALLET,SUCCESS,2026-07-28 22:59:13.955056
T001044,C0385,M0023,49505.45,UPI,SUCCESS,2026-07-24 06:55:02.268790
T001045,C0313,M0023,37213.93,NET_BANKING,SUCCESS,2026-08-12 03:51:02.473880
T001046,C0106,M0032,2712.73,UPI,SUCCESS,2026-07-05 18:29:25.469296
T001047,C0125,M0025,21260.86,NET_BANKING,SUCCESS,2026-07-13 08:47:05.908689
T001048,C0059,M0018,47609.91,WALLET,SUCCESS,2026-08-20 12:32:47.035784
T001049,C0377,M0034,5946.68,NET_BANKING,SUCCESS,2026-09-02 03:48:09.790970
T001050,C0359,M0023,41206.64,WALLET,SUCCESS,2026-07-30 16:58:18.584059
T001051,C0155,M0049,22230.43,WALLET,SUCCESS,2026-08-14 16:01:52.968808
T001052,C0358,M0008,38329.36,UPI,SUCCESS,2026-07-31 09:18:40.574313
T001053,C0223,M0033,34430.08,WALLET,SUCCESS,2026-06-12 14:04:06.123063
T001054,C0163,M0046,23725.79,CARD,SUCCESS,2026-08-04 13:15:29.805078
T001055,C0119,M0032,3378.76,NET_BANKING,FAILED,2026-07-31 03:58:00.878445
T001056,C0065,M0001,14556.43,WALLET,SUCCESS,2026-08-09 04:04:58.646365
T001057,C0153,M0036,10064.76,CARD,FAILED,2026-06-25 02:38:11.412702
T001058,C0109,M0016,17201.09,CARD,SUCCESS,2026-06-11 07:13:42.016934
T001059,C0130,M0045,44889.92,CARD,PENDING,2026-07-27 08:43:07.410846
T001060,C0017,M0012,5032.62,WALLET,SUCCESS,2026-08-01 17:38:06.478511
T001061,C0495,M0009,652.37,WALLET,SUCCESS,2026-07-01 19:47:00.384235
T001062,C0336,M0027,20031.6,UPI,PENDING,2026-08-29 15:53:38.535825
T001063,C0373,M0010,33513.72,NET_BANKING,SUCCESS,2026-06-09 06:09:52.201553
T001064,C0340,M0016,31034.28,CARD,SUCCESS,2026-08-19 07:13:04.155938
T001065,C0151,M0045,27665.64,UPI,PENDING,2026-06-29 19:13:26.232019
T001066,C0294,M0018,763.24,NET_BANKING,SUCCESS,2026-07-10 21:20:06.151513
T001067,C0328,M0036,44745.82,NET_BANKING,PENDING,2026-06-10 16:10:15.047769
T001068,C0230,M0005,27054.46,NET_BANKING,FAILED,2026-06-18 11:17:07.783967
T001069,C0328,M0008,47094.42,UPI,SUCCESS,2026-07-05 15:10:54.052158
T001070,C0209,M0044,30219.99,WALLET,FAILED,2026-08-18 01:53:29.446767
T001071,C0209,M0046,7566.83,CARD,SUCCESS,2026-06-26 20:20:50.597671
T001072,C0286,M0021,45545.44,CARD,SUCCESS,2026-07-03 20:24:00.698545
T001073,C0042,M0005,17231.64,NET_BANKING,SUCCESS,2026-07-25 14:02:12.260972
T001074,C0036,M0018,32605.9,NET_BANKING,SUCCESS,2026-07-30 00:24:48.850230
T001075,C0329,M0019,40748.2,WALLET,FAILED,2026-09-03 13:18:23.961129
T001076,C0348,M0017,26843.98,WALLET,SUCCESS,2026-08-02 00:52:41.462624
T001077,C0407,M0004,39679.62,UPI,SUCCESS,2026-06-08 00:02:16.757524
T001078,C0071,M0032,40639.59,CARD,SUCCESS,2026-07-05 12:32:33.195298
T001079,C0465,M0025,43084.69,NET_BANKING,SUCCESS,2026-08-10 21:42:37.122260
T001080,C0197,M0035,41896.4,CARD,SUCCESS,2026-08-26 18:03:37.139400
T001081,C0254,M0021,40335.33,UPI,SUCCESS,2026-08-14 14:18:25.540623
T001082,C0155,M0022,26065.25,NET_BANKING,SUCCESS,2026-07-10 14:59:07.535335
T001083,C0210,M0026,6873.78,CARD,PENDING,2026-07-22 12:28:44.727737
T001084,C0384,M0015,48737.8,NET_BANKING,PENDING,2026-07-31 21:37:16.216873
T001085,C0409,M0032,24312.6,NET_BANKING,SUCCESS,2026-08-20 21:54:39.146033
T001086,C0494,M0006,33461.99,NET_BANKING,SUCCESS,2026-07-01 07:13:45.345271
T001087,C0074,M0033,23842.13,NET_BANKING,SUCCESS,2026-07-30 20:28:24.089381
T001088,C0255,M0044,25712.04,UPI,SUCCESS,2026-07-25 22:17:37.323294
T001089,C0275,M0013,16325.72,CARD,SUCCESS,2026-06-15 06:55:36.584927
T001090,C0399,M0045,30000.58,WALLET,SUCCESS,2026-07-17 03:03:08.482209
T001091,C0213,M0042,33003.06,NET_BANKING,SUCCESS,2026-08-16 22:46:56.218460
T001092,C0289,M0046,26532.83,CARD,SUCCESS,2026-08-01 15:40:14.187602
T001093,C0212,M0037,20768.91,WALLET,SUCCESS,2026-06-21 21:11:15.423750
T001094,C0486,M0030,7212.15,UPI,SUCCESS,2026-08-21 00:14:25.241728
T001095,C0345,M0006,23617.36,WALLET,SUCCESS,2026-08-12 06:20:37.406996
T001096,C0009,M0002,7244.82,NET_BANKING,SUCCESS,2026-08-21 04:19:14.869919
T001097,C0393,M0042,7516.63,WALLET,SUCCESS,2026-08-01 09:18:49.572209
T001098,C0413,M0039,41681.73,WALLET,SUCCESS,2026-06-20 19:49:27.465308
T001099,C0077,M0019,7530.78,UPI,SUCCESS,2026-07-24 23:56:56.571065
T001100,C0340,M0024,31685.09,UPI,FAILED,2026-07-02 00:48:28.743134
T001101,C0358,M0023,14057.08,NET_BANKING,SUCCESS,2026-07-02 02:00:21.582311
T001102,C0357,M0022,16250.65,NET_BANKING,SUCCESS,2026-08-03 05:47:18.192642
T001103,C0016,M0030,29698.19,NET_BANKING,SUCCESS,2026-08-01 06:54:12.292719
T001104,C0351,M0042,187.93,NET_BANKING,SUCCESS,2026-06-08 13:20:37.502136
T001105,C0347,M0002,11083.1,NET_BANKING,SUCCESS,2026-06-11 10:33:28.710577
T001106,C0155,M0030,31372.52,NET_BANKING,FAILED,2026-06-18 14:36:51.541106
T001107,C0234,M0020,13436.52,NET_BANKING,SUCCESS,2026-07-15 08:16:40.338574
T001108,C0179,M0012,38547.65,WALLET,SUCCESS,2026-08-12 17:16:13.230936
T001109,C0353,M0005,4974.1,NET_BANKING,FAILED,2026-08-05 03:13:54.106004
T001110,C0106,M0033,14650.41,WALLET,SUCCESS,2026-06-14 22:33:54.438728
T001111,C0267,M0038,40474.88,UPI,SUCCESS,2026-08-28 04:38:13.222520
T001112,C0467,M0029,41221.86,WALLET,SUCCESS,2026-07-10 17:27:19.419765
T001113,C0167,M0005,717.32,WALLET,FAILED,2026-06-15 11:36:30.422426
T001114,C0437,M0019,1500.5,NET_BANKING,SUCCESS,2026-08-10 10:40:33.483632
T001115,C0472,M0044,17385.44,CARD,SUCCESS,2026-08-21 07:31:25.769097
T001116,C0040,M0008,8698.17,NET_BANKING,FAILED,2026-07-30 07:55:01.879722
T001117,C0325,M0032,33582.17,WALLET,SUCCESS,2026-08-13 08:06:26.274941
T001118,C0147,M0026,44545.75,UPI,SUCCESS,2026-08-30 01:15:05.554639
T001119,C0400,M0010,22737.14,UPI,SUCCESS,2026-06-17 23:28:06.561215
T001120,C0146,M0014,32012.03,CARD,SUCCESS,2026-08-03 23:53:18.883892
T001121,C0114,M0018,29637.01,NET_BANKING,SUCCESS,2026-09-02 11:35:22.023459
T001122,C0004,M0042,16891.76,CARD,SUCCESS,2026-07-05 17:04:28.368393
T001123,C0002,M0007,14081.36,UPI,SUCCESS,2026-08-17 04:13:07.058271
T001124,C0057,M0030,34541.35,NET_BANKING,SUCCESS,2026-08-23 08:42:11.683784
T001125,C0248,M0031,44047.93,CARD,SUCCESS,2026-09-01 12:32:38.318876
T001126,C0237,M0004,29524.46,CARD,SUCCESS,2026-07-04 16:33:37.290170
T001127,C0379,M0024,15714.4,WALLET,SUCCESS,2026-07-07 06:33:00.370620
T001128,C0095,M0022,656.87,CARD,SUCCESS,2026-06-26 18:13:32.332950
T001129,C0279,M0017,27616.98,CARD,SUCCESS,2026-06-19 13:10:16.784205
T001130,C0242,M0022,28522.89,UPI,SUCCESS,2026-07-05 06:53:40.159455
T001131,C0227,M0033,21192.23,NET_BANKING,SUCCESS,2026-06-13 11:33:41.715696
T001132,C0355,M0019,18535.25,UPI,PENDING,2026-06-29 11:05:13.953146
T001133,C0084,M0021,40320.67,NET_BANKING,SUCCESS,2026-06-30 13:44:34.360191
T001134,C0445,M0013,41913.3,WALLET,SUCCESS,2026-07-04 03:22:13.287779
T001135,C0382,M0014,17634.91,WALLET,SUCCESS,2026-08-10 19:56:59.299471
T001136,C0100,M0013,12746.19,CARD,SUCCESS,2026-07-13 18:31:02.895331
T001137,C0211,M0040,40277.23,NET_BANKING,SUCCESS,2026-08-02 14:43:06.770467
T001138,C0330,M0029,29740.81,CARD,SUCCESS,2026-07-05 14:00:35.100272
T001139,C0327,M0044,46817.5,UPI,SUCCESS,2026-06-12 06:07:23.144660
T001140,C0169,M0037,3935.24,UPI,SUCCESS,2026-07-18 16:20:34.401042
T001141,C0192,M0050,32752.77,UPI,FAILED,2026-08-18 20:50:43.062594
T001142,C0211,M0041,5676.25,NET_BANKING,SUCCESS,2026-07-02 18:08:17.309718
T001143,C0285,M0039,22524.85,CARD,SUCCESS,2026-08-30 18:46:16.821368
T001144,C0380,M0044,2842.65,UPI,SUCCESS,2026-06-13 03:47:53.000076
T001145,C0157,M0017,40140.65,CARD,SUCCESS,2026-06-22 06:51:10.867489
T001146,C0257,M0002,11453.88,WALLET,SUCCESS,2026-08-24 10:50:38.158467
T001147,C0358,M0045,7143.59,CARD,SUCCESS,2026-06-29 08:12:27.044280
T001148,C0107,M0012,24074.75,NET_BANKING,SUCCESS,2026-08-18 15:45:01.196017
T001149,C0432,M0038,31087.53,UPI,SUCCESS,2026-07-05 16:13:36.699806
T001150,C0443,M0039,33239.77,NET_BANKING,SUCCESS,2026-06-21 11:18:08.710290
T001151,C0181,M0046,39128.27,NET_BANKING,SUCCESS,2026-09-05 01:47:17.459953
T001152,C0350,M0049,2413.77,UPI,SUCCESS,2026-08-15 21:13:20.705982
T001153,C0197,M0032,4746.84,UPI,SUCCESS,2026-06-30 03:57:46.650495
T001154,C0003,M0011,49197.86,WALLET,SUCCESS,2026-07-31 16:36:40.439008
T001155,C0075,M0018,20418.76,CARD,PENDING,2026-08-30 10:53:00.773473
T001156,C0301,M0031,39240.23,NET_BANKING,SUCCESS,2026-06-21 13:18:11.346407
T001157,C0213,M0041,44058.82,NET_BANKING,FAILED,2026-07-13 12:09:39.960811
T001158,C0346,M0044,16714.69,UPI,SUCCESS,2026-09-04 12:18:39.225799
T001159,C0221,M0038,13331.34,WALLET,SUCCESS,2026-07-25 18:07:21.345361
T001160,C0449,M0037,28545.1,WALLET,SUCCESS,2026-07-01 02:54:50.991750
T001161,C0068,M0046,29032.55,NET_BANKING,SUCCESS,2026-09-04 07:28:45.735350
T001162,C0411,M0022,10882.56,NET_BANKING,SUCCESS,2026-09-03 02:46:46.788736
T001163,C0428,M0017,49964.81,UPI,SUCCESS,2026-08-29 08:35:43.943392
T001164,C0192,M0041,12383.86,NET_BANKING,SUCCESS,2026-08-09 23:36:45.809636
T001165,C0004,M0047,39688.97,CARD,FAILED,2026-08-17 08:18:04.180174
T001166,C0174,M0033,14515.05,NET_BANKING,SUCCESS,2026-06-17 03:13:28.833053
T001167,C0110,M0049,36098.35,WALLET,SUCCESS,2026-07-25 21:55:18.508040
T001168,C0337,M0009,14268.69,NET_BANKING,FAILED,2026-06-09 05:11:37.723293
T001169,C0036,M0042,33915.66,WALLET,SUCCESS,2026-07-03 14:01:34.786500
T001170,C0350,M0039,14492.27,UPI,SUCCESS,2026-07-20 11:33:33.179385
T001171,C0279,M0002,963.84,NET_BANKING,SUCCESS,2026-07-01 14:32:43.489726
T001172,C0156,M0038,25620.29,NET_BANKING,FAILED,2026-06-17 09:13:17.898297
T001173,C0132,M0009,16794.54,CARD,SUCCESS,2026-07-05 03:17:53.454857
T001174,C0231,M0039,40298.88,UPI,SUCCESS,2026-08-02 01:06:57.417425
T001175,C0006,M0019,7154.89,CARD,SUCCESS,2026-08-25 21:49:34.029827
T001176,C0187,M0040,35146.7,WALLET,SUCCESS,2026-08-21 18:15:01.031750
T001177,C0485,M0031,22981.68,UPI,SUCCESS,2026-08-11 06:51:13.140372
T001178,C0152,M0035,13509.95,CARD,SUCCESS,2026-08-27 20:05:15.752180
T001179,C0376,M0046,6673.47,NET_BANKING,SUCCESS,2026-07-01 13:11:02.330613
T001180,C0063,M0022,21118.36,UPI,SUCCESS,2026-08-31 16:43:18.116079
T001181,C0469,M0013,24161.52,UPI,SUCCESS,2026-06-20 09:39:52.936548
T001182,C0410,M0041,5877.92,UPI,SUCCESS,2026-08-13 13:39:42.644774
T001183,C0100,M0017,30782.65,WALLET,SUCCESS,2026-07-10 10:23:37.372813
T001184,C0410,M0009,3073.78,UPI,SUCCESS,2026-06-24 04:31:06.901778
T001185,C0165,M0038,28273.38,NET_BANKING,SUCCESS,2026-07-24 21:54:08.319674
T001186,C0183,M0028,22857.5,UPI,SUCCESS,2026-06-17 16:04:09.937979
T001187,C0148,M0023,2793.96,WALLET,SUCCESS,2026-07-17 14:16:51.272134
T001188,C0316,M0020,490.61,NET_BANKING,SUCCESS,2026-07-06 11:07:55.277565
T001189,C0022,M0025,32789.21,NET_BANKING,SUCCESS,2026-07-18 13:21:52.736809
T001190,C0191,M0018,11321.88,NET_BANKING,SUCCESS,2026-08-03 08:37:48.275578
T001191,C0293,M0008,3482.13,WALLET,SUCCESS,2026-08-18 13:23:29.360874
T001192,C0006,M0033,15583.34,WALLET,SUCCESS,2026-06-16 03:39:21.327261
T001193,C0161,M0012,33222.5,CARD,SUCCESS,2026-07-26 12:36:54.934137
T001194,C0408,M0017,36309.5,UPI,PENDING,2026-07-29 10:55:18.841576
T001195,C0254,M0038,45466.88,WALLET,FAILED,2026-08-22 02:59:14.766345
T001196,C0031,M0026,26667.48,NET_BANKING,SUCCESS,2026-08-25 14:26:24.867887
T001197,C0086,M0043,4508.61,CARD,SUCCESS,2026-07-14 04:42:35.555381
T001198,C0322,M0003,28489.66,CARD,SUCCESS,2026-07-18 08:03:56.083370
T001199,C0158,M0050,20555.2,WALLET,SUCCESS,2026-08-10 11:30:09.447556
T001200,C0450,M0039,27407.14,NET_BANKING,SUCCESS,2026-09-02 20:28:00.433578
T001201,C0275,M0024,31848.11,WALLET,SUCCESS,2026-06-22 18:53:55.158047
T001202,C0346,M0026,48797.73,WALLET,SUCCESS,2026-07-19 15:39:25.983521
T001203,C0063,M0002,17897.67,CARD,SUCCESS,2026-08-13 12:55:02.717053
T001204,C0376,M0007,22740.68,WALLET,SUCCESS,2026-08-05 21:05:06.476354
T001205,C0223,M0027,18267.38,CARD,SUCCESS,2026-07-19 07:38:38.162107
T001206,C0256,M0046,37717.79,UPI,SUCCESS,2026-07-13 19:39:26.037360
T001207,C0075,M0045,30792.42,WALLET,PENDING,2026-07-05 07:59:54.649674
T001208,C0029,M0017,17806.89,WALLET,SUCCESS,2026-09-04 16:33:13.115872
T001209,C0159,M0040,1992.89,UPI,SUCCESS,2026-07-31 00:38:51.468295
T001210,C0442,M0036,42318.77,CARD,FAILED,2026-06-11 11:29:35.516276
T001211,C0322,M0025,25738.59,UPI,SUCCESS,2026-07-21 06:39:36.454893
T001212,C0141,M0037,1852.38,NET_BANKING,SUCCESS,2026-08-02 18:48:19.605795
T001213,C0324,M0001,35578.76,WALLET,PENDING,2026-09-05 07:34:26.193852
T001214,C0494,M0033,17488.27,CARD,SUCCESS,2026-06-28 01:24:27.561716
T001215,C0365,M0013,17619.23,NET_BANKING,SUCCESS,2026-07-16 10:10:17.434000
T001216,C0343,M0005,2608.14,NET_BANKING,SUCCESS,2026-09-04 09:39:17.929431
T001217,C0289,M0042,28577.48,UPI,SUCCESS,2026-09-03 03:04:19.199667
T001218,C0341,M0001,35975.67,CARD,SUCCESS,2026-08-12 17:12:06.643805
T001219,C0421,M0023,11086.45,WALLET,SUCCESS,2026-07-11 01:54:38.956285
T001220,C0349,M0004,15570.56,NET_BANKING,SUCCESS,2026-06-13 04:41:21.835516
T001221,C0201,M0006,4588.56,NET_BANKING,SUCCESS,2026-06-25 21:51:00.215526
T001222,C0406,M0047,39914.85,CARD,FAILED,2026-07-07 07:32:25.306123
T001223,C0498,M0031,15431.08,NET_BANKING,SUCCESS,2026-08-20 06:29:46.087814
T001224,C0436,M0011,14804.09,WALLET,SUCCESS,2026-06-17 00:36:15.443115
T001225,C0406,M0028,44315.33,UPI,SUCCESS,2026-06-07 22:44:21.265245
T001226,C0149,M0020,17031.74,UPI,SUCCESS,2026-06-16 01:06:41.316215
T001227,C0443,M0033,34967.54,UPI,SUCCESS,2026-08-14 18:26:06.161511
T001228,C0323,M0047,2838.51,CARD,SUCCESS,2026-08-13 06:24:54.865792
T001229,C0262,M0017,23286.61,CARD,PENDING,2026-07-10 08:26:31.254370
T001230,C0451,M0002,19478.69,NET_BANKING,SUCCESS,2026-06-12 10:58:39.867142
T001231,C0363,M0015,22371.18,UPI,SUCCESS,2026-07-18 11:47:14.297451
T001232,C0070,M0003,32673.88,NET_BANKING,SUCCESS,2026-07-07 14:46:28.892910
T001233,C0083,M0046,25727.51,CARD,FAILED,2026-07-05 14:32:07.840168
T001234,C0096,M0022,21263.6,NET_BANKING,FAILED,2026-07-02 20:16:52.344538
T001235,C0434,M0040,14260.5,CARD,SUCCESS,2026-08-06 06:21:43.202161
T001236,C0179,M0015,23286.09,WALLET,FAILED,2026-07-21 22:00:38.698092
T001237,C0051,M0003,5644.96,WALLET,SUCCESS,2026-08-07 11:24:10.575087
T001238,C0345,M0011,3954.31,NET_BANKING,SUCCESS,2026-08-14 10:51:54.024580
T001239,C0403,M0016,2466.22,CARD,SUCCESS,2026-06-08 17:31:32.263093
T001240,C0484,M0036,1935.07,CARD,SUCCESS,2026-09-04 16:07:00.867318
T001241,C0241,M0023,17832.9,CARD,FAILED,2026-07-26 08:02:07.689240
T001242,C0490,M0010,17966.23,CARD,SUCCESS,2026-06-20 01:11:53.694323
T001243,C0460,M0015,12962.92,WALLET,SUCCESS,2026-08-26 05:11:47.113865
T001244,C0429,M0020,26939.83,UPI,SUCCESS,2026-07-12 15:07:19.331320
T001245,C0312,M0044,11809.63,UPI,SUCCESS,2026-06-10 19:20:29.864547
T001246,C0040,M0027,11695.89,WALLET,SUCCESS,2026-06-12 13:07:23.726992
T001247,C0175,M0028,33068.57,WALLET,SUCCESS,2026-08-13 19:50:07.309268
T001248,C0299,M0022,9618.24,WALLET,SUCCESS,2026-07-07 10:45:54.919235
T001249,C0238,M0038,39143.4,CARD,SUCCESS,2026-06-30 19:38:01.012461
T001250,C0009,M0045,8596.4,UPI,SUCCESS,2026-07-21 00:44:28.514205
T001251,C0092,M0015,16052.76,NET_BANKING,SUCCESS,2026-07-04 21:37:02.863803
T001252,C0266,M0018,29149.08,UPI,SUCCESS,2026-07-30 17:11:58.072285
T001253,C0312,M0043,47136.32,CARD,SUCCESS,2026-07-27 21:53:35.785972
T001254,C0482,M0007,16470.44,WALLET,SUCCESS,2026-08-26 04:53:30.359054
T001255,C0076,M0019,16533.57,WALLET,SUCCESS,2026-07-10 20:41:30.486959
T001256,C0169,M0010,9362.5,UPI,SUCCESS,2026-07-30 12:05:17.610380
T001257,C0260,M0029,10069.94,NET_BANKING,SUCCESS,2026-08-13 14:47:09.499450
T001258,C0171,M0027,11880.53,UPI,SUCCESS,2026-09-04 00:22:57.448429
T001259,C0071,M0006,1505.73,UPI,SUCCESS,2026-09-01 20:40:39.305109
T001260,C0140,M0043,21429.39,WALLET,SUCCESS,2026-07-30 06:06:40.229941
T001261,C0425,M0009,23115.5,CARD,SUCCESS,2026-08-08 19:35:50.163391
T001262,C0237,M0049,38799.97,WALLET,FAILED,2026-06-26 18:05:38.634858
T001263,C0266,M0014,20152.12,NET_BANKING,SUCCESS,2026-07-08 22:41:57.273006
T001264,C0015,M0008,30797.84,CARD,SUCCESS,2026-08-30 05:33:36.693266
T001265,C0434,M0023,44306.61,UPI,SUCCESS,2026-06-25 16:45:46.602023
T001266,C0128,M0002,46301.37,WALLET,FAILED,2026-07-25 17:03:39.681462
T001267,C0273,M0034,1576.37,CARD,SUCCESS,2026-06-19 05:33:19.542421
T001268,C0176,M0023,24489.75,UPI,SUCCESS,2026-07-18 23:53:25.229285
T001269,C0072,M0028,38074.34,UPI,FAILED,2026-06-19 09:34:40.469126
T001270,C0181,M0027,11193.58,CARD,SUCCESS,2026-06-28 04:20:34.009827
T001271,C0143,M0026,10399.26,WALLET,SUCCESS,2026-07-22 19:33:17.918658
T001272,C0348,M0046,43468.47,WALLET,SUCCESS,2026-06-20 05:30:41.692768
T001273,C0447,M0013,8502.16,CARD,FAILED,2026-08-04 00:16:23.662495
T001274,C0132,M0033,36772.77,UPI,SUCCESS,2026-07-07 11:31:21.481648
T001275,C0205,M0011,22004.15,UPI,SUCCESS,2026-07-24 16:33:03.695210
T001276,C0025,M0050,17371.2,UPI,SUCCESS,2026-06-17 04:19:52.546808
T001277,C0003,M0039,22434.26,UPI,SUCCESS,2026-08-06 08:16:15.980246
T001278,C0391,M0008,22163.93,UPI,SUCCESS,2026-08-19 14:53:02.296322
T001279,C0201,M0010,23499.83,NET_BANKING,SUCCESS,2026-08-22 19:23:25.574734
T001280,C0013,M0008,38971.53,CARD,PENDING,2026-08-26 17:16:31.434028
T001281,C0282,M0022,42732.1,CARD,SUCCESS,2026-06-19 20:52:41.209107
T001282,C0115,M0049,24938.78,NET_BANKING,SUCCESS,2026-06-13 19:59:46.394188
T001283,C0177,M0030,43543.2,CARD,SUCCESS,2026-08-21 11:40:30.876191
T001284,C0438,M0004,29105.23,UPI,SUCCESS,2026-06-18 20:56:06.649413
T001285,C0392,M0030,21805.85,CARD,SUCCESS,2026-07-09 15:52:55.086292
T001286,C0493,M0009,16482.71,NET_BANKING,SUCCESS,2026-07-11 02:34:37.862195
T001287,C0207,M0034,1115.14,NET_BANKING,SUCCESS,2026-08-02 06:23:19.266129
T001288,C0081,M0010,23729.78,CARD,SUCCESS,2026-07-21 13:42:11.122651
T001289,C0143,M0050,47928.24,NET_BANKING,SUCCESS,2026-08-17 07:30:03.611135
T001290,C0344,M0036,9285.85,UPI,SUCCESS,2026-08-14 03:39:37.643007
T001291,C0350,M0014,27994.67,NET_BANKING,SUCCESS,2026-07-14 13:52:17.875979
T001292,C0088,M0014,3231.38,NET_BANKING,SUCCESS,2026-06-27 10:51:38.821945
T001293,C0024,M0050,42614.69,CARD,SUCCESS,2026-07-02 08:40:19.663270
T001294,C0087,M0021,7564.77,CARD,SUCCESS,2026-07-03 14:20:09.318254
T001295,C0054,M0021,30118.37,UPI,SUCCESS,2026-08-19 20:33:11.920368
T001296,C0436,M0042,42834.84,CARD,SUCCESS,2026-08-25 09:48:10.361338
T001297,C0311,M0019,10574.78,WALLET,PENDING,2026-07-13 16:04:22.895279
T001298,C0029,M0029,10781.47,NET_BANKING,SUCCESS,2026-06-19 04:41:40.692382
T001299,C0291,M0044,32563.53,WALLET,SUCCESS,2026-08-30 08:54:54.925217
T001300,C0436,M0036,30821.68,CARD,SUCCESS,2026-07-16 17:44:16.336879
T001301,C0017,M0030,35407.08,CARD,SUCCESS,2026-06-23 01:22:24.853219
T001302,C0384,M0031,32474.45,CARD,SUCCESS,2026-08-30 23:55:52.031544
T001303,C0206,M0037,17448.62,UPI,SUCCESS,2026-07-01 02:53:51.344834
T001304,C0210,M0025,40576.49,CARD,FAILED,2026-08-03 12:10:41.891532
T001305,C0313,M0023,8623.05,WALLET,SUCCESS,2026-06-27 16:34:45.933170
T001306,C0011,M0045,13249.81,CARD,SUCCESS,2026-06-27 15:37:37.915409
T001307,C0056,M0041,4362.53,CARD,SUCCESS,2026-06-29 09:04:39.222880
T001308,C0071,M0040,22470.23,WALLET,SUCCESS,2026-08-18 11:06:58.620272
T001309,C0069,M0046,42957.55,CARD,SUCCESS,2026-08-20 16:51:36.541350
T001310,C0025,M0046,3886.04,UPI,SUCCESS,2026-08-31 04:01:10.338932
T001311,C0208,M0044,12327.37,WALLET,SUCCESS,2026-07-21 04:45:31.132537
T001312,C0368,M0013,12702.8,CARD,SUCCESS,2026-06-10 22:47:48.789427
T001313,C0340,M0002,41853.29,UPI,SUCCESS,2026-09-01 21:33:37.926031
T001314,C0301,M0021,19080.22,NET_BANKING,SUCCESS,2026-08-17 22:59:13.697123
T001315,C0282,M0046,24702.79,NET_BANKING,SUCCESS,2026-06-10 04:17:20.547851
T001316,C0058,M0030,16832.68,CARD,SUCCESS,2026-06-21 00:12:39.135260
T001317,C0037,M0048,19342.49,UPI,PENDING,2026-08-31 04:44:18.132248
T001318,C0438,M0009,5606.85,WALLET,SUCCESS,2026-08-23 22:00:30.703271
T001319,C0477,M0037,11552.44,NET_BANKING,SUCCESS,2026-06-11 20:34:03.976430
T001320,C0204,M0044,26572.55,CARD,SUCCESS,2026-07-24 16:23:31.074940
T001321,C0072,M0041,9568.58,WALLET,SUCCESS,2026-06-19 04:03:26.975277
T001322,C0351,M0044,9217.59,WALLET,SUCCESS,2026-06-17 21:08:08.260902
T001323,C0265,M0045,8332.85,NET_BANKING,SUCCESS,2026-06-25 23:10:32.028329
T001324,C0398,M0008,36330.75,CARD,SUCCESS,2026-06-29 02:12:26.236506
T001325,C0160,M0021,38029.7,UPI,SUCCESS,2026-08-13 06:40:52.871856
T001326,C0388,M0027,47275.51,NET_BANKING,SUCCESS,2026-08-18 18:05:32.689543
T001327,C0024,M0050,3667.01,CARD,SUCCESS,2026-06-29 07:25:22.318472
T001328,C0333,M0028,23333.14,WALLET,SUCCESS,2026-07-06 05:44:35.436780
T001329,C0056,M0041,37741.53,CARD,FAILED,2026-07-22 02:04:55.713030
T001330,C0034,M0025,31571.47,NET_BANKING,SUCCESS,2026-07-16 14:18:46.173310
T001331,C0327,M0033,32303.99,CARD,FAILED,2026-07-30 08:52:46.157835
T001332,C0250,M0048,21710.21,CARD,PENDING,2026-08-02 19:58:26.232964
T001333,C0483,M0035,4092.69,NET_BANKING,SUCCESS,2026-08-05 12:19:51.716441
T001334,C0051,M0020,26108.46,UPI,SUCCESS,2026-08-07 11:40:04.584770
T001335,C0382,M0009,1673.89,WALLET,SUCCESS,2026-08-24 21:50:07.233430
T001336,C0364,M0012,9987.9,NET_BANKING,SUCCESS,2026-07-26 06:46:35.343212
T001337,C0088,M0018,48683.97,CARD,SUCCESS,2026-08-27 18:22:27.319469
T001338,C0071,M0015,32743.42,WALLET,SUCCESS,2026-08-09 18:36:21.494253
T001339,C0298,M0042,15376.19,CARD,PENDING,2026-07-26 11:01:11.372330
T001340,C0466,M0003,31955.75,WALLET,PENDING,2026-07-18 09:00:41.741043
T001341,C0375,M0012,38881.86,UPI,SUCCESS,2026-06-23 04:59:35.545446
T001342,C0328,M0016,49577.08,WALLET,SUCCESS,2026-08-16 15:49:44.854235
T001343,C0457,M0033,22972.8,WALLET,SUCCESS,2026-06-16 20:09:59.975605
T001344,C0114,M0041,15637.92,WALLET,SUCCESS,2026-09-01 02:40:40.034323
T001345,C0167,M0019,29647.68,WALLET,SUCCESS,2026-07-06 05:10:19.424153
T001346,C0190,M0009,30884.57,UPI,SUCCESS,2026-07-21 15:11:42.356339
T001347,C0288,M0050,41116.45,UPI,SUCCESS,2026-07-22 16:40:10.683824
T001348,C0086,M0012,46532.5,UPI,SUCCESS,2026-08-31 07:45:26.164497
T001349,C0141,M0048,30457.96,CARD,SUCCESS,2026-06-29 00:52:57.352739
T001350,C0368,M0004,2336.51,UPI,SUCCESS,2026-08-11 01:55:15.584500
T001351,C0039,M0006,4224.46,WALLET,SUCCESS,2026-06-23 23:25:27.724116
T001352,C0468,M0031,6750.11,CARD,FAILED,2026-06-26 14:20:46.573663
T001353,C0020,M0021,21209.16,NET_BANKING,SUCCESS,2026-08-16 04:26:08.305955
T001354,C0422,M0041,20317.55,NET_BANKING,SUCCESS,2026-06-14 01:14:01.270683
T001355,C0347,M0003,1740.13,WALLET,SUCCESS,2026-06-08 01:03:42.358192
T001356,C0321,M0022,12438.8,NET_BANKING,SUCCESS,2026-07-23 10:29:25.564919
T001357,C0271,M0042,3653.89,CARD,SUCCESS,2026-08-26 19:47:35.109003
T001358,C0052,M0046,49441.52,UPI,FAILED,2026-07-12 08:35:52.984661
T001359,C0260,M0034,16326.34,NET_BANKING,SUCCESS,2026-06-24 10:20:34.736391
T001360,C0476,M0047,40719.74,NET_BANKING,SUCCESS,2026-06-27 06:59:49.759117
T001361,C0105,M0001,47600.54,WALLET,SUCCESS,2026-08-29 19:33:22.410371
T001362,C0061,M0024,987.52,UPI,SUCCESS,2026-08-16 22:36:44.808260
T001363,C0312,M0031,6242.79,UPI,SUCCESS,2026-07-30 10:09:17.771982
T001364,C0362,M0013,1953.37,WALLET,PENDING,2026-07-29 06:45:31.081966
T001365,C0080,M0023,12738.38,NET_BANKING,FAILED,2026-07-27 22:24:13.427925
T001366,C0440,M0024,34423.71,CARD,SUCCESS,2026-06-26 04:29:48.646693
T001367,C0103,M0028,19197.8,CARD,SUCCESS,2026-08-13 16:40:51.888494
T001368,C0120,M0035,10125.8,WALLET,SUCCESS,2026-06-20 12:39:39.304002
T001369,C0126,M0012,13115.71,CARD,FAILED,2026-08-25 00:08:09.866497
T001370,C0097,M0030,47745.49,NET_BANKING,SUCCESS,2026-07-28 01:00:00.940922
T001371,C0080,M0046,24329.08,UPI,SUCCESS,2026-07-30 03:15:11.016249
T001372,C0026,M0003,27874.43,CARD,SUCCESS,2026-06-28 22:34:53.833797
T001373,C0426,M0050,43016.6,CARD,SUCCESS,2026-08-06 11:34:32.229824
T001374,C0484,M0022,32206.42,CARD,SUCCESS,2026-08-21 18:04:26.362444
T001375,C0040,M0022,29794.07,CARD,FAILED,2026-09-05 06:53:55.400963
T001376,C0382,M0049,26465.16,CARD,SUCCESS,2026-08-19 15:09:32.552082
T001377,C0165,M0038,25159.05,WALLET,SUCCESS,2026-06-19 19:51:36.292333
T001378,C0163,M0028,30485.08,NET_BANKING,SUCCESS,2026-08-01 01:18:35.567230
T001379,C0177,M0006,20320.07,UPI,SUCCESS,2026-06-11 17:00:55.019153
T001380,C0218,M0006,27323.33,CARD,SUCCESS,2026-06-16 04:39:45.126584
T001381,C0312,M0013,29234.74,UPI,SUCCESS,2026-07-08 19:57:56.554900
T001382,C0137,M0035,20196.04,NET_BANKING,SUCCESS,2026-07-15 16:58:28.798586
T001383,C0468,M0043,22524.66,CARD,PENDING,2026-07-31 00:08:32.454071
T001384,C0197,M0043,10422.27,CARD,SUCCESS,2026-08-09 02:17:01.314847
T001385,C0464,M0003,5613.61,NET_BANKING,PENDING,2026-07-09 00:22:41.059058
T001386,C0207,M0041,23599.62,WALLET,SUCCESS,2026-06-23 16:16:02.615738
T001387,C0001,M0036,42027.71,CARD,SUCCESS,2026-08-01 18:00:20.292889
T001388,C0234,M0029,24702.71,UPI,SUCCESS,2026-06-26 20:13:12.244667
T001389,C0287,M0026,16200.07,NET_BANKING,SUCCESS,2026-08-21 00:25:25.732261
T001390,C0289,M0048,29604.63,WALLET,SUCCESS,2026-08-29 01:22:51.420727
T001391,C0118,M0002,5022.13,CARD,SUCCESS,2026-08-28 09:16:13.834101
T001392,C0035,M0028,36637.59,NET_BANKING,SUCCESS,2026-07-07 09:56:20.688438
T001393,C0135,M0019,7361.53,NET_BANKING,SUCCESS,2026-07-23 16:41:38.493754
T001394,C0439,M0007,10016.64,NET_BANKING,SUCCESS,2026-07-13 11:40:30.327200
T001395,C0460,M0020,34179.53,NET_BANKING,SUCCESS,2026-06-20 14:55:21.651768
T001396,C0012,M0048,42989.19,UPI,SUCCESS,2026-07-26 14:07:13.049915
T001397,C0443,M0038,38841.2,NET_BANKING,SUCCESS,2026-07-26 09:57:22.151496
T001398,C0245,M0037,428.44,UPI,SUCCESS,2026-07-29 19:59:48.217621
T001399,C0356,M0009,49287.88,WALLET,SUCCESS,2026-06-14 07:55:58.067530
T001400,C0417,M0015,28358.94,UPI,SUCCESS,2026-06-30 02:24:25.817562
T001401,C0454,M0049,10973.49,CARD,SUCCESS,2026-08-17 04:40:53.612077
T001402,C0317,M0006,7164.12,UPI,SUCCESS,2026-07-16 08:15:51.107398
T001403,C0108,M0044,32695.96,WALLET,PENDING,2026-08-11 20:33:02.811621
T001404,C0402,M0032,32939.9,CARD,SUCCESS,2026-07-25 14:42:00.386954
T001405,C0063,M0025,40568.52,WALLET,PENDING,2026-06-10 13:24:40.995789
T001406,C0369,M0033,25771.68,UPI,SUCCESS,2026-07-01 18:29:20.235294
T001407,C0396,M0021,31090.36,CARD,SUCCESS,2026-08-26 18:43:32.370783
T001408,C0286,M0011,37271.79,WALLET,SUCCESS,2026-06-27 00:14:54.779014
T001409,C0289,M0021,6404.16,CARD,FAILED,2026-07-10 02:03:11.943774
T001410,C0317,M0028,44625.33,WALLET,SUCCESS,2026-08-28 16:24:04.865898
T001411,C0188,M0040,37263.85,WALLET,SUCCESS,2026-06-29 19:12:25.024515
T001412,C0045,M0036,23115.54,NET_BANKING,SUCCESS,2026-07-16 20:58:02.668730
T001413,C0130,M0037,29766.51,NET_BANKING,SUCCESS,2026-06-15 23:53:34.021398
T001414,C0282,M0005,33434.92,CARD,SUCCESS,2026-07-07 12:34:10.943998
T001415,C0278,M0034,28555.7,NET_BANKING,SUCCESS,2026-09-04 01:22:24.912398
T001416,C0037,M0030,6583.97,NET_BANKING,SUCCESS,2026-08-28 02:35:13.225340
T001417,C0138,M0019,2027.01,UPI,SUCCESS,2026-08-16 04:40:13.925650
T001418,C0426,M0008,37557.87,UPI,SUCCESS,2026-06-29 05:39:20.861179
T001419,C0284,M0002,36586.06,CARD,FAILED,2026-06-25 16:33:33.389258
T001420,C0003,M0002,23336.51,WALLET,SUCCESS,2026-07-25 12:59:06.584178
T001421,C0369,M0033,42205.15,NET_BANKING,FAILED,2026-06-21 21:10:29.324317
T001422,C0416,M0029,33200.45,WALLET,PENDING,2026-08-09 17:24:40.377179
T001423,C0414,M0001,12900.05,CARD,FAILED,2026-08-06 22:59:50.474833
T001424,C0049,M0050,38647.76,NET_BANKING,SUCCESS,2026-07-04 10:27:13.959507
T001425,C0134,M0050,2007.67,NET_BANKING,SUCCESS,2026-07-26 19:52:18.626904
T001426,C0178,M0025,12551.62,NET_BANKING,SUCCESS,2026-08-07 08:46:43.716094
T001427,C0304,M0007,9783.7,UPI,SUCCESS,2026-08-18 20:29:30.378518
T001428,C0140,M0039,15062.24,WALLET,SUCCESS,2026-06-29 04:04:48.014060
T001429,C0223,M0044,9847.82,UPI,SUCCESS,2026-07-15 01:40:05.783183
T001430,C0449,M0005,977.26,WALLET,SUCCESS,2026-08-17 10:53:26.156471
T001431,C0031,M0011,47196.59,NET_BANKING,FAILED,2026-07-02 14:09:32.351616
T001432,C0439,M0045,7723.98,WALLET,SUCCESS,2026-07-20 00:29:36.246078
T001433,C0329,M0025,1196.52,CARD,SUCCESS,2026-08-20 12:56:10.390963
T001434,C0327,M0019,6518.35,WALLET,SUCCESS,2026-08-13 19:13:58.069431
T001435,C0063,M0022,27595.74,WALLET,SUCCESS,2026-07-26 21:05:10.136774
T001436,C0317,M0040,46731.55,CARD,SUCCESS,2026-06-08 09:49:21.466058
T001437,C0057,M0020,32680.99,NET_BANKING,SUCCESS,2026-06-27 13:34:09.240934
T001438,C0038,M0005,45992.06,UPI,SUCCESS,2026-08-05 14:05:01.965196
T001439,C0168,M0049,26645.02,WALLET,FAILED,2026-06-19 18:13:50.283599
T001440,C0466,M0008,39972.23,NET_BANKING,SUCCESS,2026-08-28 19:17:31.303341
T001441,C0276,M0048,31819.25,WALLET,SUCCESS,2026-08-03 19:23:30.075007
T001442,C0125,M0004,42443.08,WALLET,PENDING,2026-07-10 09:29:19.478926
T001443,C0171,M0019,24850.94,WALLET,SUCCESS,2026-06-24 15:44:24.235552
T001444,C0131,M0013,16918.99,WALLET,SUCCESS,2026-08-07 21:02:04.602008
T001445,C0394,M0040,38271.45,WALLET,FAILED,2026-07-01 09:42:28.726579
T001446,C0045,M0026,9942.46,WALLET,SUCCESS,2026-07-04 19:14:01.692348
T001447,C0489,M0039,16004.55,CARD,SUCCESS,2026-08-29 21:04:48.399757
T001448,C0369,M0007,4633.31,NET_BANKING,SUCCESS,2026-08-13 07:50:00.869585
T001449,C0245,M0039,35849.91,WALLET,FAILED,2026-07-20 14:35:37.382100
T001450,C0309,M0012,44822.96,WALLET,SUCCESS,2026-09-05 20:11:15.598501
T001451,C0355,M0007,30985.6,NET_BANKING,SUCCESS,2026-06-27 22:49:50.213025
T001452,C0053,M0013,233.04,WALLET,SUCCESS,2026-06-21 22:28:52.941087
T001453,C0004,M0030,33855.14,NET_BANKING,SUCCESS,2026-07-28 03:24:20.888489
T001454,C0071,M0045,6542.82,UPI,SUCCESS,2026-07-22 20:27:51.677890
T001455,C0245,M0029,45964.29,CARD,SUCCESS,2026-09-04 06:08:47.104340
T001456,C0495,M0048,38553.54,CARD,SUCCESS,2026-07-07 04:51:15.094408
T001457,C0055,M0001,17893.73,WALLET,SUCCESS,2026-06-30 12:15:03.674642
T001458,C0362,M0046,46819.7,CARD,SUCCESS,2026-08-24 11:27:22.512337
T001459,C0285,M0021,46453.64,CARD,SUCCESS,2026-08-12 04:43:26.864261
T001460,C0067,M0046,38801.98,CARD,SUCCESS,2026-08-23 11:03:28.187939
T001461,C0353,M0008,23774.52,WALLET,SUCCESS,2026-06-22 02:46:14.673450
T001462,C0158,M0032,22720.81,CARD,SUCCESS,2026-08-19 14:59:47.184197
T001463,C0479,M0001,43658.53,NET_BANKING,SUCCESS,2026-06-23 02:31:35.314101
T001464,C0499,M0044,29192.12,WALLET,SUCCESS,2026-08-02 03:02:10.359619
T001465,C0069,M0045,47800.55,UPI,SUCCESS,2026-08-09 05:57:57.285012
T001466,C0437,M0014,19933.72,UPI,SUCCESS,2026-09-03 01:02:55.754085
T001467,C0467,M0044,45469.06,UPI,SUCCESS,2026-08-26 21:09:29.173223
T001468,C0499,M0036,49815.38,WALLET,FAILED,2026-07-13 14:00:28.192102
T001469,C0397,M0011,34906.56,UPI,FAILED,2026-08-28 22:42:01.510993
T001470,C0408,M0021,12287.86,CARD,SUCCESS,2026-06-25 00:02:08.667233
T001471,C0148,M0036,23748.54,NET_BANKING,SUCCESS,2026-08-14 18:48:13.072006
T001472,C0317,M0002,11531.78,NET_BANKING,SUCCESS,2026-07-23 02:51:47.760792
T001473,C0176,M0026,43313.27,UPI,SUCCESS,2026-09-04 15:17:53.449701
T001474,C0042,M0049,19972.56,CARD,SUCCESS,2026-07-19 04:03:22.474866
T001475,C0260,M0038,33181.37,WALLET,SUCCESS,2026-07-12 02:24:41.869851
T001476,C0413,M0018,19656.28,NET_BANKING,SUCCESS,2026-08-12 14:54:42.393618
T001477,C0147,M0039,36863.71,NET_BANKING,SUCCESS,2026-07-23 22:24:26.320877
T001478,C0034,M0037,75.9,CARD,SUCCESS,2026-08-16 12:56:56.061493
T001479,C0480,M0028,4965.6,CARD,PENDING,2026-07-27 19:11:50.015868
T001480,C0418,M0027,35546.71,NET_BANKING,SUCCESS,2026-08-22 20:58:04.855633
T001481,C0355,M0048,5439.1,WALLET,SUCCESS,2026-06-09 22:14:55.737406
T001482,C0140,M0027,28910.6,WALLET,SUCCESS,2026-08-10 16:34:38.357568
T001483,C0091,M0023,12251.6,WALLET,SUCCESS,2026-08-28 12:39:42.730515
T001484,C0290,M0049,12092.53,CARD,SUCCESS,2026-07-02 18:18:17.924223
T001485,C0437,M0040,43949.65,CARD,SUCCESS,2026-08-02 03:01:13.628801
T001486,C0047,M0007,41103.45,UPI,SUCCESS,2026-08-22 21:57:33.237910
T001487,C0310,M0010,672.65,CARD,SUCCESS,2026-06-21 15:53:47.427538
T001488,C0311,M0023,17109.7,UPI,SUCCESS,2026-07-22 04:32:40.239685
T001489,C0369,M0045,17009.75,WALLET,SUCCESS,2026-07-05 13:20:09.078559
T001490,C0078,M0019,14293.98,WALLET,SUCCESS,2026-06-18 14:24:26.341391
T001491,C0389,M0004,48846.97,CARD,SUCCESS,2026-08-27 02:20:29.450983
T001492,C0319,M0015,45389.8,UPI,SUCCESS,2026-08-07 12:11:28.761224
T001493,C0339,M0006,26681.9,WALLET,SUCCESS,2026-07-03 04:41:46.816569
T001494,C0010,M0037,12805.54,WALLET,FAILED,2026-07-01 19:46:31.864142
T001495,C0032,M0036,33215.75,WALLET,SUCCESS,2026-08-25 14:36:53.745983
T001496,C0418,M0021,29359.61,CARD,SUCCESS,2026-06-21 02:13:58.077520
T001497,C0045,M0010,41022.95,UPI,SUCCESS,2026-07-29 18:26:25.653406
T001498,C0194,M0033,951.29,UPI,SUCCESS,2026-06-16 22:02:44.592568
T001499,C0250,M0022,20401.56,CARD,FAILED,2026-07-16 09:43:21.555669
T001500,C0003,M0018,48288.62,WALLET,SUCCESS,2026-06-10 14:34:41.867329
T001501,C0452,M0032,24501.26,UPI,FAILED,2026-07-25 20:18:03.503689
T001502,C0324,M0016,46613.51,UPI,SUCCESS,2026-06-23 06:32:31.903945
T001503,C0379,M0039,46521.48,UPI,SUCCESS,2026-07-29 19:23:11.499199
T001504,C0418,M0007,20916.21,CARD,SUCCESS,2026-08-10 13:46:17.223490
T001505,C0077,M0042,44313.98,NET_BANKING,SUCCESS,2026-08-21 22:33:35.855738
T001506,C0204,M0006,13849.45,UPI,PENDING,2026-08-20 05:29:33.588152
T001507,C0120,M0018,3281.84,NET_BANKING,SUCCESS,2026-07-04 10:57:29.724343
T001508,C0385,M0038,36285.9,WALLET,SUCCESS,2026-06-20 16:06:42.871059
T001509,C0327,M0034,20434.24,WALLET,SUCCESS,2026-08-24 09:25:54.314809
T001510,C0230,M0040,8459.51,NET_BANKING,SUCCESS,2026-08-25 19:49:24.368807
T001511,C0403,M0021,13270.96,UPI,SUCCESS,2026-06-30 10:45:43.401236
T001512,C0408,M0016,12399.32,UPI,FAILED,2026-06-14 02:55:31.141475
T001513,C0337,M0029,44451.15,UPI,SUCCESS,2026-07-08 03:08:43.018852
T001514,C0145,M0008,18246.94,WALLET,SUCCESS,2026-07-23 02:07:46.438156
T001515,C0371,M0034,19822.23,UPI,SUCCESS,2026-07-31 03:06:13.614165
T001516,C0061,M0024,45643.24,UPI,SUCCESS,2026-06-09 16:55:12.352350
T001517,C0220,M0047,6942.25,UPI,SUCCESS,2026-08-31 07:21:52.539766
T001518,C0466,M0001,37973.13,CARD,PENDING,2026-07-29 02:19:34.039002
T001519,C0299,M0002,43647.18,UPI,SUCCESS,2026-07-09 09:45:17.257169
T001520,C0184,M0018,4983.48,WALLET,SUCCESS,2026-06-17 03:51:08.736200
T001521,C0067,M0025,37075.38,UPI,FAILED,2026-09-04 10:50:13.320216
T001522,C0122,M0032,39887.36,UPI,SUCCESS,2026-07-18 16:01:54.394968
T001523,C0139,M0044,8199.04,NET_BANKING,SUCCESS,2026-08-26 05:53:06.908545
T001524,C0029,M0002,21757.76,NET_BANKING,SUCCESS,2026-09-01 01:57:01.089313
T001525,C0475,M0004,24302.28,CARD,SUCCESS,2026-09-03 14:09:53.354673
T001526,C0494,M0045,14155.27,CARD,SUCCESS,2026-08-26 11:37:05.961312
T001527,C0156,M0023,38195.74,NET_BANKING,SUCCESS,2026-06-18 17:42:02.698343
T001528,C0219,M0045,9940.5,WALLET,SUCCESS,2026-08-23 04:13:14.432868
T001529,C0185,M0033,48027.35,UPI,SUCCESS,2026-08-17 10:37:44.874382
T001530,C0126,M0018,19461.87,CARD,SUCCESS,2026-08-11 11:06:51.667730
T001531,C0024,M0002,36441.41,WALLET,SUCCESS,2026-06-25 04:28:32.019959
T001532,C0420,M0045,25584.43,CARD,SUCCESS,2026-07-14 02:22:38.516216
T001533,C0056,M0006,1854.59,NET_BANKING,SUCCESS,2026-08-14 19:35:25.202312
T001534,C0013,M0017,18277.37,NET_BANKING,SUCCESS,2026-07-29 23:48:16.697239
T001535,C0040,M0008,31878.69,NET_BANKING,SUCCESS,2026-09-02 08:21:44.086158
T001536,C0263,M0001,8647.68,UPI,SUCCESS,2026-06-26 19:15:18.027716
T001537,C0084,M0034,12902.15,CARD,SUCCESS,2026-08-02 06:29:03.809357
T001538,C0202,M0047,1110.58,CARD,SUCCESS,2026-07-21 14:09:35.239784
T001539,C0039,M0002,32067.91,WALLET,SUCCESS,2026-07-03 08:52:20.206386
T001540,C0061,M0036,8522.12,WALLET,SUCCESS,2026-06-22 11:02:22.047405
T001541,C0394,M0013,41463.31,CARD,FAILED,2026-07-11 00:01:42.652728
T001542,C0402,M0003,40788.68,WALLET,PENDING,2026-07-19 19:50:31.970024
T001543,C0194,M0025,42516.29,NET_BANKING,SUCCESS,2026-07-18 03:40:45.299550
T001544,C0400,M0011,37721.53,WALLET,PENDING,2026-08-13 19:07:55.051832
T001545,C0255,M0009,8164.58,WALLET,PENDING,2026-06-12 20:40:11.886493
T001546,C0448,M0022,8097.41,UPI,SUCCESS,2026-07-07 03:52:13.278611
T001547,C0242,M0039,25350.06,CARD,SUCCESS,2026-06-16 19:29:25.132279
T001548,C0388,M0034,30830.94,NET_BANKING,PENDING,2026-08-11 18:47:09.307923
T001549,C0459,M0039,40097.51,UPI,SUCCESS,2026-08-23 18:41:22.337511
T001550,C0157,M0036,15498.96,UPI,SUCCESS,2026-08-01 21:01:01.773546
T001551,C0191,M0011,12408.67,UPI,PENDING,2026-08-13 04:51:21.715443
T001552,C0278,M0020,19973.37,CARD,SUCCESS,2026-08-23 06:45:53.752650
T001553,C0424,M0022,1702.38,CARD,SUCCESS,2026-07-23 23:41:43.620514
T001554,C0369,M0017,17400.48,CARD,SUCCESS,2026-06-11 14:25:30.193243
T001555,C0454,M0041,3731.93,NET_BANKING,SUCCESS,2026-07-14 02:01:40.070296
T001556,C0486,M0001,31889.13,WALLET,SUCCESS,2026-08-18 17:00:24.743351
T001557,C0490,M0025,49958.38,CARD,SUCCESS,2026-07-05 12:45:54.990205
T001558,C0235,M0046,32407.21,NET_BANKING,FAILED,2026-08-14 00:35:22.551682
T001559,C0404,M0006,15183.22,UPI,SUCCESS,2026-08-28 19:34:57.838664
T001560,C0295,M0004,42510.67,CARD,SUCCESS,2026-06-19 16:42:11.773161
T001561,C0481,M0017,41954.08,NET_BANKING,SUCCESS,2026-08-20 10:04:36.011683
T001562,C0209,M0013,24770.29,WALLET,SUCCESS,2026-06-15 04:09:23.833518
T001563,C0235,M0019,46055.8,UPI,SUCCESS,2026-07-25 19:32:15.112502
T001564,C0181,M0019,40454.11,UPI,SUCCESS,2026-08-05 22:55:38.737594
T001565,C0132,M0007,20209.4,UPI,SUCCESS,2026-08-21 20:51:46.825638
T001566,C0315,M0040,32685.73,UPI,SUCCESS,2026-08-12 12:26:12.608754
T001567,C0196,M0029,37395.0,CARD,SUCCESS,2026-06-12 01:50:10.475120
T001568,C0371,M0009,30141.33,WALLET,SUCCESS,2026-08-05 01:43:21.464707
T001569,C0354,M0036,48453.55,NET_BANKING,SUCCESS,2026-08-11 11:30:11.521531
T001570,C0239,M0037,32358.52,UPI,SUCCESS,2026-07-15 03:45:10.933444
T001571,C0472,M0011,24947.68,WALLET,SUCCESS,2026-08-25 13:36:31.534968
T001572,C0221,M0045,12397.84,NET_BANKING,SUCCESS,2026-06-08 21:04:35.670197
T001573,C0437,M0023,3086.63,WALLET,SUCCESS,2026-06-23 19:50:12.110166
T001574,C0236,M0038,39207.51,CARD,SUCCESS,2026-08-08 22:44:29.668256
T001575,C0466,M0029,19092.33,NET_BANKING,SUCCESS,2026-07-05 05:47:20.424891
T001576,C0435,M0016,1783.31,NET_BANKING,SUCCESS,2026-08-02 11:49:10.956061
T001577,C0206,M0009,45910.83,NET_BANKING,SUCCESS,2026-08-22 21:19:05.701298
T001578,C0498,M0046,23041.06,NET_BANKING,SUCCESS,2026-08-25 18:30:00.314651
T001579,C0069,M0007,27334.96,WALLET,SUCCESS,2026-07-08 14:39:57.113076
T001580,C0500,M0043,27122.06,UPI,SUCCESS,2026-07-20 17:57:00.696287
T001581,C0193,M0039,46519.59,NET_BANKING,SUCCESS,2026-08-26 04:28:07.775808
T001582,C0288,M0003,41984.85,UPI,SUCCESS,2026-06-19 09:58:11.877986
T001583,C0261,M0042,29714.93,NET_BANKING,SUCCESS,2026-06-11 22:55:20.373381
T001584,C0458,M0002,8386.59,NET_BANKING,FAILED,2026-07-10 03:42:17.147327
T001585,C0237,M0022,44413.17,NET_BANKING,SUCCESS,2026-06-09 04:14:44.289151
T001586,C0246,M0028,2753.95,UPI,SUCCESS,2026-08-18 05:58:34.916566
T001587,C0264,M0042,30120.99,WALLET,SUCCESS,2026-08-30 17:24:39.563261
T001588,C0243,M0014,26802.35,CARD,SUCCESS,2026-07-03 19:13:14.228319
T001589,C0205,M0025,3993.34,UPI,SUCCESS,2026-06-11 19:45:49.505182
T001590,C0331,M0037,29178.16,NET_BANKING,SUCCESS,2026-06-08 09:49:00.397799
T001591,C0500,M0005,23780.61,CARD,SUCCESS,2026-08-29 11:18:19.943395
T001592,C0029,M0001,33340.09,CARD,SUCCESS,2026-06-09 13:12:44.783367
T001593,C0258,M0008,1779.09,WALLET,SUCCESS,2026-08-07 13:37:30.908143
T001594,C0154,M0036,38887.01,UPI,SUCCESS,2026-07-24 07:19:34.576498
T001595,C0438,M0014,41431.65,UPI,SUCCESS,2026-08-23 11:41:15.326945
T001596,C0254,M0022,10027.39,CARD,SUCCESS,2026-07-05 14:46:02.219242
T001597,C0131,M0022,34178.82,CARD,SUCCESS,2026-07-23 13:26:33.207346
T001598,C0157,M0044,13187.93,UPI,SUCCESS,2026-07-13 12:54:53.044143
T001599,C0197,M0001,25769.74,CARD,FAILED,2026-07-19 08:25:39.757076
T001600,C0113,M0024,10049.7,NET_BANKING,SUCCESS,2026-06-11 03:19:51.109073
T001601,C0336,M0014,4115.67,CARD,SUCCESS,2026-08-20 03:42:47.430398
T001602,C0162,M0024,27620.35,NET_BANKING,SUCCESS,2026-08-14 15:35:36.572710
T001603,C0360,M0044,40358.05,CARD,FAILED,2026-07-21 02:14:52.331323
T001604,C0495,M0031,2460.97,NET_BANKING,SUCCESS,2026-06-11 07:42:01.107042
T001605,C0286,M0024,14628.21,UPI,SUCCESS,2026-08-07 17:16:30.463913
T001606,C0269,M0047,31814.62,UPI,FAILED,2026-07-03 10:57:02.331550
T001607,C0184,M0002,32412.7,WALLET,FAILED,2026-09-04 13:27:02.017055
T001608,C0479,M0002,47395.39,UPI,SUCCESS,2026-07-06 01:02:10.140394
T001609,C0429,M0009,24841.24,NET_BANKING,SUCCESS,2026-06-20 18:04:30.209366
T001610,C0388,M0047,44572.08,NET_BANKING,SUCCESS,2026-07-28 11:12:38.887202
T001611,C0017,M0012,27930.29,UPI,SUCCESS,2026-06-11 22:15:28.677695
T001612,C0004,M0006,14094.04,UPI,SUCCESS,2026-07-07 01:57:42.100791
T001613,C0095,M0005,37569.17,NET_BANKING,SUCCESS,2026-06-11 05:50:45.915637
T001614,C0463,M0018,36267.81,NET_BANKING,SUCCESS,2026-07-10 18:07:22.507444
T001615,C0441,M0016,10307.71,WALLET,SUCCESS,2026-08-11 18:51:55.564401
T001616,C0257,M0014,40161.93,CARD,SUCCESS,2026-06-26 07:06:52.374239
T001617,C0068,M0026,41071.2,UPI,SUCCESS,2026-06-20 22:46:26.821285
T001618,C0364,M0034,18732.49,UPI,SUCCESS,2026-06-16 11:12:33.868176
T001619,C0452,M0041,41408.43,WALLET,SUCCESS,2026-08-27 04:37:26.291834
T001620,C0154,M0039,18115.57,WALLET,SUCCESS,2026-09-01 07:28:36.590786
T001621,C0494,M0022,36385.69,UPI,SUCCESS,2026-07-19 21:35:00.209805
T001622,C0443,M0007,10667.78,UPI,SUCCESS,2026-06-20 03:13:07.718371
T001623,C0075,M0045,3363.39,NET_BANKING,SUCCESS,2026-08-28 15:02:53.247904
T001624,C0292,M0018,36524.47,NET_BANKING,SUCCESS,2026-08-23 03:42:28.197475
T001625,C0149,M0015,13948.81,CARD,SUCCESS,2026-07-08 20:03:24.422073
T001626,C0129,M0038,11568.39,WALLET,SUCCESS,2026-09-05 10:44:05.750254
T001627,C0398,M0022,38087.62,UPI,SUCCESS,2026-07-21 08:10:30.447389
T001628,C0361,M0012,39104.34,WALLET,SUCCESS,2026-06-20 02:24:52.495013
T001629,C0120,M0046,42647.15,WALLET,SUCCESS,2026-08-14 18:59:57.698542
T001630,C0023,M0016,45966.88,UPI,SUCCESS,2026-07-29 03:02:07.023546
T001631,C0334,M0026,19518.29,UPI,SUCCESS,2026-07-08 09:21:47.551240
T001632,C0104,M0006,8604.08,NET_BANKING,SUCCESS,2026-08-10 15:45:01.538990
T001633,C0377,M0047,532.45,UPI,SUCCESS,2026-07-10 16:51:58.737030
T001634,C0224,M0027,33234.03,UPI,SUCCESS,2026-08-14 01:08:53.991286
T001635,C0442,M0037,5706.13,CARD,PENDING,2026-08-04 17:30:51.783185
T001636,C0328,M0013,21233.28,WALLET,SUCCESS,2026-08-05 12:45:19.308270
T001637,C0194,M0025,9453.52,WALLET,SUCCESS,2026-07-23 07:00:32.993259
T001638,C0015,M0021,30690.29,NET_BANKING,SUCCESS,2026-06-23 22:09:39.343246
T001639,C0360,M0034,11672.43,NET_BANKING,SUCCESS,2026-08-16 11:52:33.336063
T001640,C0391,M0040,24217.23,CARD,PENDING,2026-09-02 07:15:02.572565
T001641,C0080,M0032,40731.8,UPI,SUCCESS,2026-07-21 17:48:29.418255
T001642,C0494,M0042,47233.9,WALLET,SUCCESS,2026-07-12 03:54:57.775441
T001643,C0437,M0042,42762.6,CARD,SUCCESS,2026-08-27 20:46:38.694755
T001644,C0500,M0001,9782.86,NET_BANKING,SUCCESS,2026-07-04 20:30:29.849623
T001645,C0148,M0013,2388.73,WALLET,SUCCESS,2026-06-16 00:27:44.238101
T001646,C0462,M0006,17562.76,CARD,SUCCESS,2026-08-31 08:10:17.400197
T001647,C0428,M0026,19513.31,WALLET,SUCCESS,2026-06-22 22:24:39.719990
T001648,C0087,M0032,47264.25,NET_BANKING,SUCCESS,2026-08-23 23:21:19.633785
T001649,C0065,M0015,16165.7,UPI,SUCCESS,2026-07-29 10:20:24.837417
T001650,C0295,M0020,5432.34,UPI,SUCCESS,2026-08-09 20:28:58.764442
T001651,C0054,M0029,43086.42,UPI,SUCCESS,2026-08-22 04:22:24.174120
T001652,C0351,M0002,10258.72,WALLET,SUCCESS,2026-06-19 17:02:57.174577
T001653,C0099,M0034,1551.09,UPI,SUCCESS,2026-08-03 08:23:58.186119
T001654,C0362,M0047,41593.15,CARD,SUCCESS,2026-06-16 20:47:27.742882
T001655,C0373,M0034,2315.87,UPI,SUCCESS,2026-07-22 21:09:12.174877
T001656,C0052,M0036,20048.35,UPI,SUCCESS,2026-06-29 14:15:38.047756
T001657,C0140,M0011,16669.79,NET_BANKING,SUCCESS,2026-07-04 01:19:47.643379
T001658,C0489,M0018,19379.21,NET_BANKING,SUCCESS,2026-07-06 13:33:01.097109
T001659,C0015,M0011,19334.16,CARD,SUCCESS,2026-08-30 23:45:39.535138
T001660,C0003,M0039,26449.24,WALLET,SUCCESS,2026-07-26 20:38:25.012151
T001661,C0019,M0017,42739.58,CARD,SUCCESS,2026-09-05 10:03:53.470501
T001662,C0405,M0002,34694.46,CARD,SUCCESS,2026-08-02 07:11:01.702787
T001663,C0111,M0036,48930.26,UPI,SUCCESS,2026-08-13 23:52:43.885467
T001664,C0495,M0031,19970.69,NET_BANKING,SUCCESS,2026-07-07 16:47:07.272685
T001665,C0120,M0033,49439.81,UPI,SUCCESS,2026-08-28 16:03:36.717963
T001666,C0198,M0019,17264.22,WALLET,SUCCESS,2026-08-02 09:23:19.546901
T001667,C0384,M0024,6769.86,NET_BANKING,SUCCESS,2026-08-12 03:39:20.263314
T001668,C0026,M0048,7887.35,WALLET,SUCCESS,2026-06-28 12:27:38.673283
T001669,C0036,M0039,6951.28,NET_BANKING,SUCCESS,2026-08-02 13:13:51.772614
T001670,C0375,M0022,15568.41,UPI,SUCCESS,2026-06-23 11:04:05.441820
T001671,C0224,M0041,3248.12,CARD,PENDING,2026-06-22 06:58:25.736923
T001672,C0248,M0002,32161.92,CARD,FAILED,2026-08-14 14:10:39.271116
T001673,C0116,M0050,20933.74,WALLET,SUCCESS,2026-08-01 16:34:21.453174
T001674,C0396,M0041,20799.23,CARD,SUCCESS,2026-06-10 13:37:19.535877
T001675,C0380,M0019,17370.18,UPI,SUCCESS,2026-08-20 21:27:32.238970
T001676,C0278,M0005,30193.62,CARD,SUCCESS,2026-07-17 18:33:07.870376
T001677,C0386,M0027,21514.52,CARD,SUCCESS,2026-08-10 00:43:11.247196
T001678,C0248,M0028,2813.76,UPI,SUCCESS,2026-08-26 14:44:32.711368
T001679,C0456,M0031,40744.02,CARD,SUCCESS,2026-07-21 14:26:05.996930
T001680,C0129,M0025,14354.16,UPI,SUCCESS,2026-08-01 09:24:21.817103
T001681,C0296,M0031,5017.42,CARD,SUCCESS,2026-08-15 18:35:19.071790
T001682,C0373,M0016,48125.97,CARD,SUCCESS,2026-06-08 10:23:23.635714
T001683,C0277,M0044,26616.72,UPI,SUCCESS,2026-06-12 18:23:14.530499
T001684,C0381,M0044,25194.82,UPI,SUCCESS,2026-08-04 10:50:06.831075
T001685,C0195,M0039,47265.71,UPI,SUCCESS,2026-07-08 05:01:31.708738
T001686,C0107,M0042,2723.84,NET_BANKING,SUCCESS,2026-08-03 15:32:40.867515
T001687,C0388,M0024,15715.52,CARD,SUCCESS,2026-06-17 04:12:19.370111
T001688,C0044,M0006,21893.59,CARD,SUCCESS,2026-09-05 03:50:37.604296
T001689,C0191,M0014,11240.02,CARD,SUCCESS,2026-07-15 02:42:11.835434
T001690,C0357,M0041,33409.49,CARD,SUCCESS,2026-09-02 16:55:56.126632
T001691,C0285,M0016,32119.62,CARD,SUCCESS,2026-06-18 11:11:50.158600
T001692,C0283,M0004,11114.61,UPI,SUCCESS,2026-07-19 23:47:13.388396
T001693,C0380,M0010,36941.05,NET_BANKING,SUCCESS,2026-08-09 14:47:48.253891
T001694,C0230,M0022,28632.91,CARD,SUCCESS,2026-08-07 14:13:07.977507
T001695,C0190,M0041,24654.54,NET_BANKING,SUCCESS,2026-06-13 04:33:24.954014
T001696,C0178,M0011,175.69,UPI,SUCCESS,2026-09-03 10:20:20.381416
T001697,C0034,M0041,12485.8,CARD,SUCCESS,2026-07-15 04:43:11.905101
T001698,C0238,M0047,34720.17,UPI,SUCCESS,2026-08-25 06:25:41.538562
T001699,C0238,M0021,31400.83,WALLET,SUCCESS,2026-07-25 15:11:22.638579
T001700,C0269,M0024,24447.6,CARD,SUCCESS,2026-09-05 03:12:45.642567
T001701,C0099,M0011,40838.68,NET_BANKING,SUCCESS,2026-06-30 10:37:31.858665
T001702,C0070,M0033,2551.88,WALLET,SUCCESS,2026-07-26 02:03:13.067624
T001703,C0358,M0033,36388.06,WALLET,SUCCESS,2026-08-09 21:17:54.550876
T001704,C0022,M0017,1922.55,NET_BANKING,SUCCESS,2026-08-26 08:49:31.098217
T001705,C0453,M0042,36908.38,WALLET,PENDING,2026-06-11 22:52:39.469286
T001706,C0126,M0024,29669.67,NET_BANKING,SUCCESS,2026-06-18 18:14:50.163363
T001707,C0050,M0009,33772.48,WALLET,SUCCESS,2026-07-25 22:10:47.117013
T001708,C0122,M0031,17158.05,NET_BANKING,SUCCESS,2026-07-25 20:52:56.580994
T001709,C0237,M0015,34159.9,UPI,FAILED,2026-08-19 19:03:27.270355
T001710,C0175,M0041,28642.75,NET_BANKING,SUCCESS,2026-07-14 20:16:08.583885
T001711,C0046,M0034,4181.81,CARD,FAILED,2026-08-18 02:49:27.567729
T001712,C0471,M0003,14661.06,UPI,SUCCESS,2026-08-09 06:21:08.241809
T001713,C0264,M0027,33133.11,NET_BANKING,SUCCESS,2026-06-12 05:16:42.901709
T001714,C0459,M0009,2352.71,NET_BANKING,SUCCESS,2026-07-09 08:21:20.598104
T001715,C0055,M0008,23078.38,CARD,FAILED,2026-08-01 11:15:18.499915
T001716,C0309,M0006,567.6,CARD,SUCCESS,2026-07-18 20:16:12.597824
T001717,C0366,M0038,37457.35,UPI,SUCCESS,2026-08-12 14:43:29.359716
T001718,C0224,M0042,35830.09,WALLET,SUCCESS,2026-07-10 22:45:18.526235
T001719,C0380,M0034,49873.29,CARD,SUCCESS,2026-08-25 18:07:12.239725
T001720,C0293,M0044,31434.64,NET_BANKING,SUCCESS,2026-06-26 08:54:04.201145
T001721,C0303,M0029,14503.29,CARD,SUCCESS,2026-08-30 06:39:42.116201
T001722,C0065,M0005,10757.74,CARD,SUCCESS,2026-09-02 10:33:19.925235
T001723,C0094,M0041,27883.33,WALLET,SUCCESS,2026-09-05 05:07:58.419699
T001724,C0473,M0037,400.6,NET_BANKING,SUCCESS,2026-09-05 01:36:27.523644
T001725,C0235,M0001,26788.72,UPI,SUCCESS,2026-07-29 11:49:06.077313
T001726,C0340,M0009,41180.29,NET_BANKING,FAILED,2026-08-28 20:31:56.473531
T001727,C0001,M0039,30634.52,CARD,SUCCESS,2026-08-02 09:42:17.261732
T001728,C0060,M0027,41107.05,NET_BANKING,SUCCESS,2026-07-05 05:30:23.586247
T001729,C0284,M0043,28496.19,CARD,SUCCESS,2026-07-03 04:21:46.357476
T001730,C0013,M0047,33008.24,CARD,SUCCESS,2026-06-09 17:22:21.064819
T001731,C0492,M0031,13374.17,NET_BANKING,FAILED,2026-09-05 02:21:21.873432
T001732,C0099,M0037,1929.51,WALLET,SUCCESS,2026-09-03 23:46:43.907621
T001733,C0277,M0034,8656.99,CARD,SUCCESS,2026-07-27 12:17:05.900520
T001734,C0272,M0008,1184.49,WALLET,SUCCESS,2026-07-07 07:55:29.724358
T001735,C0192,M0027,10834.61,NET_BANKING,SUCCESS,2026-08-08 01:33:29.013650
T001736,C0047,M0021,44144.03,WALLET,SUCCESS,2026-06-25 03:00:39.698125
T001737,C0440,M0047,3296.69,NET_BANKING,SUCCESS,2026-06-21 19:36:23.440115
T001738,C0334,M0007,18395.85,UPI,SUCCESS,2026-08-18 07:04:32.496362
T001739,C0444,M0036,41081.31,CARD,SUCCESS,2026-07-10 22:43:42.397755
T001740,C0466,M0043,1383.05,WALLET,SUCCESS,2026-08-09 00:07:57.591118
T001741,C0286,M0018,12683.79,CARD,SUCCESS,2026-07-05 09:33:05.476136
T001742,C0032,M0001,25945.59,NET_BANKING,SUCCESS,2026-07-28 15:00:29.882005
T001743,C0375,M0024,31713.56,UPI,SUCCESS,2026-07-29 00:53:47.483326
T001744,C0076,M0045,48134.36,NET_BANKING,SUCCESS,2026-06-16 14:56:01.158470
T001745,C0384,M0016,27837.48,UPI,SUCCESS,2026-07-29 16:53:32.594368
T001746,C0044,M0003,13914.15,UPI,FAILED,2026-08-30 15:01:40.221446
T001747,C0216,M0010,43588.52,UPI,SUCCESS,2026-08-26 07:31:15.849723
T001748,C0402,M0003,42324.31,UPI,FAILED,2026-07-19 10:03:10.346248
T001749,C0213,M0010,17791.65,CARD,SUCCESS,2026-09-04 21:09:35.988099
T001750,C0366,M0023,36037.13,NET_BANKING,FAILED,2026-07-07 02:18:29.271482
T001751,C0223,M0011,1620.16,WALLET,SUCCESS,2026-07-03 02:01:33.512823
T001752,C0471,M0002,1402.41,NET_BANKING,PENDING,2026-06-14 23:45:45.878838
T001753,C0353,M0024,24496.28,UPI,SUCCESS,2026-07-24 22:07:03.917884
T001754,C0190,M0028,15800.63,UPI,SUCCESS,2026-08-28 01:39:52.015785
T001755,C0117,M0038,34761.69,UPI,SUCCESS,2026-08-16 09:47:33.478975
T001756,C0159,M0023,14836.55,WALLET,SUCCESS,2026-07-14 05:45:07.793908
T001757,C0471,M0015,37637.33,NET_BANKING,PENDING,2026-07-22 15:52:33.878748
T001758,C0214,M0046,36336.16,UPI,SUCCESS,2026-07-22 01:16:26.002160
T001759,C0385,M0007,39138.66,CARD,SUCCESS,2026-07-24 20:10:07.844062
T001760,C0167,M0044,17631.32,UPI,SUCCESS,2026-08-09 06:49:09.011832
T001761,C0462,M0033,19293.38,WALLET,SUCCESS,2026-06-29 20:49:51.817498
T001762,C0259,M0007,19985.62,CARD,SUCCESS,2026-09-05 01:59:16.904135
T001763,C0385,M0039,32719.82,NET_BANKING,SUCCESS,2026-06-27 04:59:39.860325
T001764,C0377,M0049,3415.26,WALLET,SUCCESS,2026-09-03 16:52:00.165172
T001765,C0192,M0037,40354.09,NET_BANKING,SUCCESS,2026-06-21 11:52:30.266425
T001766,C0439,M0008,7586.37,UPI,SUCCESS,2026-07-06 20:01:30.713200
T001767,C0489,M0044,15515.63,WALLET,SUCCESS,2026-08-20 00:39:21.350800
T001768,C0163,M0011,26813.96,WALLET,SUCCESS,2026-06-20 15:38:24.172891
T001769,C0288,M0033,28465.85,UPI,SUCCESS,2026-08-31 13:51:00.920805
T001770,C0450,M0017,42703.6,CARD,SUCCESS,2026-06-11 01:15:51.628695
T001771,C0224,M0027,37310.31,UPI,SUCCESS,2026-07-19 05:12:45.030952
T001772,C0394,M0043,45900.6,UPI,SUCCESS,2026-06-23 23:26:28.100059
T001773,C0003,M0047,39887.49,WALLET,SUCCESS,2026-07-08 11:18:17.545772
T001774,C0118,M0015,41633.81,CARD,SUCCESS,2026-06-30 20:58:48.712919
T001775,C0318,M0014,6919.2,CARD,SUCCESS,2026-08-21 11:34:30.559124
T001776,C0037,M0034,5987.35,WALLET,SUCCESS,2026-07-13 20:44:18.638303
T001777,C0327,M0008,2930.56,NET_BANKING,SUCCESS,2026-08-04 23:17:09.503589
T001778,C0390,M0003,47603.73,NET_BANKING,SUCCESS,2026-07-20 21:43:19.099910
T001779,C0035,M0027,39647.95,WALLET,FAILED,2026-07-08 18:14:04.327524
T001780,C0192,M0042,18083.46,CARD,SUCCESS,2026-07-29 11:04:50.953938
T001781,C0405,M0043,14193.67,WALLET,SUCCESS,2026-08-21 18:57:55.505106
T001782,C0402,M0041,4073.01,WALLET,SUCCESS,2026-07-05 18:02:47.873968
T001783,C0185,M0003,13431.59,CARD,SUCCESS,2026-08-04 20:12:00.508567
T001784,C0354,M0044,14330.77,UPI,SUCCESS,2026-06-25 09:31:59.530330
T001785,C0016,M0047,15541.23,NET_BANKING,SUCCESS,2026-09-02 03:12:55.689364
T001786,C0218,M0028,14544.76,CARD,SUCCESS,2026-07-03 12:50:46.096693
T001787,C0212,M0036,20575.03,UPI,SUCCESS,2026-07-06 15:31:35.540516
T001788,C0122,M0029,30416.07,WALLET,SUCCESS,2026-07-14 19:05:05.254982
T001789,C0348,M0039,10601.15,NET_BANKING,SUCCESS,2026-07-01 12:24:22.628803
T001790,C0266,M0035,40525.8,CARD,FAILED,2026-06-09 16:01:56.406349
T001791,C0267,M0005,39342.71,UPI,SUCCESS,2026-06-29 05:59:02.251838
T001792,C0482,M0037,31307.22,WALLET,FAILED,2026-09-02 04:05:15.489101
T001793,C0492,M0005,30057.18,CARD,FAILED,2026-08-11 02:17:20.836954
T001794,C0051,M0004,44314.46,CARD,SUCCESS,2026-08-18 23:28:01.918180
T001795,C0236,M0050,5600.52,NET_BANKING,SUCCESS,2026-08-03 08:10:29.840050
T001796,C0257,M0005,8781.26,UPI,SUCCESS,2026-07-30 21:50:23.459808
T001797,C0067,M0016,49607.75,CARD,PENDING,2026-08-02 02:14:19.388879
T001798,C0447,M0014,12897.59,NET_BANKING,SUCCESS,2026-07-11 22:46:26.193627
T001799,C0301,M0032,47968.66,NET_BANKING,SUCCESS,2026-08-02 10:57:40.939825
T001800,C0064,M0032,33960.18,UPI,FAILED,2026-07-02 07:36:28.976390
T001801,C0267,M0042,44504.96,UPI,SUCCESS,2026-08-15 01:46:00.140839
T001802,C0234,M0022,26612.1,CARD,SUCCESS,2026-06-09 18:39:21.035613
T001803,C0321,M0039,32390.9,UPI,SUCCESS,2026-07-11 05:30:24.077420
T001804,C0491,M0018,17896.15,WALLET,FAILED,2026-07-11 21:48:06.403173
T001805,C0306,M0007,24427.33,UPI,SUCCESS,2026-08-29 11:17:53.625129
T001806,C0027,M0032,42520.97,UPI,SUCCESS,2026-08-18 07:03:58.426284
T001807,C0165,M0049,37508.68,NET_BANKING,SUCCESS,2026-06-11 18:01:24.510787
T001808,C0310,M0003,47234.22,UPI,SUCCESS,2026-06-09 10:25:10.895923
T001809,C0211,M0027,17025.27,CARD,SUCCESS,2026-07-09 05:00:36.270031
T001810,C0226,M0005,43297.8,NET_BANKING,SUCCESS,2026-06-24 00:27:33.199708
T001811,C0050,M0008,18718.88,WALLET,SUCCESS,2026-07-14 06:26:12.112234
T001812,C0337,M0048,10046.85,CARD,SUCCESS,2026-07-02 01:20:40.930767
T001813,C0485,M0027,5871.29,WALLET,FAILED,2026-06-21 22:39:55.020408
T001814,C0069,M0039,44762.04,UPI,FAILED,2026-08-29 10:40:34.648001
T001815,C0139,M0011,46412.97,CARD,SUCCESS,2026-08-18 07:46:05.400285
T001816,C0345,M0019,42999.18,NET_BANKING,SUCCESS,2026-07-05 12:32:26.482070
T001817,C0025,M0049,42807.02,WALLET,SUCCESS,2026-08-31 09:19:33.413180
T001818,C0487,M0003,22445.12,WALLET,SUCCESS,2026-07-30 19:41:49.929404
T001819,C0274,M0007,42399.8,UPI,SUCCESS,2026-07-23 08:55:07.180076
T001820,C0162,M0031,528.51,NET_BANKING,SUCCESS,2026-07-04 03:00:40.216756
T001821,C0059,M0027,15446.26,NET_BANKING,SUCCESS,2026-08-22 06:39:19.849886
T001822,C0466,M0030,39574.71,NET_BANKING,SUCCESS,2026-07-17 11:37:12.307121
T001823,C0389,M0023,32414.87,CARD,SUCCESS,2026-07-01 21:52:13.777782
T001824,C0179,M0020,21303.24,WALLET,SUCCESS,2026-07-22 08:00:56.111188
T001825,C0041,M0022,17447.13,CARD,SUCCESS,2026-08-16 17:55:34.306677
T001826,C0481,M0024,16358.38,UPI,SUCCESS,2026-07-16 02:32:31.780684
T001827,C0269,M0019,5026.33,WALLET,SUCCESS,2026-06-26 22:59:08.647250
T001828,C0366,M0050,33999.02,CARD,SUCCESS,2026-06-10 14:38:53.468799
T001829,C0396,M0039,7921.79,UPI,PENDING,2026-08-17 03:12:07.251955
T001830,C0395,M0046,36850.7,UPI,SUCCESS,2026-07-19 12:47:06.093035
T001831,C0157,M0033,24392.3,WALLET,SUCCESS,2026-06-09 06:23:54.616139
T001832,C0285,M0007,21913.18,UPI,SUCCESS,2026-06-12 23:05:44.405237
T001833,C0124,M0016,21436.71,NET_BANKING,SUCCESS,2026-07-03 08:59:05.545146
T001834,C0110,M0008,46448.35,CARD,FAILED,2026-06-25 02:14:56.261013
T001835,C0377,M0005,1357.71,UPI,SUCCESS,2026-07-27 19:50:50.733416
T001836,C0379,M0041,11407.24,UPI,SUCCESS,2026-07-29 08:25:31.230916
T001837,C0209,M0047,39752.9,NET_BANKING,SUCCESS,2026-09-02 20:24:35.311194
T001838,C0064,M0021,33165.86,NET_BANKING,SUCCESS,2026-06-09 14:14:02.561131
T001839,C0495,M0038,48713.94,CARD,PENDING,2026-06-21 21:32:40.976676
T001840,C0486,M0015,33818.09,WALLET,SUCCESS,2026-07-01 04:22:16.992062
T001841,C0005,M0005,453.51,UPI,SUCCESS,2026-06-19 07:12:48.092844
T001842,C0042,M0017,17567.36,WALLET,SUCCESS,2026-06-09 02:13:58.786223
T001843,C0367,M0019,43705.77,WALLET,SUCCESS,2026-07-10 20:51:36.709745
T001844,C0325,M0006,40766.7,UPI,SUCCESS,2026-09-01 03:00:48.619964
T001845,C0306,M0005,28417.59,CARD,SUCCESS,2026-06-23 05:50:04.125644
T001846,C0365,M0013,14165.4,UPI,SUCCESS,2026-06-22 11:07:13.903786
T001847,C0335,M0037,30094.52,NET_BANKING,SUCCESS,2026-07-24 20:17:15.788164
T001848,C0315,M0029,30041.35,UPI,FAILED,2026-07-03 16:44:37.979188
T001849,C0414,M0010,47386.41,NET_BANKING,SUCCESS,2026-06-23 18:23:38.819236
T001850,C0222,M0002,39396.36,CARD,FAILED,2026-07-13 10:06:23.541981
T001851,C0229,M0034,24572.3,UPI,SUCCESS,2026-08-20 12:08:32.951432
T001852,C0222,M0015,34156.02,CARD,SUCCESS,2026-06-09 09:44:18.544065
T001853,C0047,M0016,21940.18,CARD,SUCCESS,2026-06-23 03:55:59.686993
T001854,C0360,M0037,9318.2,NET_BANKING,SUCCESS,2026-07-11 06:54:13.628688
T001855,C0428,M0014,16200.65,CARD,SUCCESS,2026-07-12 15:33:47.470607
T001856,C0222,M0041,30132.43,WALLET,SUCCESS,2026-07-11 15:01:05.825743
T001857,C0208,M0037,5846.55,WALLET,SUCCESS,2026-07-21 12:42:52.331902
T001858,C0090,M0020,40473.88,UPI,SUCCESS,2026-07-17 20:38:33.833170
T001859,C0146,M0031,20676.66,WALLET,SUCCESS,2026-08-15 15:48:06.504895
T001860,C0494,M0019,37789.03,CARD,FAILED,2026-07-11 03:50:40.203776
T001861,C0470,M0033,46882.35,WALLET,SUCCESS,2026-07-24 10:00:06.854979
T001862,C0056,M0032,7172.1,NET_BANKING,SUCCESS,2026-08-30 09:48:29.121011
T001863,C0333,M0011,36277.75,WALLET,SUCCESS,2026-08-15 01:44:00.411486
T001864,C0042,M0040,12715.58,NET_BANKING,SUCCESS,2026-07-07 05:13:29.250829
T001865,C0482,M0014,23886.4,NET_BANKING,SUCCESS,2026-07-22 23:05:33.061165
T001866,C0312,M0022,11712.85,CARD,SUCCESS,2026-06-12 06:24:26.679648
T001867,C0448,M0026,46551.02,WALLET,FAILED,2026-08-05 12:12:04.031230
T001868,C0430,M0044,19428.2,WALLET,SUCCESS,2026-06-13 01:27:47.356158
T001869,C0497,M0009,16730.56,UPI,SUCCESS,2026-07-06 02:07:50.577967
T001870,C0183,M0023,36061.09,NET_BANKING,FAILED,2026-07-16 18:40:23.133540
T001871,C0366,M0012,3396.71,WALLET,SUCCESS,2026-08-25 00:15:45.736798
T001872,C0006,M0038,25054.27,NET_BANKING,SUCCESS,2026-06-22 17:44:07.622676
T001873,C0273,M0008,1958.58,WALLET,SUCCESS,2026-06-24 17:00:36.640845
T001874,C0395,M0029,17005.1,UPI,SUCCESS,2026-07-06 19:57:11.965954
T001875,C0330,M0031,8772.34,UPI,SUCCESS,2026-08-15 14:32:07.979171
T001876,C0255,M0023,34277.47,NET_BANKING,SUCCESS,2026-08-27 10:12:10.615716
T001877,C0404,M0035,26345.99,WALLET,SUCCESS,2026-08-25 15:03:49.788505
T001878,C0108,M0028,30909.24,CARD,SUCCESS,2026-07-01 03:37:14.229927
T001879,C0094,M0041,29999.0,WALLET,SUCCESS,2026-07-15 02:15:22.927221
T001880,C0466,M0024,23631.55,UPI,SUCCESS,2026-07-28 23:57:40.803060
T001881,C0252,M0045,41386.01,UPI,SUCCESS,2026-08-07 23:05:35.014595
T001882,C0202,M0037,2791.66,WALLET,SUCCESS,2026-08-19 12:55:25.259208
T001883,C0195,M0025,25561.06,UPI,SUCCESS,2026-07-25 20:34:36.372066
T001884,C0397,M0042,31535.08,CARD,SUCCESS,2026-06-30 22:13:11.107845
T001885,C0461,M0003,28405.69,UPI,SUCCESS,2026-07-22 09:35:29.566530
T001886,C0207,M0036,43070.21,WALLET,FAILED,2026-07-19 01:46:30.803113
T001887,C0325,M0037,2945.12,WALLET,SUCCESS,2026-08-03 02:49:57.824786
T001888,C0185,M0014,42738.94,NET_BANKING,SUCCESS,2026-08-30 21:46:25.958557
T001889,C0385,M0043,37262.12,NET_BANKING,SUCCESS,2026-07-02 22:58:08.629961
T001890,C0424,M0041,31298.23,NET_BANKING,SUCCESS,2026-07-24 06:05:16.543967
T001891,C0466,M0048,24519.47,UPI,SUCCESS,2026-09-04 03:11:14.273298
T001892,C0364,M0018,26029.1,UPI,FAILED,2026-06-10 09:25:38.512700
T001893,C0258,M0033,6820.47,UPI,PENDING,2026-06-25 13:17:09.968870
T001894,C0231,M0035,44653.59,NET_BANKING,SUCCESS,2026-07-23 14:36:01.926728
T001895,C0270,M0007,26902.01,CARD,SUCCESS,2026-06-15 02:28:23.494830
T001896,C0167,M0037,35470.94,UPI,SUCCESS,2026-08-03 15:52:56.655649
T001897,C0206,M0014,19325.85,CARD,SUCCESS,2026-06-22 21:11:53.731108
T001898,C0300,M0026,20446.89,WALLET,FAILED,2026-08-24 03:22:30.579061
T001899,C0343,M0029,26424.11,UPI,SUCCESS,2026-06-26 02:53:04.008987
T001900,C0189,M0013,19454.41,NET_BANKING,SUCCESS,2026-07-15 11:42:29.726996
T001901,C0477,M0012,6077.71,NET_BANKING,SUCCESS,2026-07-31 08:02:56.501472
T001902,C0239,M0003,20243.48,WALLET,SUCCESS,2026-06-08 10:21:44.098097
T001903,C0177,M0038,29201.51,NET_BANKING,SUCCESS,2026-08-22 10:49:03.774965
T001904,C0209,M0045,25134.39,NET_BANKING,SUCCESS,2026-07-02 12:28:25.982066
T001905,C0426,M0039,14347.46,UPI,SUCCESS,2026-07-25 14:06:02.981127
T001906,C0117,M0005,47686.27,CARD,SUCCESS,2026-08-31 00:52:51.328614
T001907,C0080,M0034,7212.25,WALLET,SUCCESS,2026-09-01 12:28:51.517807
T001908,C0359,M0046,39174.07,NET_BANKING,SUCCESS,2026-08-23 00:11:43.359308
T001909,C0261,M0045,14277.85,WALLET,SUCCESS,2026-08-29 13:50:12.666995
T001910,C0292,M0009,7536.2,UPI,SUCCESS,2026-07-28 05:45:33.548815
T001911,C0410,M0002,44401.81,CARD,SUCCESS,2026-07-14 19:49:30.156559
T001912,C0365,M0041,40518.46,UPI,FAILED,2026-06-23 11:44:20.945707
T001913,C0390,M0027,5284.87,WALLET,SUCCESS,2026-07-07 21:41:23.126728
T001914,C0050,M0015,22107.49,UPI,SUCCESS,2026-07-31 21:16:55.737165
T001915,C0288,M0048,34770.72,NET_BANKING,SUCCESS,2026-08-10 17:10:51.837576
T001916,C0272,M0022,10300.79,CARD,FAILED,2026-08-05 12:06:25.665971
T001917,C0319,M0031,37204.63,CARD,SUCCESS,2026-08-20 03:06:37.678437
T001918,C0353,M0011,30797.44,CARD,FAILED,2026-08-12 19:07:55.595405
T001919,C0144,M0005,24898.1,UPI,SUCCESS,2026-06-19 23:33:29.853832
T001920,C0210,M0036,29365.07,WALLET,SUCCESS,2026-06-17 05:15:32.036525
T001921,C0500,M0008,35932.41,CARD,SUCCESS,2026-07-20 08:01:19.412857
T001922,C0196,M0029,10069.89,NET_BANKING,FAILED,2026-07-19 05:29:59.301482
T001923,C0498,M0042,26370.55,NET_BANKING,SUCCESS,2026-08-29 22:34:06.532063
T001924,C0468,M0046,31971.39,WALLET,SUCCESS,2026-08-17 15:28:04.183012
T001925,C0475,M0046,33397.53,CARD,SUCCESS,2026-09-04 18:18:29.852710
T001926,C0321,M0003,22953.37,CARD,SUCCESS,2026-09-01 03:29:49.280516
T001927,C0107,M0034,39327.0,CARD,PENDING,2026-09-05 08:41:37.668068
T001928,C0136,M0010,30633.19,UPI,SUCCESS,2026-07-24 03:28:21.617981
T001929,C0402,M0026,46030.82,CARD,SUCCESS,2026-08-05 21:29:17.502029
T001930,C0314,M0012,39586.29,NET_BANKING,SUCCESS,2026-09-04 17:46:02.691591
T001931,C0387,M0047,25850.85,WALLET,SUCCESS,2026-08-11 07:09:42.700239
T001932,C0227,M0032,31259.05,WALLET,SUCCESS,2026-07-02 21:12:07.290330
T001933,C0254,M0045,45568.8,WALLET,SUCCESS,2026-09-01 10:50:23.817411
T001934,C0285,M0048,21772.62,UPI,SUCCESS,2026-09-05 04:10:43.681555
T001935,C0015,M0047,36074.48,NET_BANKING,PENDING,2026-08-23 15:27:54.208142
T001936,C0490,M0029,1296.09,UPI,SUCCESS,2026-08-19 04:13:26.714407
T001937,C0172,M0006,48916.65,WALLET,SUCCESS,2026-07-03 20:14:39.577616
T001938,C0403,M0043,26395.65,UPI,SUCCESS,2026-07-23 10:17:31.923342
T001939,C0478,M0044,32706.45,UPI,SUCCESS,2026-06-10 13:25:32.959115
T001940,C0438,M0041,16771.98,WALLET,SUCCESS,2026-06-26 17:33:12.844542
T001941,C0360,M0043,6478.88,UPI,SUCCESS,2026-08-16 00:45:09.847460
T001942,C0051,M0021,38362.03,NET_BANKING,SUCCESS,2026-06-21 21:15:01.399969
T001943,C0454,M0017,36420.34,NET_BANKING,FAILED,2026-07-06 11:53:55.292916
T001944,C0496,M0006,36869.56,NET_BANKING,SUCCESS,2026-06-24 15:16:46.867709
T001945,C0194,M0007,42574.33,UPI,PENDING,2026-08-17 18:34:24.338287
T001946,C0057,M0008,8873.73,CARD,SUCCESS,2026-07-04 11:07:10.443239
T001947,C0178,M0032,33324.68,CARD,SUCCESS,2026-08-09 13:45:33.100091
T001948,C0414,M0032,49036.3,NET_BANKING,SUCCESS,2026-06-12 11:28:30.961412
T001949,C0151,M0019,8041.59,UPI,SUCCESS,2026-07-02 20:22:38.052867
T001950,C0380,M0042,8040.87,NET_BANKING,SUCCESS,2026-07-15 18:51:33.407451
T001951,C0128,M0045,40599.25,NET_BANKING,SUCCESS,2026-07-30 00:54:35.769664
T001952,C0373,M0003,17575.04,UPI,SUCCESS,2026-06-29 10:08:30.597610
T001953,C0395,M0002,6578.12,NET_BANKING,SUCCESS,2026-08-09 11:19:53.877346
T001954,C0242,M0024,44665.13,UPI,SUCCESS,2026-07-08 18:21:22.112696
T001955,C0229,M0036,8460.06,NET_BANKING,SUCCESS,2026-07-05 02:39:01.379230
T001956,C0115,M0048,41872.84,WALLET,SUCCESS,2026-07-22 00:09:48.122962
T001957,C0405,M0043,10813.32,NET_BANKING,SUCCESS,2026-06-09 08:31:58.807772
T001958,C0247,M0043,15134.53,UPI,SUCCESS,2026-07-31 15:27:55.156664
T001959,C0207,M0042,38977.12,NET_BANKING,FAILED,2026-07-24 01:53:23.149448
T001960,C0018,M0046,3711.11,WALLET,SUCCESS,2026-08-02 11:28:56.778417
T001961,C0478,M0009,25400.62,NET_BANKING,SUCCESS,2026-07-25 21:48:07.035916
T001962,C0097,M0006,2713.54,WALLET,FAILED,2026-07-13 02:44:06.920536
T001963,C0131,M0028,30628.32,UPI,PENDING,2026-08-11 10:39:12.322692
T001964,C0479,M0007,33765.09,UPI,SUCCESS,2026-07-30 21:34:37.737181
T001965,C0130,M0015,15500.37,WALLET,SUCCESS,2026-07-18 23:56:54.235336
T001966,C0126,M0009,39945.61,NET_BANKING,SUCCESS,2026-07-20 15:35:01.102842
T001967,C0227,M0041,26892.35,WALLET,SUCCESS,2026-07-06 19:18:47.958132
T001968,C0022,M0016,38521.34,WALLET,SUCCESS,2026-08-14 15:07:18.707339
T001969,C0033,M0015,31176.86,NET_BANKING,SUCCESS,2026-08-30 18:39:07.614454
T001970,C0074,M0021,49307.07,UPI,SUCCESS,2026-07-10 08:18:23.343479
T001971,C0305,M0025,24212.9,CARD,SUCCESS,2026-08-20 12:28:46.389622
T001972,C0097,M0001,4021.16,UPI,SUCCESS,2026-07-08 15:20:41.413956
T001973,C0044,M0047,24084.43,CARD,SUCCESS,2026-07-04 20:43:32.722331
T001974,C0439,M0002,10184.38,UPI,SUCCESS,2026-07-20 06:12:24.509751
T001975,C0215,M0045,32445.68,NET_BANKING,SUCCESS,2026-08-03 07:09:45.849782
T001976,C0275,M0036,20600.73,NET_BANKING,SUCCESS,2026-08-17 15:50:31.172544
T001977,C0266,M0031,49041.17,CARD,PENDING,2026-06-10 07:15:58.414456
T001978,C0144,M0007,14358.83,UPI,SUCCESS,2026-08-27 07:45:13.123482
T001979,C0446,M0012,6816.5,WALLET,SUCCESS,2026-07-20 04:22:34.308518
T001980,C0207,M0029,414.72,CARD,SUCCESS,2026-08-24 10:14:25.710408
T001981,C0260,M0002,10715.08,UPI,SUCCESS,2026-06-23 08:45:06.832216
T001982,C0483,M0025,30582.05,WALLET,SUCCESS,2026-08-28 01:37:33.815134
T001983,C0476,M0040,19476.89,NET_BANKING,SUCCESS,2026-08-21 17:09:21.167913
T001984,C0443,M0040,23349.61,UPI,SUCCESS,2026-07-27 15:38:43.500152
T001985,C0213,M0010,7032.0,NET_BANKING,FAILED,2026-08-08 00:07:43.772162
T001986,C0110,M0044,33871.56,CARD,SUCCESS,2026-09-02 09:13:39.746681
T001987,C0093,M0026,48395.49,CARD,SUCCESS,2026-08-07 06:48:46.801182
T001988,C0002,M0028,35495.83,NET_BANKING,PENDING,2026-06-16 04:19:04.108951
T001989,C0215,M0003,42658.48,UPI,SUCCESS,2026-08-26 00:17:48.260492
T001990,C0231,M0038,30970.19,WALLET,SUCCESS,2026-07-15 10:46:45.029432
T001991,C0492,M0038,24092.27,UPI,SUCCESS,2026-06-28 03:15:24.433118
T001992,C0282,M0035,11693.53,WALLET,SUCCESS,2026-07-09 11:39:40.926777
T001993,C0377,M0050,46005.4,UPI,SUCCESS,2026-08-09 00:28:07.516160
T001994,C0407,M0003,44430.75,CARD,SUCCESS,2026-08-31 18:13:59.944109
T001995,C0306,M0004,885.98,UPI,PENDING,2026-06-16 10:07:49.445857
T001996,C0170,M0019,33390.27,CARD,SUCCESS,2026-08-04 00:06:44.707314
T001997,C0402,M0038,12786.41,NET_BANKING,SUCCESS,2026-06-26 13:17:59.611714
T001998,C0229,M0020,41572.29,WALLET,SUCCESS,2026-06-17 13:23:14.015535
T001999,C0118,M0042,40475.98,WALLET,SUCCESS,2026-08-13 14:23:53.857052
T002000,C0194,M0050,17696.35,CARD,SUCCESS,2026-07-05 15:23:27.809367
T002001,C0038,M0021,34562.53,CARD,FAILED,2026-07-02 04:00:51.774223
T002002,C0094,M0042,20769.24,UPI,SUCCESS,2026-08-31 06:18:46.889691
T002003,C0244,M0009,29573.78,UPI,SUCCESS,2026-07-23 04:12:22.819762
T002004,C0157,M0040,16433.62,CARD,SUCCESS,2026-08-09 04:46:23.424836
T002005,C0460,M0014,16759.85,NET_BANKING,PENDING,2026-07-17 05:18:42.128116
T002006,C0319,M0050,13885.44,UPI,SUCCESS,2026-08-12 17:57:57.014894
T002007,C0431,M0048,49301.95,WALLET,FAILED,2026-06-16 01:57:45.916738
T002008,C0018,M0031,2540.61,UPI,SUCCESS,2026-08-03 20:17:33.290127
T002009,C0138,M0040,39676.98,WALLET,FAILED,2026-07-01 05:31:53.051790
T002010,C0009,M0050,18069.03,NET_BANKING,SUCCESS,2026-09-04 11:49:01.156592
T002011,C0132,M0009,12633.02,NET_BANKING,SUCCESS,2026-06-24 19:56:29.700664
T002012,C0425,M0004,19664.9,UPI,SUCCESS,2026-07-26 09:48:57.920304
T002013,C0071,M0027,46137.97,UPI,SUCCESS,2026-07-07 12:44:20.509391
T002014,C0416,M0019,26450.49,CARD,FAILED,2026-08-10 01:34:50.059609
T002015,C0456,M0021,3497.09,CARD,SUCCESS,2026-08-20 22:41:36.086191
T002016,C0081,M0005,18563.34,NET_BANKING,PENDING,2026-08-18 16:50:09.700331
T002017,C0109,M0002,26758.87,WALLET,PENDING,2026-06-27 11:42:20.149219
T002018,C0349,M0043,40500.01,NET_BANKING,SUCCESS,2026-08-13 19:25:06.025393
T002019,C0227,M0042,4557.06,WALLET,SUCCESS,2026-08-07 08:09:49.745254
T002020,C0111,M0015,31059.82,CARD,SUCCESS,2026-09-01 10:01:01.251680
T002021,C0186,M0005,49613.43,CARD,SUCCESS,2026-08-05 23:07:28.888567
T002022,C0414,M0047,39949.31,WALLET,PENDING,2026-08-27 11:12:37.178352
T002023,C0423,M0038,662.58,WALLET,PENDING,2026-08-25 13:52:58.438864
T002024,C0087,M0025,47303.27,UPI,PENDING,2026-07-22 22:16:21.722348
T002025,C0150,M0017,38019.83,WALLET,SUCCESS,2026-06-17 20:48:32.808412
T002026,C0434,M0005,35170.43,WALLET,SUCCESS,2026-06-16 23:13:13.151706
T002027,C0056,M0002,17574.76,CARD,SUCCESS,2026-08-16 11:39:11.956725
T002028,C0067,M0033,11241.04,NET_BANKING,SUCCESS,2026-08-20 04:06:13.372626
T002029,C0202,M0006,45278.96,CARD,SUCCESS,2026-06-25 23:21:58.792397
T002030,C0462,M0007,44568.07,WALLET,SUCCESS,2026-07-17 02:13:35.278183
T002031,C0476,M0047,3511.79,UPI,SUCCESS,2026-09-01 13:47:47.506118
T002032,C0325,M0028,3302.51,CARD,SUCCESS,2026-07-28 16:30:14.961650
T002033,C0347,M0007,5045.69,WALLET,SUCCESS,2026-09-02 07:52:55.545826
T002034,C0095,M0044,27377.21,UPI,SUCCESS,2026-07-16 21:04:59.122245
T002035,C0126,M0041,23511.19,WALLET,SUCCESS,2026-06-18 22:25:48.448115
T002036,C0355,M0044,3553.21,NET_BANKING,FAILED,2026-06-13 10:10:10.456134
T002037,C0209,M0013,2978.96,CARD,SUCCESS,2026-06-22 04:26:11.457397
T002038,C0476,M0038,49332.39,NET_BANKING,SUCCESS,2026-08-15 22:31:23.308871
T002039,C0136,M0042,1528.72,CARD,SUCCESS,2026-07-23 06:02:55.617682
T002040,C0384,M0018,12965.75,UPI,FAILED,2026-09-02 20:16:13.794441
T002041,C0154,M0018,42609.46,WALLET,SUCCESS,2026-06-13 01:07:53.392406
T002042,C0410,M0010,25898.17,NET_BANKING,SUCCESS,2026-06-28 14:21:24.100448
T002043,C0049,M0013,13108.21,NET_BANKING,SUCCESS,2026-07-28 11:50:43.772856
T002044,C0255,M0011,1560.77,WALLET,SUCCESS,2026-07-02 21:35:27.132046
T002045,C0211,M0023,38103.92,NET_BANKING,SUCCESS,2026-08-17 09:02:12.416106
T002046,C0028,M0008,47797.96,CARD,PENDING,2026-06-24 20:55:33.333706
T002047,C0439,M0037,12299.22,CARD,SUCCESS,2026-06-21 15:11:21.154845
T002048,C0136,M0042,7700.07,WALLET,SUCCESS,2026-07-08 13:14:16.804199
T002049,C0382,M0036,37362.29,WALLET,PENDING,2026-07-03 18:52:13.197250
T002050,C0382,M0016,6789.65,WALLET,SUCCESS,2026-09-04 21:13:52.040435
T002051,C0302,M0019,15682.3,UPI,PENDING,2026-07-09 13:33:33.960168
T002052,C0415,M0047,22961.12,UPI,PENDING,2026-06-09 04:14:37.803802
T002053,C0385,M0010,40105.55,UPI,SUCCESS,2026-07-06 13:20:37.699532
T002054,C0436,M0016,32008.1,WALLET,FAILED,2026-07-15 00:48:28.316749
T002055,C0148,M0002,8522.87,WALLET,SUCCESS,2026-09-02 05:12:24.112087
T002056,C0260,M0028,43728.96,WALLET,SUCCESS,2026-08-01 12:13:56.670244
T002057,C0108,M0015,24432.24,NET_BANKING,SUCCESS,2026-07-11 00:21:05.927652
T002058,C0038,M0007,17431.49,CARD,SUCCESS,2026-07-14 17:51:38.816467
T002059,C0123,M0017,6651.09,WALLET,SUCCESS,2026-07-19 10:34:16.325443
T002060,C0175,M0025,27919.51,UPI,FAILED,2026-08-24 18:33:07.853916
T002061,C0307,M0036,18420.42,UPI,SUCCESS,2026-07-15 15:58:17.274053
T002062,C0261,M0033,4844.69,NET_BANKING,SUCCESS,2026-08-05 00:48:09.195105
T002063,C0399,M0050,10099.57,WALLET,SUCCESS,2026-08-03 12:24:29.363312
T002064,C0129,M0021,25583.08,CARD,SUCCESS,2026-09-01 07:49:40.702945
T002065,C0459,M0006,23581.55,NET_BANKING,FAILED,2026-06-30 01:03:41.807042
T002066,C0280,M0020,42471.35,NET_BANKING,SUCCESS,2026-07-02 10:06:12.436819
T002067,C0063,M0037,34604.69,NET_BANKING,SUCCESS,2026-06-21 13:10:30.009187
T002068,C0113,M0005,2093.27,NET_BANKING,SUCCESS,2026-07-12 18:23:24.029635
T002069,C0134,M0028,11907.47,UPI,SUCCESS,2026-07-21 12:31:00.657286
T002070,C0283,M0003,33608.74,WALLET,SUCCESS,2026-06-26 20:13:36.799715
T002071,C0266,M0015,27980.48,NET_BANKING,SUCCESS,2026-08-10 11:47:21.083918
T002072,C0230,M0031,29260.24,CARD,SUCCESS,2026-08-15 21:24:02.325702
T002073,C0316,M0045,27157.47,NET_BANKING,SUCCESS,2026-07-14 18:24:09.163581
T002074,C0349,M0032,15245.85,CARD,FAILED,2026-07-25 04:13:52.773652
T002075,C0022,M0038,17827.66,UPI,SUCCESS,2026-06-24 14:59:19.661345
T002076,C0409,M0030,16537.35,CARD,SUCCESS,2026-07-03 00:31:42.378289
T002077,C0025,M0032,1510.44,CARD,SUCCESS,2026-07-08 09:39:21.506866
T002078,C0435,M0010,44728.54,CARD,SUCCESS,2026-08-31 08:07:15.235806
T002079,C0443,M0041,39690.99,NET_BANKING,SUCCESS,2026-08-31 06:54:07.005052
T002080,C0481,M0048,28511.72,NET_BANKING,SUCCESS,2026-07-24 02:17:28.113900
T002081,C0102,M0032,44043.35,WALLET,FAILED,2026-06-26 02:49:27.171927
T002082,C0024,M0029,24392.57,UPI,SUCCESS,2026-06-27 05:52:49.302086
T002083,C0119,M0009,19522.37,CARD,SUCCESS,2026-06-27 05:23:31.401002
T002084,C0261,M0028,42574.6,CARD,SUCCESS,2026-07-08 08:24:05.097206
T002085,C0265,M0013,45788.16,UPI,SUCCESS,2026-08-31 16:22:26.172509
T002086,C0022,M0037,21287.18,WALLET,SUCCESS,2026-06-10 03:29:18.880504
T002087,C0344,M0039,38556.36,CARD,PENDING,2026-07-08 02:51:21.178762
T002088,C0162,M0006,8999.14,CARD,SUCCESS,2026-06-19 11:54:50.560963
T002089,C0091,M0048,2124.5,UPI,FAILED,2026-06-22 07:46:13.759526
T002090,C0390,M0028,33647.05,WALLET,SUCCESS,2026-07-19 04:08:23.073414
T002091,C0246,M0003,27538.84,UPI,SUCCESS,2026-07-23 15:56:40.393945
T002092,C0197,M0038,1578.78,WALLET,SUCCESS,2026-08-21 19:43:40.392211
T002093,C0497,M0044,47242.09,UPI,SUCCESS,2026-08-27 13:26:59.031651
T002094,C0167,M0018,15698.78,UPI,SUCCESS,2026-08-31 12:29:19.988629
T002095,C0227,M0030,23739.44,WALLET,SUCCESS,2026-08-13 15:15:54.323027
T002096,C0173,M0026,22846.06,WALLET,SUCCESS,2026-07-30 05:49:16.760996
T002097,C0003,M0045,14638.68,NET_BANKING,SUCCESS,2026-07-13 00:34:04.952985
T002098,C0332,M0036,48361.05,CARD,SUCCESS,2026-07-23 20:20:22.184057
T002099,C0381,M0023,18217.2,NET_BANKING,FAILED,2026-07-01 04:08:10.890056
T002100,C0270,M0022,12220.54,NET_BANKING,SUCCESS,2026-07-28 15:31:27.876792
T002101,C0278,M0010,6317.7,CARD,PENDING,2026-09-01 12:36:14.112723
T002102,C0305,M0020,27047.02,WALLET,SUCCESS,2026-06-19 16:56:08.397361
T002103,C0237,M0036,38595.35,WALLET,FAILED,2026-06-13 05:10:15.091755
T002104,C0294,M0050,40514.56,CARD,PENDING,2026-06-17 23:40:14.714081
T002105,C0414,M0042,26661.44,CARD,SUCCESS,2026-06-17 06:26:48.999901
T002106,C0209,M0022,47604.87,NET_BANKING,SUCCESS,2026-08-16 06:31:04.257368
T002107,C0461,M0029,18158.72,NET_BANKING,SUCCESS,2026-06-19 10:50:56.311930
T002108,C0385,M0037,18008.04,CARD,SUCCESS,2026-08-29 15:08:32.542411
T002109,C0071,M0009,32422.17,NET_BANKING,SUCCESS,2026-07-01 05:53:30.409018
T002110,C0491,M0030,8634.54,CARD,SUCCESS,2026-06-18 09:29:46.157290
T002111,C0093,M0049,46129.01,UPI,SUCCESS,2026-08-25 00:54:18.127113
T002112,C0392,M0047,10553.1,CARD,SUCCESS,2026-08-15 13:03:45.486533
T002113,C0413,M0013,13449.11,UPI,PENDING,2026-06-17 03:28:40.678168
T002114,C0316,M0036,5917.92,CARD,SUCCESS,2026-08-31 18:47:59.057211
T002115,C0422,M0038,30630.15,UPI,FAILED,2026-07-21 20:19:02.915775
T002116,C0147,M0008,32025.14,NET_BANKING,FAILED,2026-06-17 03:47:54.766957
T002117,C0223,M0002,14692.43,WALLET,FAILED,2026-08-01 22:39:59.741098
T002118,C0343,M0013,19259.64,CARD,SUCCESS,2026-07-31 11:10:09.312219
T002119,C0435,M0029,11987.5,NET_BANKING,SUCCESS,2026-06-26 15:55:05.671083
T002120,C0469,M0014,34639.21,WALLET,SUCCESS,2026-07-31 15:38:36.696211
T002121,C0496,M0010,28768.59,CARD,FAILED,2026-06-28 19:57:49.422698
T002122,C0162,M0005,17074.58,CARD,SUCCESS,2026-07-07 21:10:35.267831
T002123,C0321,M0050,24179.22,UPI,SUCCESS,2026-07-09 02:37:23.647990
T002124,C0181,M0022,19598.83,NET_BANKING,SUCCESS,2026-07-17 13:32:32.167104
T002125,C0334,M0034,34300.72,UPI,SUCCESS,2026-07-26 19:17:37.729618
T002126,C0431,M0004,20515.74,CARD,SUCCESS,2026-07-01 07:15:56.619952
T002127,C0168,M0016,44997.71,CARD,SUCCESS,2026-07-31 08:20:29.783815
T002128,C0091,M0004,37396.23,CARD,SUCCESS,2026-09-03 15:35:48.501143
T002129,C0277,M0043,36267.61,UPI,FAILED,2026-07-10 14:50:27.838974
T002130,C0298,M0012,39012.84,WALLET,PENDING,2026-07-15 02:27:54.815665
T002131,C0075,M0015,9648.73,NET_BANKING,SUCCESS,2026-06-09 01:17:48.659624
T002132,C0381,M0009,42433.33,UPI,SUCCESS,2026-06-18 02:57:35.800885
T002133,C0312,M0021,22683.19,UPI,SUCCESS,2026-09-04 17:16:02.332298
T002134,C0383,M0050,37656.06,WALLET,SUCCESS,2026-06-29 19:55:19.908523
T002135,C0013,M0008,44936.71,NET_BANKING,SUCCESS,2026-08-12 23:45:40.003720
T002136,C0273,M0048,32720.55,CARD,FAILED,2026-07-02 19:44:21.198884
T002137,C0005,M0020,23879.22,NET_BANKING,SUCCESS,2026-07-11 18:55:06.997398
T002138,C0050,M0013,36874.65,CARD,SUCCESS,2026-07-08 11:38:51.699998
T002139,C0235,M0005,38330.61,WALLET,SUCCESS,2026-07-15 18:40:11.561130
T002140,C0381,M0046,43834.24,CARD,PENDING,2026-07-06 14:47:42.027311
T002141,C0231,M0010,10175.23,CARD,SUCCESS,2026-08-07 04:17:13.799275
T002142,C0428,M0012,49272.99,UPI,SUCCESS,2026-07-28 13:23:56.569082
T002143,C0425,M0021,9621.61,CARD,SUCCESS,2026-08-30 07:17:03.749403
T002144,C0010,M0040,34646.52,UPI,SUCCESS,2026-08-15 09:45:09.669007
T002145,C0095,M0027,44234.39,CARD,SUCCESS,2026-08-21 08:53:57.589977
T002146,C0298,M0043,1508.51,NET_BANKING,PENDING,2026-07-19 12:53:48.601329
T002147,C0147,M0043,30120.92,NET_BANKING,FAILED,2026-06-25 13:34:54.520843
T002148,C0017,M0016,28459.2,WALLET,SUCCESS,2026-07-22 12:16:43.070742
T002149,C0283,M0037,14372.53,WALLET,SUCCESS,2026-08-01 02:37:44.441405
T002150,C0354,M0005,29158.94,UPI,PENDING,2026-08-16 09:52:31.891549
T002151,C0336,M0009,48674.59,WALLET,SUCCESS,2026-07-19 22:29:08.014968
T002152,C0016,M0045,11564.94,WALLET,SUCCESS,2026-06-26 17:25:19.384546
T002153,C0097,M0043,13106.05,CARD,SUCCESS,2026-08-13 14:49:38.901021
T002154,C0459,M0020,14296.83,WALLET,SUCCESS,2026-08-09 04:10:43.833074
T002155,C0435,M0036,5847.27,CARD,SUCCESS,2026-07-07 12:37:27.310911
T002156,C0407,M0044,13831.33,UPI,SUCCESS,2026-06-15 20:52:28.340326
T002157,C0109,M0034,24626.32,NET_BANKING,SUCCESS,2026-06-22 20:48:18.475477
T002158,C0246,M0003,3371.82,CARD,SUCCESS,2026-08-21 07:19:03.194542
T002159,C0321,M0010,35149.74,NET_BANKING,SUCCESS,2026-08-05 13:21:39.760842
T002160,C0167,M0033,45471.35,UPI,SUCCESS,2026-07-25 18:48:42.957657
T002161,C0346,M0022,36076.71,WALLET,SUCCESS,2026-07-17 19:41:45.547260
T002162,C0015,M0029,23269.14,CARD,SUCCESS,2026-08-01 14:12:50.749191
T002163,C0005,M0044,25199.8,CARD,SUCCESS,2026-07-04 19:10:44.610817
T002164,C0333,M0022,8379.45,NET_BANKING,FAILED,2026-06-27 15:35:32.690473
T002165,C0343,M0037,8748.72,UPI,SUCCESS,2026-08-20 11:32:02.587146
T002166,C0124,M0032,5011.9,NET_BANKING,SUCCESS,2026-09-02 08:02:56.886963
T002167,C0308,M0023,29672.01,UPI,SUCCESS,2026-08-18 16:18:21.553619
T002168,C0294,M0026,36849.54,UPI,SUCCESS,2026-07-20 22:48:24.271116
T002169,C0410,M0029,6295.76,NET_BANKING,SUCCESS,2026-07-20 22:05:04.804412
T002170,C0462,M0001,25960.75,NET_BANKING,SUCCESS,2026-06-12 06:56:33.186584
T002171,C0121,M0013,36633.84,NET_BANKING,SUCCESS,2026-07-27 16:09:32.642623
T002172,C0083,M0003,41921.71,CARD,SUCCESS,2026-07-20 14:50:49.460745
T002173,C0228,M0024,22394.06,CARD,SUCCESS,2026-08-04 06:00:20.551643
T002174,C0111,M0025,44961.93,WALLET,SUCCESS,2026-06-21 02:37:16.000802
T002175,C0492,M0019,47735.31,CARD,PENDING,2026-08-01 12:34:05.519914
T002176,C0436,M0043,4111.24,UPI,SUCCESS,2026-09-02 10:43:19.722132
T002177,C0311,M0004,12978.08,CARD,SUCCESS,2026-06-29 17:31:27.413775
T002178,C0002,M0036,27238.03,UPI,SUCCESS,2026-07-20 06:00:20.722857
T002179,C0119,M0010,12765.9,WALLET,SUCCESS,2026-07-09 13:57:35.745511
T002180,C0140,M0042,34259.85,WALLET,SUCCESS,2026-08-10 06:16:34.451739
T002181,C0053,M0014,32700.57,WALLET,SUCCESS,2026-07-02 12:02:25.837139
T002182,C0424,M0039,24620.51,WALLET,SUCCESS,2026-08-12 12:40:17.702907
T002183,C0094,M0030,32089.01,UPI,SUCCESS,2026-08-16 10:47:31.049993
T002184,C0459,M0018,10393.93,WALLET,SUCCESS,2026-09-04 09:25:55.030645
T002185,C0024,M0009,29020.7,WALLET,SUCCESS,2026-07-27 18:28:29.345640
T002186,C0108,M0030,7638.94,NET_BANKING,SUCCESS,2026-06-20 20:49:16.343880
T002187,C0199,M0046,46769.84,NET_BANKING,SUCCESS,2026-07-06 10:24:52.953368
T002188,C0252,M0031,46958.63,CARD,SUCCESS,2026-08-05 19:41:40.190317
T002189,C0399,M0040,47002.78,WALLET,SUCCESS,2026-08-31 22:36:30.186127
T002190,C0121,M0042,43142.77,WALLET,FAILED,2026-06-21 10:02:10.150178
T002191,C0019,M0021,9084.81,WALLET,SUCCESS,2026-08-06 11:39:36.511979
T002192,C0189,M0013,4745.34,NET_BANKING,SUCCESS,2026-08-10 07:14:03.505301
T002193,C0391,M0011,44629.53,CARD,SUCCESS,2026-07-06 23:50:38.041769
T002194,C0006,M0003,39849.6,WALLET,FAILED,2026-06-24 08:38:35.375311
T002195,C0432,M0041,24504.53,UPI,SUCCESS,2026-06-12 23:25:04.013648
T002196,C0354,M0037,43731.77,WALLET,SUCCESS,2026-08-05 17:09:03.530635
T002197,C0119,M0045,46439.29,CARD,FAILED,2026-07-19 07:23:18.808186
T002198,C0002,M0027,28024.81,NET_BANKING,SUCCESS,2026-08-08 17:17:08.103655
T002199,C0003,M0018,28277.24,UPI,FAILED,2026-08-28 12:15:57.613417
T002200,C0110,M0007,4551.96,WALLET,SUCCESS,2026-09-01 17:35:26.698743
T002201,C0063,M0020,43752.25,NET_BANKING,SUCCESS,2026-07-04 19:36:22.535539
T002202,C0403,M0042,7952.01,NET_BANKING,SUCCESS,2026-08-08 10:00:44.805198
T002203,C0109,M0008,44340.05,NET_BANKING,SUCCESS,2026-09-03 05:42:59.194525
T002204,C0252,M0007,11910.91,UPI,FAILED,2026-08-05 17:40:02.071144
T002205,C0241,M0036,46165.34,NET_BANKING,SUCCESS,2026-06-08 15:56:35.590888
T002206,C0014,M0037,20947.96,UPI,SUCCESS,2026-06-12 22:45:35.584468
T002207,C0235,M0044,30141.16,CARD,FAILED,2026-08-25 22:23:19.889766
T002208,C0453,M0037,22599.59,CARD,SUCCESS,2026-08-08 15:39:28.163600
T002209,C0411,M0015,4680.2,NET_BANKING,SUCCESS,2026-08-11 09:39:15.087603
T002210,C0498,M0048,6367.27,WALLET,SUCCESS,2026-08-06 18:38:31.312107
T002211,C0023,M0032,13069.43,NET_BANKING,SUCCESS,2026-07-04 09:28:29.321023
T002212,C0368,M0048,42936.75,WALLET,SUCCESS,2026-07-02 00:30:22.809651
T002213,C0018,M0022,32602.07,NET_BANKING,SUCCESS,2026-07-31 00:52:55.190387
T002214,C0296,M0010,39053.06,UPI,SUCCESS,2026-07-20 13:16:39.363715
T002215,C0203,M0029,26257.96,CARD,SUCCESS,2026-07-08 09:09:21.945194
T002216,C0330,M0018,20371.3,UPI,SUCCESS,2026-08-16 17:42:46.012251
T002217,C0027,M0044,1648.96,UPI,SUCCESS,2026-06-13 03:38:44.542105
T002218,C0136,M0008,29257.08,UPI,SUCCESS,2026-06-10 09:27:00.852920
T002219,C0394,M0046,40894.29,NET_BANKING,SUCCESS,2026-08-29 18:54:00.938618
T002220,C0047,M0021,12072.26,NET_BANKING,SUCCESS,2026-07-02 17:03:35.501121
T002221,C0258,M0006,18950.54,WALLET,SUCCESS,2026-08-28 10:21:53.882550
T002222,C0179,M0045,40102.46,UPI,SUCCESS,2026-06-22 07:57:37.857570
T002223,C0444,M0010,18182.6,UPI,SUCCESS,2026-08-22 03:37:33.770416
T002224,C0255,M0010,25239.6,NET_BANKING,SUCCESS,2026-07-27 12:33:05.228520
T002225,C0317,M0026,28604.9,UPI,SUCCESS,2026-09-01 11:23:14.161809
T002226,C0012,M0022,38004.08,UPI,SUCCESS,2026-06-09 20:10:55.776848
T002227,C0007,M0044,20588.91,UPI,SUCCESS,2026-08-24 14:45:48.262501
T002228,C0068,M0024,38909.13,WALLET,SUCCESS,2026-08-18 20:13:04.761280
T002229,C0420,M0040,11294.66,CARD,SUCCESS,2026-09-04 16:34:33.941281
T002230,C0072,M0037,38106.48,CARD,SUCCESS,2026-08-18 05:59:05.359777
T002231,C0440,M0031,45449.88,UPI,SUCCESS,2026-07-26 09:06:39.435424
T002232,C0250,M0011,19862.77,UPI,SUCCESS,2026-08-03 07:46:00.466388
T002233,C0283,M0028,6704.65,NET_BANKING,SUCCESS,2026-06-28 15:53:09.246145
T002234,C0347,M0017,19518.41,UPI,SUCCESS,2026-08-26 12:48:58.267618
T002235,C0077,M0044,30721.88,NET_BANKING,SUCCESS,2026-07-01 04:47:12.930763
T002236,C0364,M0036,39152.6,WALLET,SUCCESS,2026-08-18 12:23:47.241473
T002237,C0428,M0003,40327.09,WALLET,PENDING,2026-07-26 13:15:11.991833
T002238,C0044,M0028,28615.66,WALLET,SUCCESS,2026-08-07 02:58:24.241821
T002239,C0088,M0045,3074.03,UPI,SUCCESS,2026-06-30 01:47:21.123198
T002240,C0328,M0050,44718.76,UPI,SUCCESS,2026-07-19 06:08:05.077866
T002241,C0229,M0048,6137.79,NET_BANKING,SUCCESS,2026-08-22 09:06:11.247683
T002242,C0237,M0033,12559.33,UPI,PENDING,2026-08-15 07:27:25.145513
T002243,C0027,M0035,13158.92,UPI,SUCCESS,2026-09-02 06:12:35.973109
T002244,C0272,M0020,22735.36,WALLET,SUCCESS,2026-06-23 23:09:24.284482
T002245,C0226,M0028,45771.86,UPI,SUCCESS,2026-06-17 16:38:06.204449
T002246,C0252,M0011,30706.41,CARD,SUCCESS,2026-07-27 08:16:44.389397
T002247,C0118,M0030,48853.86,CARD,PENDING,2026-08-01 18:17:13.592343
T002248,C0335,M0049,15415.7,WALLET,SUCCESS,2026-08-31 23:47:53.386239
T002249,C0436,M0020,44728.58,WALLET,SUCCESS,2026-07-26 21:53:33.926542
T002250,C0013,M0029,32569.98,CARD,SUCCESS,2026-07-23 10:40:17.711138
T002251,C0076,M0025,21245.71,CARD,SUCCESS,2026-08-06 17:28:01.281238
T002252,C0368,M0030,25241.53,CARD,SUCCESS,2026-06-09 09:51:43.482625
T002253,C0444,M0044,21171.56,UPI,SUCCESS,2026-08-05 16:38:43.955304
T002254,C0075,M0050,20149.19,CARD,SUCCESS,2026-08-29 11:32:26.498662
T002255,C0132,M0004,22653.69,WALLET,SUCCESS,2026-07-20 19:27:58.775678
T002256,C0202,M0017,21628.22,CARD,SUCCESS,2026-07-21 14:11:15.946097
T002257,C0059,M0046,39185.36,UPI,SUCCESS,2026-08-25 00:09:42.641722
T002258,C0071,M0046,48954.93,UPI,SUCCESS,2026-07-19 04:10:06.312243
T002259,C0388,M0013,672.78,WALLET,FAILED,2026-07-01 18:21:28.554156
T002260,C0212,M0044,28289.32,WALLET,SUCCESS,2026-06-19 23:07:25.330283
T002261,C0086,M0028,29392.59,UPI,SUCCESS,2026-06-09 19:51:59.597688
T002262,C0303,M0034,32349.05,CARD,SUCCESS,2026-07-02 00:14:19.748044
T002263,C0262,M0050,42717.04,WALLET,SUCCESS,2026-07-13 21:40:16.959652
T002264,C0079,M0002,32947.23,NET_BANKING,SUCCESS,2026-06-19 11:56:17.839137
T002265,C0330,M0003,1194.69,NET_BANKING,SUCCESS,2026-07-27 06:03:20.876856
T002266,C0486,M0018,41867.25,UPI,SUCCESS,2026-08-17 03:42:45.283676
T002267,C0229,M0019,16488.21,UPI,FAILED,2026-06-30 23:55:27.497273
T002268,C0206,M0030,25858.84,UPI,SUCCESS,2026-07-27 21:46:06.286286
T002269,C0385,M0017,14603.44,UPI,SUCCESS,2026-06-27 09:44:53.724590
T002270,C0314,M0047,22814.18,WALLET,SUCCESS,2026-07-08 10:00:00.180891
T002271,C0256,M0006,42427.21,WALLET,SUCCESS,2026-09-01 04:41:30.716122
T002272,C0423,M0032,49879.05,UPI,SUCCESS,2026-07-11 16:49:25.801445
T002273,C0285,M0023,34763.82,WALLET,SUCCESS,2026-07-13 08:05:18.178246
T002274,C0139,M0044,13271.83,WALLET,SUCCESS,2026-08-20 03:22:14.086207
T002275,C0366,M0037,45232.53,CARD,SUCCESS,2026-08-19 00:44:03.791699
T002276,C0406,M0029,1114.68,CARD,SUCCESS,2026-06-14 12:51:52.462156
T002277,C0027,M0020,45366.79,CARD,SUCCESS,2026-07-10 21:54:36.150399
T002278,C0137,M0008,27259.59,NET_BANKING,SUCCESS,2026-08-21 21:38:03.447283
T002279,C0328,M0013,27331.04,WALLET,SUCCESS,2026-07-19 19:03:33.013598
T002280,C0236,M0033,2405.49,WALLET,SUCCESS,2026-08-19 20:46:36.143806
T002281,C0338,M0030,11849.83,UPI,SUCCESS,2026-07-23 17:57:40.481952
T002282,C0075,M0030,42025.82,NET_BANKING,PENDING,2026-06-17 07:06:58.049505
T002283,C0098,M0011,18872.0,NET_BANKING,SUCCESS,2026-08-30 02:35:22.850925
T002284,C0010,M0015,14111.79,NET_BANKING,SUCCESS,2026-07-18 00:09:35.594769
T002285,C0314,M0031,30816.3,CARD,SUCCESS,2026-08-28 13:55:23.927842
T002286,C0196,M0011,43447.5,NET_BANKING,SUCCESS,2026-07-20 15:23:01.854741
T002287,C0308,M0029,19681.67,CARD,SUCCESS,2026-08-24 00:35:08.420777
T002288,C0398,M0011,12823.3,NET_BANKING,SUCCESS,2026-07-29 04:41:50.857320
T002289,C0291,M0050,19523.27,CARD,FAILED,2026-08-25 15:14:50.916565
T002290,C0318,M0050,2419.87,CARD,SUCCESS,2026-08-07 04:53:54.958499
T002291,C0042,M0008,26502.64,CARD,SUCCESS,2026-08-07 19:23:26.893437
T002292,C0111,M0017,21922.45,WALLET,SUCCESS,2026-07-08 05:00:02.158990
T002293,C0367,M0044,39896.19,CARD,FAILED,2026-07-22 14:03:40.812799
T002294,C0088,M0033,4310.65,NET_BANKING,SUCCESS,2026-06-15 21:18:51.636039
T002295,C0293,M0038,23116.65,CARD,SUCCESS,2026-07-01 10:10:51.602621
T002296,C0449,M0035,36232.31,CARD,SUCCESS,2026-09-03 00:49:12.224417
T002297,C0070,M0018,2242.05,UPI,SUCCESS,2026-09-05 04:09:13.535645
T002298,C0200,M0030,26771.1,UPI,SUCCESS,2026-07-04 09:12:03.812254
T002299,C0323,M0016,473.97,UPI,SUCCESS,2026-09-02 04:35:07.730726
T002300,C0117,M0019,4243.9,UPI,SUCCESS,2026-09-05 02:12:30.852376
T002301,C0482,M0002,45985.63,CARD,SUCCESS,2026-06-23 00:21:22.460557
T002302,C0186,M0011,16759.22,WALLET,SUCCESS,2026-07-26 01:19:51.654929
T002303,C0007,M0036,43937.9,WALLET,SUCCESS,2026-08-16 02:03:50.115837
T002304,C0202,M0012,36175.35,UPI,SUCCESS,2026-06-27 21:53:41.729201
T002305,C0100,M0028,38741.92,UPI,SUCCESS,2026-06-16 05:30:20.021436
T002306,C0361,M0025,4676.91,CARD,PENDING,2026-06-17 01:05:16.985125
T002307,C0156,M0018,43369.36,WALLET,SUCCESS,2026-06-22 02:29:28.135269
T002308,C0354,M0018,3857.44,CARD,FAILED,2026-09-02 13:58:21.990097
T002309,C0116,M0041,2946.0,CARD,SUCCESS,2026-07-25 10:03:31.204349
T002310,C0242,M0043,39875.71,CARD,SUCCESS,2026-07-29 17:10:20.702219
T002311,C0359,M0038,2309.22,CARD,SUCCESS,2026-07-16 09:17:00.882927
T002312,C0133,M0041,31162.94,NET_BANKING,SUCCESS,2026-06-25 03:58:20.296663
T002313,C0174,M0003,33924.39,NET_BANKING,SUCCESS,2026-09-02 00:17:02.608392
T002314,C0366,M0011,8371.05,UPI,SUCCESS,2026-07-16 19:58:11.902726
T002315,C0296,M0047,48239.15,WALLET,FAILED,2026-07-29 12:33:00.712727
T002316,C0364,M0042,46856.39,UPI,SUCCESS,2026-08-17 23:27:46.418712
T002317,C0209,M0021,34315.18,UPI,SUCCESS,2026-06-10 11:31:07.899093
T002318,C0073,M0015,49786.03,NET_BANKING,SUCCESS,2026-08-01 02:59:39.513498
T002319,C0007,M0044,33956.01,UPI,SUCCESS,2026-06-18 06:45:04.423766
T002320,C0448,M0038,10355.41,CARD,SUCCESS,2026-08-28 22:08:27.246718
T002321,C0376,M0004,30407.04,NET_BANKING,FAILED,2026-08-06 23:27:23.511542
T002322,C0473,M0013,39068.42,NET_BANKING,FAILED,2026-06-10 13:42:51.860876
T002323,C0091,M0012,11014.96,CARD,SUCCESS,2026-07-11 23:33:19.176686
T002324,C0116,M0006,25260.7,NET_BANKING,SUCCESS,2026-08-10 02:31:03.998876
T002325,C0187,M0033,46975.54,WALLET,SUCCESS,2026-06-18 18:08:39.331436
T002326,C0327,M0036,1385.84,CARD,SUCCESS,2026-08-26 20:52:35.784336
T002327,C0192,M0036,27464.88,CARD,SUCCESS,2026-07-02 08:36:05.255280
T002328,C0372,M0031,35692.91,UPI,SUCCESS,2026-06-21 22:24:09.609454
T002329,C0206,M0040,32002.52,CARD,SUCCESS,2026-07-19 07:44:45.782672
T002330,C0170,M0013,6446.92,UPI,SUCCESS,2026-06-12 13:11:19.845335
T002331,C0005,M0035,9623.38,UPI,SUCCESS,2026-08-25 15:17:11.188651
T002332,C0400,M0020,42549.41,CARD,SUCCESS,2026-07-04 21:20:08.324410
T002333,C0037,M0008,22106.49,UPI,FAILED,2026-07-10 00:04:58.396980
T002334,C0068,M0020,28627.11,WALLET,SUCCESS,2026-08-23 04:02:21.049867
T002335,C0352,M0032,1984.07,CARD,FAILED,2026-09-01 21:10:32.331194
T002336,C0444,M0039,9715.69,NET_BANKING,SUCCESS,2026-07-10 14:10:35.582031
T002337,C0181,M0044,37354.76,UPI,PENDING,2026-08-26 18:34:43.629559
T002338,C0227,M0047,33812.64,NET_BANKING,SUCCESS,2026-07-30 06:29:22.023387
T002339,C0128,M0010,40572.65,UPI,SUCCESS,2026-07-26 20:24:47.129405
T002340,C0271,M0013,6941.18,UPI,SUCCESS,2026-06-10 08:56:36.723882
T002341,C0155,M0001,22092.38,NET_BANKING,SUCCESS,2026-09-02 11:55:58.063221
T002342,C0046,M0042,29595.57,UPI,SUCCESS,2026-08-10 22:14:46.078200
T002343,C0432,M0001,42143.21,CARD,SUCCESS,2026-07-23 17:05:45.069708
T002344,C0164,M0006,39969.93,CARD,SUCCESS,2026-08-10 13:22:49.037963
T002345,C0284,M0048,451.35,WALLET,SUCCESS,2026-07-09 15:21:12.578151
T002346,C0165,M0024,3977.25,NET_BANKING,SUCCESS,2026-09-02 22:25:47.066781
T002347,C0281,M0028,14358.0,WALLET,SUCCESS,2026-08-15 05:27:31.577186
T002348,C0478,M0043,35910.59,NET_BANKING,SUCCESS,2026-08-06 03:57:12.179224
T002349,C0423,M0030,38610.37,UPI,FAILED,2026-07-31 20:12:10.223039
T002350,C0151,M0011,1148.63,NET_BANKING,SUCCESS,2026-07-03 12:22:52.859862
T002351,C0389,M0002,41978.65,CARD,SUCCESS,2026-08-03 06:11:44.105478
T002352,C0210,M0022,16620.62,NET_BANKING,SUCCESS,2026-09-03 00:33:55.046599
T002353,C0051,M0019,3088.71,CARD,SUCCESS,2026-07-29 20:43:24.409825
T002354,C0414,M0013,27575.92,UPI,SUCCESS,2026-08-06 10:05:46.467966
T002355,C0341,M0041,15691.23,NET_BANKING,SUCCESS,2026-07-18 10:49:38.250584
T002356,C0230,M0043,19875.39,CARD,SUCCESS,2026-08-02 12:07:46.026483
T002357,C0394,M0047,44325.78,NET_BANKING,SUCCESS,2026-08-07 11:41:30.257403
T002358,C0172,M0040,49916.96,UPI,SUCCESS,2026-08-28 23:24:03.452197
T002359,C0080,M0005,8872.41,UPI,SUCCESS,2026-08-17 13:31:36.166533
T002360,C0199,M0040,41414.88,UPI,SUCCESS,2026-06-21 17:45:58.063766
T002361,C0219,M0004,33201.41,UPI,FAILED,2026-06-21 03:34:31.138540
T002362,C0363,M0020,10902.18,UPI,SUCCESS,2026-06-20 08:41:29.919310
T002363,C0139,M0034,45008.98,UPI,SUCCESS,2026-06-28 02:42:11.277321
T002364,C0139,M0014,9197.45,WALLET,SUCCESS,2026-06-09 10:38:47.241878
T002365,C0396,M0023,44584.61,CARD,SUCCESS,2026-06-27 17:41:04.057269
T002366,C0187,M0001,5622.04,CARD,SUCCESS,2026-07-27 10:24:45.057065
T002367,C0270,M0020,16472.88,NET_BANKING,SUCCESS,2026-07-18 04:22:10.720037
T002368,C0043,M0050,10190.19,NET_BANKING,SUCCESS,2026-08-24 04:00:07.044442
T002369,C0042,M0048,45926.58,UPI,SUCCESS,2026-08-26 16:36:36.710427
T002370,C0418,M0035,45866.96,WALLET,SUCCESS,2026-08-16 13:09:06.693234
T002371,C0206,M0046,25767.56,NET_BANKING,FAILED,2026-08-29 14:37:27.122378
T002372,C0029,M0043,2433.58,UPI,SUCCESS,2026-06-15 11:12:09.922990
T002373,C0305,M0024,44693.19,NET_BANKING,SUCCESS,2026-08-30 22:11:15.907258
T002374,C0395,M0027,20921.57,UPI,SUCCESS,2026-07-25 17:50:40.450668
T002375,C0358,M0012,97.56,UPI,FAILED,2026-08-29 16:34:32.146661
T002376,C0166,M0001,17759.09,CARD,SUCCESS,2026-06-28 01:02:35.547867
T002377,C0495,M0039,48952.49,UPI,SUCCESS,2026-06-13 22:44:13.274052
T002378,C0368,M0002,20824.86,CARD,SUCCESS,2026-08-28 13:01:41.725420
T002379,C0369,M0003,10499.81,NET_BANKING,SUCCESS,2026-07-30 14:15:04.300247
T002380,C0227,M0015,38136.83,WALLET,SUCCESS,2026-06-08 21:55:43.615862
T002381,C0232,M0037,33459.35,UPI,SUCCESS,2026-06-22 02:23:05.527173
T002382,C0114,M0006,21513.64,NET_BANKING,SUCCESS,2026-08-30 12:56:52.272937
T002383,C0264,M0017,48161.58,NET_BANKING,SUCCESS,2026-06-25 11:40:36.516943
T002384,C0421,M0039,20484.67,CARD,SUCCESS,2026-08-21 00:18:51.664247
T002385,C0057,M0006,13014.39,CARD,SUCCESS,2026-08-10 00:28:26.740243
T002386,C0135,M0031,49036.74,CARD,SUCCESS,2026-08-05 20:36:46.366868
T002387,C0342,M0026,14201.81,NET_BANKING,SUCCESS,2026-08-25 04:06:42.327226
T002388,C0017,M0031,3610.77,CARD,PENDING,2026-09-03 06:34:59.766917
T002389,C0354,M0040,17852.26,WALLET,PENDING,2026-07-04 11:22:08.023808
T002390,C0104,M0021,44778.53,CARD,SUCCESS,2026-06-15 17:48:48.793693
T002391,C0343,M0009,31302.89,NET_BANKING,SUCCESS,2026-06-19 16:37:34.859382
T002392,C0062,M0044,37568.0,NET_BANKING,SUCCESS,2026-09-05 06:31:32.172289
T002393,C0053,M0002,36281.18,WALLET,SUCCESS,2026-08-04 19:49:41.233014
T002394,C0393,M0009,15196.28,UPI,SUCCESS,2026-07-19 17:17:57.490752
T002395,C0095,M0008,19928.47,NET_BANKING,SUCCESS,2026-07-16 02:59:01.243645
T002396,C0375,M0013,33633.76,UPI,SUCCESS,2026-07-18 20:15:08.723145
T002397,C0016,M0033,35359.58,CARD,SUCCESS,2026-07-19 08:40:25.851339
T002398,C0480,M0003,28295.11,UPI,SUCCESS,2026-08-07 03:00:58.105006
T002399,C0179,M0001,47917.0,NET_BANKING,SUCCESS,2026-08-25 11:54:33.466432
T002400,C0403,M0010,40741.15,WALLET,SUCCESS,2026-06-11 18:23:04.677495
T002401,C0133,M0030,10056.71,WALLET,SUCCESS,2026-06-08 08:07:57.094717
T002402,C0286,M0030,32681.33,NET_BANKING,SUCCESS,2026-08-30 20:14:10.835410
T002403,C0432,M0020,44803.68,CARD,SUCCESS,2026-07-26 00:30:56.324388
T002404,C0029,M0007,16240.0,UPI,SUCCESS,2026-07-21 20:31:50.364973
T002405,C0113,M0026,191.28,CARD,SUCCESS,2026-07-09 19:01:17.278077
T002406,C0239,M0021,13367.36,UPI,SUCCESS,2026-06-23 14:38:48.690452
T002407,C0161,M0038,6722.88,CARD,SUCCESS,2026-06-19 07:21:33.707573
T002408,C0378,M0021,14130.68,UPI,SUCCESS,2026-08-17 22:50:27.369440
T002409,C0375,M0045,12182.49,UPI,FAILED,2026-06-17 16:10:35.323517
T002410,C0007,M0015,26874.54,WALLET,FAILED,2026-07-31 00:14:58.919391
T002411,C0463,M0002,38163.51,CARD,SUCCESS,2026-08-19 16:59:22.799201
T002412,C0319,M0026,25268.67,WALLET,SUCCESS,2026-06-22 12:45:14.551211
T002413,C0478,M0050,8513.89,WALLET,SUCCESS,2026-08-24 03:27:03.757561
T002414,C0143,M0047,49706.0,NET_BANKING,SUCCESS,2026-07-26 08:25:24.663171
T002415,C0462,M0033,37272.08,NET_BANKING,SUCCESS,2026-07-16 22:21:56.397289
T002416,C0419,M0004,30825.0,NET_BANKING,SUCCESS,2026-07-13 23:57:12.541452
T002417,C0300,M0034,45824.73,WALLET,SUCCESS,2026-07-05 07:46:04.974852
T002418,C0498,M0019,19339.45,NET_BANKING,SUCCESS,2026-06-21 12:43:26.437523
T002419,C0357,M0050,26986.57,WALLET,SUCCESS,2026-06-15 01:54:23.310236
T002420,C0137,M0005,43731.88,CARD,FAILED,2026-07-16 06:03:14.885643
T002421,C0009,M0018,36539.76,WALLET,PENDING,2026-08-21 20:36:05.502862
T002422,C0172,M0023,48257.24,UPI,SUCCESS,2026-06-21 23:24:11.168163
T002423,C0138,M0029,9122.04,CARD,SUCCESS,2026-06-11 20:33:37.035550
T002424,C0125,M0032,37399.18,WALLET,SUCCESS,2026-09-05 08:57:20.188708
T002425,C0370,M0030,42471.71,UPI,SUCCESS,2026-08-06 03:12:44.952084
T002426,C0494,M0047,10079.33,WALLET,SUCCESS,2026-09-04 00:02:21.034445
T002427,C0408,M0014,3005.7,WALLET,SUCCESS,2026-07-26 23:53:35.076254
T002428,C0069,M0022,9945.6,WALLET,SUCCESS,2026-08-31 11:30:53.297565
T002429,C0449,M0009,39320.7,NET_BANKING,FAILED,2026-06-12 14:33:11.499948
T002430,C0202,M0047,10195.29,CARD,SUCCESS,2026-07-15 10:36:50.090054
T002431,C0063,M0023,4410.5,NET_BANKING,SUCCESS,2026-08-22 07:28:46.512395
T002432,C0239,M0013,17142.3,UPI,SUCCESS,2026-06-14 09:01:01.632964
T002433,C0007,M0021,36809.56,NET_BANKING,SUCCESS,2026-07-15 03:37:07.301020
T002434,C0418,M0021,29172.5,CARD,SUCCESS,2026-07-13 22:30:22.988943
T002435,C0371,M0032,16211.96,UPI,SUCCESS,2026-06-15 04:00:41.037876
T002436,C0331,M0041,34854.95,NET_BANKING,SUCCESS,2026-08-04 00:02:35.469668
T002437,C0500,M0044,43578.8,WALLET,SUCCESS,2026-09-03 01:51:49.803071
T002438,C0415,M0037,17641.0,NET_BANKING,SUCCESS,2026-07-09 10:57:32.755754
T002439,C0183,M0050,38462.48,CARD,FAILED,2026-08-28 15:43:50.691069
T002440,C0321,M0034,39331.83,NET_BANKING,PENDING,2026-07-14 02:01:56.328063
T002441,C0476,M0028,20318.6,CARD,SUCCESS,2026-09-04 13:38:28.897359
T002442,C0430,M0028,26886.37,UPI,FAILED,2026-08-27 18:54:53.401509
T002443,C0310,M0039,34278.11,UPI,SUCCESS,2026-07-05 19:37:39.637325
T002444,C0073,M0012,22372.37,CARD,SUCCESS,2026-07-29 12:01:25.478677
T002445,C0272,M0035,30517.29,UPI,SUCCESS,2026-06-12 07:56:31.693061
T002446,C0355,M0034,4109.45,CARD,SUCCESS,2026-09-01 06:10:52.040444
T002447,C0172,M0036,4444.18,CARD,SUCCESS,2026-08-23 08:24:09.588753
T002448,C0384,M0024,21590.25,UPI,PENDING,2026-08-17 21:08:19.521965
T002449,C0269,M0026,45922.79,NET_BANKING,SUCCESS,2026-08-04 01:01:51.480872
T002450,C0042,M0013,36393.35,UPI,SUCCESS,2026-08-13 12:49:09.885022
T002451,C0251,M0028,8208.48,NET_BANKING,PENDING,2026-08-23 21:22:10.786510
T002452,C0314,M0016,26893.95,UPI,SUCCESS,2026-06-19 17:47:42.649658
T002453,C0218,M0023,43075.06,NET_BANKING,FAILED,2026-06-12 20:33:30.487808
T002454,C0110,M0032,40518.62,CARD,SUCCESS,2026-09-04 14:35:50.002729
T002455,C0341,M0047,4470.67,CARD,SUCCESS,2026-08-24 02:26:42.553327
T002456,C0449,M0017,41510.35,WALLET,SUCCESS,2026-08-22 01:04:27.422629
T002457,C0373,M0031,9294.0,NET_BANKING,SUCCESS,2026-06-09 11:15:40.302788
T002458,C0335,M0032,40268.19,CARD,SUCCESS,2026-07-28 06:26:25.674752
T002459,C0447,M0050,45903.48,WALLET,SUCCESS,2026-07-12 22:17:02.555748
T002460,C0032,M0032,19820.31,NET_BANKING,SUCCESS,2026-09-03 13:57:02.452679
T002461,C0056,M0037,22115.38,WALLET,FAILED,2026-07-23 02:45:44.942537
T002462,C0313,M0036,17285.99,NET_BANKING,SUCCESS,2026-09-02 17:59:36.008459
T002463,C0370,M0010,15814.52,UPI,SUCCESS,2026-06-23 00:53:29.743032
T002464,C0280,M0038,30338.47,CARD,SUCCESS,2026-08-06 10:00:52.954525
T002465,C0293,M0048,12916.68,CARD,SUCCESS,2026-09-02 22:48:11.980068
T002466,C0212,M0021,7227.96,UPI,SUCCESS,2026-06-24 16:04:58.537937
T002467,C0476,M0028,5302.34,UPI,FAILED,2026-08-21 17:03:23.277723
T002468,C0474,M0002,6567.4,CARD,PENDING,2026-07-30 00:27:57.506123
T002469,C0297,M0021,45506.05,NET_BANKING,SUCCESS,2026-08-18 04:44:17.597984
T002470,C0308,M0029,49374.8,NET_BANKING,SUCCESS,2026-07-06 00:37:07.066493
T002471,C0331,M0008,16542.71,UPI,SUCCESS,2026-07-20 00:04:47.592948
T002472,C0281,M0018,22317.98,UPI,SUCCESS,2026-06-14 20:23:24.332848
T002473,C0226,M0026,17982.63,CARD,FAILED,2026-07-05 13:46:03.137575
T002474,C0246,M0023,41403.77,CARD,SUCCESS,2026-09-02 14:20:47.276063
T002475,C0136,M0004,45498.85,UPI,SUCCESS,2026-06-23 07:59:18.002724
T002476,C0077,M0012,43962.76,WALLET,SUCCESS,2026-08-06 01:27:01.385320
T002477,C0071,M0008,14366.1,UPI,SUCCESS,2026-08-09 00:14:38.227937
T002478,C0014,M0046,13148.86,NET_BANKING,FAILED,2026-06-17 11:28:19.211063
T002479,C0084,M0027,23868.0,NET_BANKING,SUCCESS,2026-07-01 23:04:39.040200
T002480,C0373,M0032,14631.42,WALLET,FAILED,2026-07-11 13:34:38.874509
T002481,C0093,M0017,20795.52,WALLET,SUCCESS,2026-07-31 14:41:09.400501
T002482,C0371,M0026,12544.63,CARD,SUCCESS,2026-09-02 09:00:55.844111
T002483,C0252,M0030,5246.74,CARD,SUCCESS,2026-08-27 16:48:48.836619
T002484,C0468,M0034,3523.68,CARD,SUCCESS,2026-08-01 00:22:15.106388
T002485,C0141,M0046,44359.85,WALLET,SUCCESS,2026-07-30 15:53:08.721027
T002486,C0079,M0015,25706.29,WALLET,SUCCESS,2026-07-17 11:44:12.797757
T002487,C0258,M0030,44255.35,WALLET,SUCCESS,2026-06-30 10:05:37.387471
T002488,C0018,M0040,450.08,WALLET,SUCCESS,2026-06-28 01:16:20.819669
T002489,C0454,M0020,24335.68,NET_BANKING,SUCCESS,2026-08-14 13:22:54.027483
T002490,C0057,M0034,45447.49,WALLET,FAILED,2026-07-25 13:40:50.682658
T002491,C0262,M0050,11234.42,CARD,SUCCESS,2026-08-22 19:00:52.650439
T002492,C0292,M0006,4748.57,NET_BANKING,SUCCESS,2026-06-24 02:54:55.037113
T002493,C0353,M0008,12036.46,NET_BANKING,SUCCESS,2026-08-03 00:01:26.999966
T002494,C0066,M0042,13178.94,NET_BANKING,SUCCESS,2026-09-01 00:11:24.078215
T002495,C0043,M0044,16531.4,CARD,SUCCESS,2026-07-21 10:02:24.458293
T002496,C0172,M0009,9598.89,WALLET,SUCCESS,2026-07-13 09:11:55.749285
T002497,C0296,M0021,48203.86,CARD,FAILED,2026-08-09 07:34:45.249141
T002498,C0225,M0043,8974.93,NET_BANKING,SUCCESS,2026-08-01 23:45:08.322812
T002499,C0392,M0043,34218.13,UPI,SUCCESS,2026-08-23 10:49:49.933511
T002500,C0248,M0038,9246.73,CARD,PENDING,2026-08-29 14:37:50.708280
T002501,C0232,M0024,34839.39,WALLET,SUCCESS,2026-08-26 00:44:20.877827
T002502,C0345,M0040,36059.21,NET_BANKING,SUCCESS,2026-06-14 01:44:03.324667
T002503,C0047,M0022,17978.16,UPI,SUCCESS,2026-08-11 00:32:47.855856
T002504,C0276,M0016,40203.5,NET_BANKING,SUCCESS,2026-08-16 15:21:54.818472
T002505,C0459,M0045,12749.19,NET_BANKING,SUCCESS,2026-06-14 06:53:44.151770
T002506,C0190,M0016,10528.45,UPI,SUCCESS,2026-08-27 16:38:59.904262
T002507,C0467,M0001,25506.85,CARD,SUCCESS,2026-09-04 09:19:24.487875
T002508,C0271,M0002,23589.94,WALLET,SUCCESS,2026-07-19 17:28:40.694096
T002509,C0029,M0050,10015.84,NET_BANKING,SUCCESS,2026-08-30 11:59:05.816811
T002510,C0455,M0018,3954.06,UPI,SUCCESS,2026-07-08 20:31:27.129430
T002511,C0207,M0001,47487.17,UPI,SUCCESS,2026-09-04 07:14:49.897257
T002512,C0108,M0034,3264.09,NET_BANKING,SUCCESS,2026-09-01 11:52:55.736735
T002513,C0010,M0046,23587.29,CARD,SUCCESS,2026-08-18 11:56:46.320151
T002514,C0105,M0011,35491.92,WALLET,SUCCESS,2026-08-19 06:55:24.800085
T002515,C0103,M0045,45800.1,NET_BANKING,SUCCESS,2026-07-04 08:16:54.932488
T002516,C0228,M0031,9312.6,CARD,SUCCESS,2026-08-27 06:09:49.237602
T002517,C0263,M0050,3981.39,UPI,SUCCESS,2026-07-13 10:39:35.846809
T002518,C0001,M0021,48794.16,WALLET,SUCCESS,2026-07-06 21:10:45.631358
T002519,C0151,M0040,24072.06,NET_BANKING,SUCCESS,2026-06-21 08:10:54.895673
T002520,C0484,M0029,46774.87,WALLET,SUCCESS,2026-07-26 14:54:49.550534
T002521,C0183,M0044,13077.91,NET_BANKING,SUCCESS,2026-08-13 00:21:05.988426
T002522,C0116,M0026,34072.61,NET_BANKING,SUCCESS,2026-06-10 01:09:11.991062
T002523,C0206,M0027,24529.89,NET_BANKING,SUCCESS,2026-07-26 03:42:15.749837
T002524,C0086,M0001,45918.01,WALLET,SUCCESS,2026-06-21 19:52:57.076324
T002525,C0325,M0023,23056.87,UPI,SUCCESS,2026-06-14 07:46:20.035927
T002526,C0009,M0050,25508.01,UPI,SUCCESS,2026-08-27 19:37:09.840621
T002527,C0321,M0034,9428.54,CARD,SUCCESS,2026-06-29 05:32:59.781728
T002528,C0317,M0031,48972.64,CARD,SUCCESS,2026-07-29 08:19:28.033052
T002529,C0234,M0026,37782.75,UPI,PENDING,2026-07-11 03:28:03.272513
T002530,C0066,M0025,47592.68,UPI,SUCCESS,2026-07-21 23:54:04.070330
T002531,C0148,M0026,45601.55,WALLET,SUCCESS,2026-08-08 09:32:51.484648
T002532,C0275,M0049,19176.28,WALLET,SUCCESS,2026-06-15 10:47:22.827840
T002533,C0003,M0026,40203.11,CARD,SUCCESS,2026-08-16 13:44:27.433550
T002534,C0395,M0026,11443.01,WALLET,SUCCESS,2026-07-07 10:10:34.661644
T002535,C0370,M0028,32511.23,UPI,SUCCESS,2026-06-22 21:31:08.104620
T002536,C0324,M0038,9702.1,UPI,SUCCESS,2026-06-28 12:06:20.568406
T002537,C0258,M0024,7794.63,UPI,SUCCESS,2026-08-28 23:07:17.765606
T002538,C0005,M0042,2119.96,CARD,SUCCESS,2026-07-27 00:25:01.721134
T002539,C0360,M0001,33031.28,CARD,SUCCESS,2026-06-27 16:26:46.225077
T002540,C0338,M0045,39833.39,WALLET,SUCCESS,2026-07-20 06:24:49.634904
T002541,C0470,M0026,9295.46,CARD,SUCCESS,2026-06-18 16:20:37.848610
T002542,C0295,M0044,25264.86,CARD,SUCCESS,2026-07-24 13:43:10.654967
T002543,C0428,M0045,34295.3,NET_BANKING,SUCCESS,2026-08-26 23:07:22.553770
T002544,C0095,M0042,43271.09,WALLET,FAILED,2026-06-18 02:44:43.670049
T002545,C0292,M0009,26106.83,NET_BANKING,SUCCESS,2026-09-04 04:55:24.555772
T002546,C0266,M0050,32053.36,NET_BANKING,SUCCESS,2026-08-15 23:44:51.953901
T002547,C0123,M0034,12104.67,NET_BANKING,SUCCESS,2026-06-17 11:49:54.719478
T002548,C0467,M0024,29960.54,UPI,SUCCESS,2026-06-20 18:28:43.213854
T002549,C0143,M0039,42868.53,WALLET,SUCCESS,2026-07-16 22:12:46.747692
T002550,C0426,M0044,28007.77,WALLET,SUCCESS,2026-08-29 03:10:38.291137
T002551,C0160,M0025,28554.76,CARD,SUCCESS,2026-06-13 02:51:03.833174
T002552,C0386,M0010,23618.64,WALLET,SUCCESS,2026-07-09 14:41:53.417284
T002553,C0185,M0002,20032.2,CARD,SUCCESS,2026-08-26 16:11:08.655041
T002554,C0473,M0018,34469.25,UPI,SUCCESS,2026-06-25 00:52:11.179968
T002555,C0206,M0006,24314.24,UPI,SUCCESS,2026-08-20 20:14:08.292110
T002556,C0363,M0019,10091.4,WALLET,SUCCESS,2026-06-09 08:32:39.327523
T002557,C0370,M0050,472.24,NET_BANKING,SUCCESS,2026-06-23 14:38:35.550611
T002558,C0025,M0045,7071.09,CARD,SUCCESS,2026-07-30 09:03:21.704097
T002559,C0100,M0028,44221.76,CARD,SUCCESS,2026-08-05 17:05:21.083445
T002560,C0309,M0009,18205.86,CARD,SUCCESS,2026-06-09 05:20:37.727287
T002561,C0116,M0028,45957.63,CARD,SUCCESS,2026-08-20 01:50:30.134491
T002562,C0486,M0014,34403.69,WALLET,SUCCESS,2026-07-06 15:43:33.395685
T002563,C0396,M0003,27333.27,NET_BANKING,SUCCESS,2026-09-04 09:13:12.548329
T002564,C0487,M0029,24360.63,UPI,SUCCESS,2026-07-01 00:52:00.908917
T002565,C0074,M0040,2163.75,UPI,SUCCESS,2026-06-30 23:25:37.754893
T002566,C0105,M0014,44148.12,NET_BANKING,SUCCESS,2026-06-26 08:15:30.811501
T002567,C0092,M0010,27433.67,UPI,SUCCESS,2026-08-15 07:43:58.569176
T002568,C0123,M0017,6121.44,CARD,SUCCESS,2026-08-17 08:21:02.406348
T002569,C0152,M0013,48676.13,CARD,SUCCESS,2026-06-13 19:59:38.166902
T002570,C0490,M0013,17659.22,UPI,SUCCESS,2026-08-26 03:01:32.355227
T002571,C0159,M0020,17556.0,CARD,PENDING,2026-06-25 16:02:34.208116
T002572,C0259,M0016,6957.39,NET_BANKING,SUCCESS,2026-07-26 17:01:09.375167
T002573,C0158,M0029,41741.45,NET_BANKING,SUCCESS,2026-08-08 00:04:12.730503
T002574,C0364,M0030,48758.1,UPI,SUCCESS,2026-09-03 09:51:52.762992
T002575,C0428,M0014,25815.24,CARD,SUCCESS,2026-06-25 15:24:59.111828
T002576,C0025,M0014,34627.34,WALLET,SUCCESS,2026-06-23 22:39:38.841153
T002577,C0387,M0036,35948.12,CARD,SUCCESS,2026-06-28 05:58:39.204326
T002578,C0247,M0046,26369.28,UPI,SUCCESS,2026-07-12 17:20:22.958983
T002579,C0367,M0010,45529.26,WALLET,SUCCESS,2026-09-02 18:38:09.906947
T002580,C0405,M0041,1430.34,CARD,SUCCESS,2026-06-23 22:33:50.106771
T002581,C0288,M0003,28802.0,WALLET,SUCCESS,2026-07-04 07:00:38.039193
T002582,C0409,M0021,28107.7,CARD,SUCCESS,2026-08-03 15:03:02.610133
T002583,C0128,M0027,13285.37,WALLET,SUCCESS,2026-08-26 05:10:51.899004
T002584,C0094,M0002,5932.68,CARD,PENDING,2026-06-18 16:46:27.096165
T002585,C0418,M0043,31831.71,WALLET,SUCCESS,2026-09-03 07:18:47.323805
T002586,C0296,M0021,10037.84,WALLET,SUCCESS,2026-07-11 18:42:12.978080
T002587,C0213,M0004,23630.37,UPI,SUCCESS,2026-06-22 00:33:23.685448
T002588,C0045,M0007,43168.19,CARD,SUCCESS,2026-07-26 22:12:40.980634
T002589,C0216,M0016,1430.27,NET_BANKING,SUCCESS,2026-08-26 23:14:36.266387
T002590,C0407,M0048,45971.46,NET_BANKING,SUCCESS,2026-06-16 12:18:05.294535
T002591,C0188,M0019,28944.44,WALLET,SUCCESS,2026-07-28 22:18:32.610411
T002592,C0098,M0031,20847.73,CARD,SUCCESS,2026-06-13 06:26:26.622265
T002593,C0333,M0047,8949.64,WALLET,SUCCESS,2026-07-20 08:14:43.110239
T002594,C0279,M0029,28818.64,CARD,SUCCESS,2026-08-04 21:30:00.763408
T002595,C0250,M0016,24536.28,NET_BANKING,SUCCESS,2026-08-28 07:41:14.538182
T002596,C0076,M0010,26900.49,WALLET,SUCCESS,2026-07-17 05:23:01.861472
T002597,C0476,M0024,22567.69,NET_BANKING,SUCCESS,2026-06-22 07:45:38.853897
T002598,C0012,M0014,24857.97,CARD,SUCCESS,2026-08-15 09:58:01.897074
T002599,C0407,M0018,2000.14,WALLET,SUCCESS,2026-06-15 02:34:06.956383
T002600,C0462,M0043,41876.3,CARD,SUCCESS,2026-07-31 17:29:18.427311
T002601,C0213,M0004,47912.22,CARD,SUCCESS,2026-08-27 23:03:59.716759
T002602,C0037,M0013,25564.37,CARD,SUCCESS,2026-06-16 19:03:53.706481
T002603,C0020,M0017,43131.88,UPI,SUCCESS,2026-08-13 18:33:21.656889
T002604,C0011,M0027,35710.17,CARD,SUCCESS,2026-06-29 04:31:25.035078
T002605,C0498,M0027,23192.66,CARD,FAILED,2026-06-09 09:26:10.095885
T002606,C0042,M0037,42904.76,UPI,SUCCESS,2026-07-05 17:46:24.855835
T002607,C0246,M0046,14285.88,NET_BANKING,SUCCESS,2026-08-19 06:08:02.258379
T002608,C0271,M0040,24740.82,NET_BANKING,SUCCESS,2026-06-26 14:39:11.546835
T002609,C0136,M0028,38085.02,NET_BANKING,SUCCESS,2026-06-13 07:13:17.414359
T002610,C0018,M0033,48014.37,UPI,SUCCESS,2026-08-21 23:45:41.979103
T002611,C0068,M0018,44333.53,NET_BANKING,SUCCESS,2026-07-01 14:34:50.441265
T002612,C0319,M0017,13466.98,CARD,FAILED,2026-07-30 23:38:13.156138
T002613,C0035,M0008,46870.2,CARD,SUCCESS,2026-06-20 21:43:23.189747
T002614,C0045,M0007,2183.63,CARD,SUCCESS,2026-06-15 18:15:42.552286
T002615,C0200,M0014,7815.06,NET_BANKING,SUCCESS,2026-07-04 17:28:25.409611
T002616,C0081,M0021,14418.68,NET_BANKING,FAILED,2026-06-21 18:25:38.594978
T002617,C0124,M0025,42852.39,CARD,SUCCESS,2026-07-08 09:32:41.973513
T002618,C0304,M0026,8281.81,WALLET,SUCCESS,2026-09-02 05:17:28.078435
T002619,C0123,M0008,17552.02,UPI,SUCCESS,2026-06-26 15:15:59.099257
T002620,C0439,M0039,6768.0,NET_BANKING,SUCCESS,2026-08-20 09:41:17.091921
T002621,C0339,M0001,47357.31,UPI,SUCCESS,2026-08-22 04:33:31.480586
T002622,C0170,M0038,18944.48,UPI,SUCCESS,2026-07-14 17:40:51.803847
T002623,C0277,M0006,24198.33,WALLET,SUCCESS,2026-07-21 21:32:37.512288
T002624,C0016,M0026,2820.56,UPI,SUCCESS,2026-08-03 21:56:53.739678
T002625,C0265,M0037,861.7,CARD,SUCCESS,2026-06-08 03:21:03.109280
T002626,C0255,M0037,37050.78,CARD,SUCCESS,2026-06-15 16:19:47.616094
T002627,C0190,M0039,41919.62,UPI,SUCCESS,2026-08-16 23:49:50.132280
T002628,C0013,M0013,27561.79,CARD,SUCCESS,2026-08-25 03:58:18.955709
T002629,C0004,M0002,36974.64,UPI,SUCCESS,2026-08-15 00:32:14.887312
T002630,C0378,M0025,2194.76,WALLET,SUCCESS,2026-07-16 09:22:07.964819
T002631,C0212,M0012,24094.63,NET_BANKING,SUCCESS,2026-08-29 13:53:06.245417
T002632,C0279,M0007,3179.16,UPI,SUCCESS,2026-08-29 18:09:50.185748
T002633,C0087,M0018,8179.94,CARD,SUCCESS,2026-08-28 03:05:42.010879
T002634,C0399,M0017,49738.95,CARD,SUCCESS,2026-06-28 20:21:56.933970
T002635,C0392,M0024,5412.25,UPI,SUCCESS,2026-08-31 03:31:25.802742
T002636,C0020,M0044,13132.22,CARD,SUCCESS,2026-07-26 07:24:06.108221
T002637,C0206,M0010,23564.64,WALLET,SUCCESS,2026-07-13 22:31:51.913985
T002638,C0036,M0046,17847.13,NET_BANKING,SUCCESS,2026-06-08 00:11:57.449663
T002639,C0003,M0046,32250.38,NET_BANKING,SUCCESS,2026-08-05 04:25:24.441229
T002640,C0059,M0050,773.0,CARD,SUCCESS,2026-07-24 19:37:18.674837
T002641,C0285,M0024,196.71,CARD,SUCCESS,2026-06-24 15:30:20.699569
T002642,C0215,M0005,37359.19,NET_BANKING,SUCCESS,2026-07-30 01:28:16.394177
T002643,C0127,M0031,8433.15,NET_BANKING,SUCCESS,2026-06-16 06:04:56.059829
T002644,C0248,M0016,21711.93,UPI,SUCCESS,2026-08-25 12:43:56.673692
T002645,C0344,M0018,6788.84,CARD,SUCCESS,2026-08-22 22:04:37.967710
T002646,C0227,M0043,38026.9,UPI,SUCCESS,2026-06-21 12:12:21.198615
T002647,C0256,M0029,40755.86,UPI,SUCCESS,2026-08-01 18:28:09.322325
T002648,C0486,M0015,35424.57,WALLET,SUCCESS,2026-06-18 01:19:24.014407
T002649,C0263,M0036,23299.82,NET_BANKING,SUCCESS,2026-07-08 09:16:41.265829
T002650,C0393,M0038,28103.25,UPI,SUCCESS,2026-06-26 13:17:46.837355
T002651,C0227,M0036,29730.14,CARD,SUCCESS,2026-08-26 17:38:04.881977
T002652,C0429,M0010,9645.59,CARD,SUCCESS,2026-07-16 04:49:57.362466
T002653,C0119,M0035,28451.42,NET_BANKING,SUCCESS,2026-06-10 05:31:50.855777
T002654,C0415,M0030,27700.62,CARD,SUCCESS,2026-06-14 10:41:33.158398
T002655,C0292,M0035,10504.7,UPI,SUCCESS,2026-06-17 15:33:04.830492
T002656,C0373,M0029,522.91,CARD,SUCCESS,2026-08-08 00:20:07.611954
T002657,C0347,M0029,4612.68,UPI,SUCCESS,2026-08-19 06:40:31.655895
T002658,C0428,M0048,46217.44,WALLET,SUCCESS,2026-08-26 03:09:35.038783
T002659,C0194,M0022,21685.57,UPI,PENDING,2026-07-25 06:05:55.057576
T002660,C0011,M0021,20232.67,WALLET,FAILED,2026-08-27 02:48:36.077374
T002661,C0303,M0011,3058.05,WALLET,SUCCESS,2026-06-14 01:12:29.386479
T002662,C0213,M0041,28609.38,NET_BANKING,FAILED,2026-06-28 20:26:47.805153
T002663,C0168,M0012,6757.5,WALLET,SUCCESS,2026-07-13 06:38:26.651771
T002664,C0413,M0029,35954.11,UPI,PENDING,2026-08-11 09:33:38.677794
T002665,C0141,M0037,40765.0,UPI,SUCCESS,2026-06-09 16:50:43.770149
T002666,C0357,M0007,38566.35,CARD,SUCCESS,2026-07-06 23:44:09.692825
T002667,C0003,M0005,41286.07,NET_BANKING,SUCCESS,2026-07-30 04:56:25.260499
T002668,C0416,M0001,16294.64,NET_BANKING,SUCCESS,2026-07-25 00:03:25.508726
T002669,C0339,M0031,46967.31,WALLET,SUCCESS,2026-08-14 15:59:44.697749
T002670,C0099,M0043,4657.6,CARD,PENDING,2026-08-12 15:12:54.846765
T002671,C0321,M0005,3400.36,WALLET,FAILED,2026-08-02 21:43:20.313719
T002672,C0308,M0026,21509.99,WALLET,SUCCESS,2026-08-17 13:28:39.844657
T002673,C0094,M0044,1424.21,UPI,SUCCESS,2026-07-24 21:02:30.006096
T002674,C0382,M0026,30348.18,NET_BANKING,SUCCESS,2026-06-09 20:11:34.461173
T002675,C0450,M0050,9014.27,UPI,FAILED,2026-07-05 20:31:59.595909
T002676,C0247,M0026,5154.37,WALLET,SUCCESS,2026-06-13 21:30:28.926674
T002677,C0436,M0008,23771.43,CARD,SUCCESS,2026-07-23 06:42:57.377658
T002678,C0089,M0002,5746.74,NET_BANKING,FAILED,2026-09-04 05:01:59.000176
T002679,C0120,M0028,45381.48,CARD,SUCCESS,2026-07-11 04:03:56.534276
T002680,C0425,M0019,42643.3,NET_BANKING,SUCCESS,2026-06-27 16:15:29.420613
T002681,C0010,M0017,21461.71,UPI,SUCCESS,2026-08-01 17:52:27.745387
T002682,C0039,M0016,2966.04,WALLET,SUCCESS,2026-07-30 02:17:41.022113
T002683,C0167,M0050,42214.75,WALLET,SUCCESS,2026-09-04 13:34:22.061570
T002684,C0080,M0047,36445.06,WALLET,SUCCESS,2026-06-17 08:41:07.661308
T002685,C0452,M0040,315.06,NET_BANKING,SUCCESS,2026-07-10 23:17:13.836528
T002686,C0052,M0041,15447.56,WALLET,SUCCESS,2026-08-12 14:32:16.441220
T002687,C0454,M0007,17776.76,CARD,SUCCESS,2026-07-21 18:28:39.872874
T002688,C0252,M0010,4873.44,WALLET,SUCCESS,2026-07-20 04:11:47.633482
T002689,C0281,M0015,25041.55,CARD,SUCCESS,2026-08-21 21:34:28.475990
T002690,C0328,M0009,5055.5,UPI,SUCCESS,2026-06-15 16:58:32.261436
T002691,C0218,M0034,47376.59,WALLET,PENDING,2026-08-17 13:32:10.116113
T002692,C0255,M0043,29391.32,UPI,SUCCESS,2026-06-23 02:28:12.335090
T002693,C0005,M0043,25969.82,CARD,SUCCESS,2026-06-15 11:27:21.456064
T002694,C0295,M0022,47061.03,WALLET,SUCCESS,2026-06-21 06:08:47.188119
T002695,C0367,M0001,40540.19,NET_BANKING,FAILED,2026-08-09 18:49:02.973303
T002696,C0095,M0047,23231.1,NET_BANKING,SUCCESS,2026-07-18 05:30:47.456926
T002697,C0363,M0017,12040.88,NET_BANKING,FAILED,2026-08-27 08:33:41.225644
T002698,C0179,M0028,49774.64,WALLET,SUCCESS,2026-08-23 16:06:43.736406
T002699,C0072,M0040,1820.93,UPI,SUCCESS,2026-08-25 02:34:03.940925
T002700,C0275,M0015,7748.1,WALLET,FAILED,2026-08-18 04:47:46.662629
T002701,C0472,M0042,1353.63,UPI,SUCCESS,2026-07-11 19:01:05.833776
T002702,C0337,M0024,35634.0,NET_BANKING,PENDING,2026-06-10 13:55:58.814788
T002703,C0233,M0032,30925.36,CARD,SUCCESS,2026-09-02 14:49:27.441089
T002704,C0316,M0042,30004.81,NET_BANKING,SUCCESS,2026-08-14 20:59:37.297221
T002705,C0107,M0030,23075.0,NET_BANKING,SUCCESS,2026-07-19 13:41:28.818615
T002706,C0148,M0017,33524.13,WALLET,SUCCESS,2026-08-31 12:54:11.275137
T002707,C0261,M0038,29999.62,UPI,SUCCESS,2026-08-11 10:17:37.455189
T002708,C0268,M0024,8782.09,WALLET,SUCCESS,2026-07-02 19:17:15.228121
T002709,C0487,M0028,47808.05,WALLET,SUCCESS,2026-06-17 12:13:34.593193
T002710,C0448,M0022,43130.43,CARD,SUCCESS,2026-07-23 15:05:02.618586
T002711,C0210,M0027,38384.74,NET_BANKING,FAILED,2026-07-31 14:30:39.471319
T002712,C0282,M0030,40944.1,UPI,FAILED,2026-07-12 17:50:04.195781
T002713,C0203,M0009,49059.57,CARD,SUCCESS,2026-07-04 06:26:16.247766
T002714,C0186,M0050,25104.91,CARD,SUCCESS,2026-06-23 10:04:51.295373
T002715,C0366,M0028,10690.26,NET_BANKING,SUCCESS,2026-08-26 01:11:24.274520
T002716,C0195,M0019,5124.99,NET_BANKING,SUCCESS,2026-08-13 01:22:15.055140
T002717,C0127,M0010,9254.06,NET_BANKING,FAILED,2026-08-24 01:41:29.582593
T002718,C0309,M0016,24011.21,WALLET,SUCCESS,2026-07-21 11:51:45.776771
T002719,C0200,M0049,23803.5,CARD,SUCCESS,2026-07-20 02:02:41.085087
T002720,C0201,M0012,18708.07,NET_BANKING,SUCCESS,2026-08-22 18:28:30.179305
T002721,C0181,M0043,4711.02,WALLET,SUCCESS,2026-06-11 19:24:45.709886
T002722,C0434,M0023,7291.68,NET_BANKING,SUCCESS,2026-07-12 10:20:06.594322
T002723,C0079,M0049,20057.23,NET_BANKING,FAILED,2026-06-29 04:09:20.621294
T002724,C0279,M0036,8975.27,UPI,SUCCESS,2026-07-23 11:12:35.329807
T002725,C0043,M0017,19505.68,CARD,SUCCESS,2026-07-30 03:09:02.121037
T002726,C0492,M0032,18829.29,UPI,PENDING,2026-09-04 01:11:29.990955
T002727,C0460,M0021,42940.98,NET_BANKING,SUCCESS,2026-07-12 15:14:58.258201
T002728,C0050,M0049,8064.72,WALLET,SUCCESS,2026-08-03 11:43:36.991867
T002729,C0397,M0044,5797.7,UPI,SUCCESS,2026-06-16 14:37:10.215047
T002730,C0490,M0001,35952.26,NET_BANKING,SUCCESS,2026-06-16 03:18:40.106214
T002731,C0494,M0036,5637.72,NET_BANKING,SUCCESS,2026-09-04 10:55:45.021129
T002732,C0326,M0001,4088.44,NET_BANKING,SUCCESS,2026-06-16 08:15:38.125937
T002733,C0181,M0003,40172.91,CARD,SUCCESS,2026-08-28 16:21:53.461952
T002734,C0492,M0035,32431.09,CARD,SUCCESS,2026-06-10 13:00:19.622158
T002735,C0300,M0004,23192.83,NET_BANKING,SUCCESS,2026-09-03 13:10:24.513565
T002736,C0315,M0024,22699.73,CARD,SUCCESS,2026-06-11 11:46:23.409232
T002737,C0003,M0045,9993.48,UPI,SUCCESS,2026-06-14 07:03:52.205331
T002738,C0122,M0010,23958.94,NET_BANKING,SUCCESS,2026-08-26 03:35:27.508186
T002739,C0204,M0014,21507.31,NET_BANKING,SUCCESS,2026-07-28 20:53:39.151758
T002740,C0375,M0010,21474.1,UPI,SUCCESS,2026-08-27 07:32:20.708594
T002741,C0349,M0029,15210.02,NET_BANKING,SUCCESS,2026-08-22 10:46:33.706184
T002742,C0208,M0029,48149.22,WALLET,SUCCESS,2026-08-13 02:21:30.505502
T002743,C0103,M0008,36146.34,WALLET,SUCCESS,2026-07-06 20:15:02.708035
T002744,C0340,M0007,46963.24,CARD,SUCCESS,2026-09-05 08:05:22.848321
T002745,C0477,M0034,47608.58,UPI,SUCCESS,2026-08-10 00:38:58.418386
T002746,C0012,M0007,13861.78,WALLET,SUCCESS,2026-06-12 04:35:16.957170
T002747,C0089,M0047,31492.69,CARD,FAILED,2026-08-25 10:03:18.910331
T002748,C0157,M0023,11427.56,NET_BANKING,FAILED,2026-07-07 21:07:22.263727
T002749,C0486,M0005,22565.17,UPI,SUCCESS,2026-07-08 16:42:00.973425
T002750,C0429,M0010,14211.57,NET_BANKING,SUCCESS,2026-06-26 19:26:58.018750
T002751,C0329,M0027,41768.91,WALLET,FAILED,2026-07-03 14:35:41.436142
T002752,C0122,M0022,24564.58,WALLET,SUCCESS,2026-06-27 11:56:22.954647
T002753,C0257,M0050,16135.88,WALLET,SUCCESS,2026-08-07 04:08:40.538107
T002754,C0495,M0026,13756.57,CARD,SUCCESS,2026-06-11 13:24:18.317138
T002755,C0161,M0045,47962.63,WALLET,PENDING,2026-06-22 22:09:36.426330
T002756,C0399,M0033,13066.48,NET_BANKING,SUCCESS,2026-08-31 12:09:37.365778
T002757,C0201,M0019,41817.65,UPI,SUCCESS,2026-06-19 06:23:04.449811
T002758,C0013,M0006,511.37,NET_BANKING,SUCCESS,2026-06-09 21:38:53.644710
T002759,C0375,M0043,8895.85,NET_BANKING,SUCCESS,2026-07-30 11:12:47.337929
T002760,C0202,M0003,4864.39,UPI,SUCCESS,2026-07-10 10:34:27.361332
T002761,C0314,M0047,13188.7,WALLET,FAILED,2026-09-02 07:55:43.868690
T002762,C0456,M0035,486.26,WALLET,SUCCESS,2026-08-31 14:35:37.749759
T002763,C0100,M0026,37906.64,UPI,SUCCESS,2026-06-24 17:31:42.590094
T002764,C0154,M0027,35240.52,WALLET,SUCCESS,2026-07-16 20:04:39.079947
T002765,C0082,M0005,31684.3,WALLET,SUCCESS,2026-09-01 05:42:27.579425
T002766,C0128,M0040,29148.32,CARD,FAILED,2026-07-31 22:04:14.187306
T002767,C0355,M0038,26962.08,NET_BANKING,SUCCESS,2026-06-29 00:54:06.448189
T002768,C0167,M0014,42545.72,WALLET,SUCCESS,2026-08-29 11:51:15.469946
T002769,C0412,M0029,13951.38,CARD,SUCCESS,2026-07-31 04:30:20.244435
T002770,C0435,M0047,49961.35,UPI,SUCCESS,2026-08-04 07:33:48.066237
T002771,C0192,M0039,16579.09,NET_BANKING,SUCCESS,2026-08-28 02:55:02.437587
T002772,C0183,M0018,9643.94,CARD,SUCCESS,2026-07-13 11:53:48.646988
T002773,C0440,M0030,14712.29,NET_BANKING,SUCCESS,2026-06-08 10:17:02.269439
T002774,C0010,M0045,18325.21,CARD,SUCCESS,2026-07-02 16:41:57.535498
T002775,C0166,M0015,22464.88,NET_BANKING,FAILED,2026-07-22 14:07:01.491395
T002776,C0035,M0013,28848.85,UPI,SUCCESS,2026-06-18 03:55:33.907010
T002777,C0065,M0001,41949.36,WALLET,SUCCESS,2026-07-21 14:57:38.333073
T002778,C0211,M0033,15034.17,UPI,SUCCESS,2026-08-17 15:34:28.887042
T002779,C0073,M0005,28832.32,NET_BANKING,SUCCESS,2026-07-12 11:22:47.159447
T002780,C0137,M0002,1713.95,UPI,SUCCESS,2026-06-23 22:07:22.860445
T002781,C0215,M0015,38114.67,WALLET,SUCCESS,2026-06-15 01:22:15.398671
T002782,C0375,M0027,23275.3,UPI,SUCCESS,2026-08-22 03:18:16.311727
T002783,C0179,M0025,44636.93,NET_BANKING,SUCCESS,2026-08-22 23:33:45.021126
T002784,C0049,M0050,3296.88,NET_BANKING,SUCCESS,2026-07-25 21:24:37.333979
T002785,C0278,M0040,38122.29,UPI,SUCCESS,2026-06-23 00:04:27.955673
T002786,C0300,M0035,33809.38,WALLET,PENDING,2026-06-24 06:47:20.036841
T002787,C0038,M0029,14102.3,WALLET,SUCCESS,2026-06-22 02:29:51.183541
T002788,C0402,M0033,49033.53,WALLET,SUCCESS,2026-07-04 20:44:34.501474
T002789,C0296,M0007,18273.4,NET_BANKING,SUCCESS,2026-07-23 06:49:10.804438
T002790,C0499,M0021,30587.2,CARD,SUCCESS,2026-06-12 19:16:41.190486
T002791,C0239,M0027,32339.78,UPI,SUCCESS,2026-08-12 11:35:43.685798
T002792,C0177,M0046,10002.31,WALLET,SUCCESS,2026-08-31 08:22:56.361866
T002793,C0160,M0049,38861.26,UPI,SUCCESS,2026-06-10 11:22:39.458104
T002794,C0367,M0017,42887.89,WALLET,SUCCESS,2026-06-10 22:56:26.225562
T002795,C0477,M0044,20763.26,NET_BANKING,SUCCESS,2026-08-01 23:45:49.512213
T002796,C0193,M0001,123.47,NET_BANKING,PENDING,2026-07-09 00:33:52.054508
T002797,C0215,M0018,31499.38,CARD,SUCCESS,2026-06-12 00:33:42.504978
T002798,C0026,M0049,8322.07,WALLET,SUCCESS,2026-08-09 23:21:38.902760
T002799,C0372,M0048,29508.73,NET_BANKING,SUCCESS,2026-07-30 19:42:03.526057
T002800,C0324,M0049,44400.95,WALLET,PENDING,2026-08-13 06:58:31.574911
T002801,C0261,M0019,45660.1,UPI,FAILED,2026-06-08 11:52:21.839421
T002802,C0091,M0036,23993.8,UPI,SUCCESS,2026-07-23 06:47:09.242480
T002803,C0417,M0039,45492.6,NET_BANKING,FAILED,2026-08-17 18:09:12.014144
T002804,C0461,M0007,24620.66,WALLET,SUCCESS,2026-07-14 01:07:26.948140
T002805,C0381,M0046,10794.73,WALLET,SUCCESS,2026-06-17 21:24:00.869079
T002806,C0107,M0043,19940.01,UPI,SUCCESS,2026-06-07 23:47:31.187864
T002807,C0245,M0032,45872.51,CARD,SUCCESS,2026-06-28 00:12:08.664087
T002808,C0360,M0039,46995.65,CARD,SUCCESS,2026-08-16 08:13:51.099529
T002809,C0154,M0033,14371.94,UPI,SUCCESS,2026-07-27 20:53:06.289259
T002810,C0381,M0020,5245.99,UPI,SUCCESS,2026-07-19 01:54:24.646622
T002811,C0073,M0038,36313.61,NET_BANKING,SUCCESS,2026-06-24 22:19:41.772260
T002812,C0500,M0017,48943.32,WALLET,SUCCESS,2026-08-30 02:30:24.830513
T002813,C0477,M0013,47044.26,WALLET,SUCCESS,2026-06-11 06:33:18.693367
T002814,C0158,M0025,43690.44,WALLET,SUCCESS,2026-07-31 05:29:21.131204
T002815,C0254,M0029,38828.31,WALLET,SUCCESS,2026-08-08 04:47:18.930482
T002816,C0074,M0035,27872.2,WALLET,SUCCESS,2026-07-22 04:08:56.389430
T002817,C0091,M0030,41409.62,NET_BANKING,SUCCESS,2026-08-06 08:01:08.506093
T002818,C0399,M0033,29905.33,NET_BANKING,SUCCESS,2026-08-08 15:59:27.153326
T002819,C0169,M0040,11768.99,NET_BANKING,SUCCESS,2026-08-31 14:57:14.087853
T002820,C0153,M0040,1380.17,CARD,SUCCESS,2026-08-20 21:34:35.126933
T002821,C0249,M0047,46706.7,UPI,SUCCESS,2026-08-01 16:28:05.031389
T002822,C0204,M0025,6623.68,CARD,FAILED,2026-08-24 17:23:10.183108
T002823,C0275,M0021,32819.1,UPI,SUCCESS,2026-08-01 04:27:26.464886
T002824,C0480,M0024,19236.79,CARD,SUCCESS,2026-07-27 23:55:14.104239
T002825,C0242,M0047,22527.63,CARD,SUCCESS,2026-08-20 03:02:10.094111
T002826,C0436,M0011,1837.62,UPI,FAILED,2026-07-20 18:55:28.345545
T002827,C0063,M0007,10480.81,UPI,SUCCESS,2026-07-10 01:11:16.121355
T002828,C0436,M0019,36070.45,NET_BANKING,SUCCESS,2026-07-27 01:59:09.119352
T002829,C0090,M0009,40006.7,CARD,SUCCESS,2026-07-01 20:09:46.052338
T002830,C0168,M0046,13945.96,CARD,SUCCESS,2026-07-06 19:51:07.936190
T002831,C0262,M0033,27613.78,NET_BANKING,SUCCESS,2026-08-01 11:40:34.818055
T002832,C0143,M0015,16573.72,UPI,SUCCESS,2026-06-23 16:19:31.703268
T002833,C0291,M0024,898.04,WALLET,FAILED,2026-06-16 11:11:08.928796
T002834,C0112,M0049,33512.2,NET_BANKING,SUCCESS,2026-06-18 18:32:52.697760
T002835,C0015,M0023,47933.07,CARD,SUCCESS,2026-06-20 19:53:28.403663
T002836,C0329,M0025,38707.94,NET_BANKING,SUCCESS,2026-08-27 10:29:41.016496
T002837,C0094,M0024,36026.21,WALLET,SUCCESS,2026-07-18 09:55:48.295764
T002838,C0002,M0033,49954.26,NET_BANKING,SUCCESS,2026-07-04 02:20:40.240768
T002839,C0060,M0049,33900.86,UPI,SUCCESS,2026-06-23 02:49:04.324043
T002840,C0074,M0029,34684.23,UPI,SUCCESS,2026-06-09 03:00:27.265540
T002841,C0380,M0004,4731.88,CARD,SUCCESS,2026-06-30 22:23:08.337071
T002842,C0142,M0026,13663.98,CARD,SUCCESS,2026-07-30 05:13:15.682202
T002843,C0488,M0018,37411.42,CARD,SUCCESS,2026-06-10 12:11:19.171527
T002844,C0459,M0042,40108.58,NET_BANKING,SUCCESS,2026-08-24 09:15:30.636673
T002845,C0096,M0007,8051.56,NET_BANKING,SUCCESS,2026-07-21 12:31:40.804806
T002846,C0332,M0019,19008.14,WALLET,SUCCESS,2026-07-19 23:14:05.395348
T002847,C0410,M0023,17393.44,NET_BANKING,SUCCESS,2026-06-12 18:26:49.996633
T002848,C0012,M0030,46838.91,UPI,SUCCESS,2026-08-13 21:17:32.233006
T002849,C0156,M0041,14269.69,NET_BANKING,SUCCESS,2026-07-28 22:12:56.339278
T002850,C0407,M0037,35377.4,CARD,SUCCESS,2026-07-09 05:29:56.334370
T002851,C0045,M0010,13717.42,NET_BANKING,SUCCESS,2026-07-10 23:55:52.409825
T002852,C0166,M0014,26645.48,UPI,SUCCESS,2026-07-09 02:41:07.722223
T002853,C0372,M0028,37924.09,UPI,SUCCESS,2026-09-04 04:00:43.704247
T002854,C0048,M0006,17211.11,NET_BANKING,SUCCESS,2026-07-27 05:22:26.001691
T002855,C0149,M0016,6734.87,WALLET,SUCCESS,2026-08-13 12:46:24.756242
T002856,C0266,M0028,3532.75,NET_BANKING,SUCCESS,2026-08-22 10:07:55.146571
T002857,C0082,M0001,28524.32,WALLET,SUCCESS,2026-08-10 05:27:38.625155
T002858,C0342,M0050,30808.8,CARD,FAILED,2026-08-30 08:48:23.666137
T002859,C0451,M0038,12553.92,NET_BANKING,PENDING,2026-06-29 10:55:37.990095
T002860,C0046,M0035,8200.97,WALLET,SUCCESS,2026-07-05 14:07:10.386763
T002861,C0096,M0042,11036.57,NET_BANKING,SUCCESS,2026-06-26 12:13:15.800782
T002862,C0242,M0009,48526.99,UPI,SUCCESS,2026-07-09 18:41:20.108731
T002863,C0121,M0012,16006.74,WALLET,SUCCESS,2026-06-18 04:13:15.841064
T002864,C0452,M0012,8635.24,UPI,PENDING,2026-08-24 09:40:42.581784
T002865,C0114,M0039,18115.88,CARD,SUCCESS,2026-07-29 15:34:13.391839
T002866,C0038,M0044,32820.24,UPI,SUCCESS,2026-07-27 06:20:31.192758
T002867,C0044,M0011,4969.91,NET_BANKING,SUCCESS,2026-06-23 11:30:38.355608
T002868,C0258,M0035,25853.08,CARD,FAILED,2026-06-24 02:34:17.744638
T002869,C0115,M0024,21061.39,NET_BANKING,SUCCESS,2026-06-09 20:07:52.730298
T002870,C0490,M0012,45959.1,CARD,SUCCESS,2026-08-10 08:37:40.648176
T002871,C0443,M0017,45612.55,CARD,SUCCESS,2026-08-04 14:05:58.478410
T002872,C0052,M0038,6115.92,WALLET,SUCCESS,2026-06-08 13:59:18.181117
T002873,C0105,M0003,22494.6,NET_BANKING,SUCCESS,2026-08-28 14:04:47.679211
T002874,C0192,M0031,26372.62,WALLET,PENDING,2026-07-18 23:11:29.034214
T002875,C0097,M0014,18539.07,WALLET,SUCCESS,2026-08-14 00:12:13.930755
T002876,C0010,M0024,43565.02,CARD,SUCCESS,2026-08-20 05:29:05.661623
T002877,C0099,M0048,47768.54,WALLET,SUCCESS,2026-07-21 00:43:44.278085
T002878,C0289,M0050,42402.58,NET_BANKING,SUCCESS,2026-06-19 12:14:37.936910
T002879,C0032,M0030,31510.59,CARD,SUCCESS,2026-07-12 16:33:17.452311
T002880,C0259,M0030,32302.07,NET_BANKING,SUCCESS,2026-09-01 14:12:48.446352
T002881,C0007,M0033,36184.23,NET_BANKING,SUCCESS,2026-07-27 07:04:50.084522
T002882,C0147,M0050,39681.13,WALLET,SUCCESS,2026-08-18 20:13:15.075730
T002883,C0491,M0046,8868.71,UPI,SUCCESS,2026-08-29 08:17:56.283386
T002884,C0089,M0044,33330.25,UPI,SUCCESS,2026-07-26 20:28:08.889949
T002885,C0475,M0042,42548.3,NET_BANKING,SUCCESS,2026-07-19 20:45:29.208012
T002886,C0497,M0016,48738.27,NET_BANKING,SUCCESS,2026-06-27 04:21:04.192934
T002887,C0123,M0014,28269.74,CARD,SUCCESS,2026-07-05 07:04:45.700962
T002888,C0318,M0044,47006.6,NET_BANKING,SUCCESS,2026-07-05 04:01:21.550903
T002889,C0018,M0006,46022.64,UPI,SUCCESS,2026-07-25 22:23:00.342378
T002890,C0193,M0050,25145.05,WALLET,SUCCESS,2026-07-22 22:44:17.102122
T002891,C0419,M0037,47196.36,NET_BANKING,PENDING,2026-08-01 06:18:00.042154
T002892,C0317,M0023,40630.75,UPI,SUCCESS,2026-08-24 21:32:03.910625
T002893,C0186,M0030,28907.41,CARD,SUCCESS,2026-07-19 22:45:51.789575
T002894,C0070,M0048,115.12,UPI,SUCCESS,2026-06-13 10:01:41.297664
T002895,C0018,M0032,15172.74,NET_BANKING,SUCCESS,2026-08-10 04:43:51.540713
T002896,C0334,M0020,49435.09,UPI,SUCCESS,2026-08-19 03:38:10.139898
T002897,C0453,M0019,47643.64,NET_BANKING,SUCCESS,2026-08-23 22:27:02.635963
T002898,C0384,M0015,8431.83,UPI,FAILED,2026-07-27 06:33:46.163255
T002899,C0056,M0011,21897.6,CARD,SUCCESS,2026-08-02 09:51:46.636625
T002900,C0421,M0032,8748.74,UPI,SUCCESS,2026-06-10 11:52:02.218365
T002901,C0213,M0010,25923.71,NET_BANKING,FAILED,2026-07-02 07:50:03.237163
T002902,C0224,M0012,20187.81,NET_BANKING,SUCCESS,2026-07-07 15:45:10.183196
T002903,C0397,M0031,28323.91,NET_BANKING,SUCCESS,2026-09-02 16:02:20.237135
T002904,C0426,M0038,12663.16,WALLET,SUCCESS,2026-06-11 02:40:43.292402
T002905,C0402,M0009,29035.45,UPI,SUCCESS,2026-08-16 14:32:39.595063
T002906,C0477,M0049,22286.77,UPI,SUCCESS,2026-08-21 01:53:00.787319
T002907,C0340,M0015,23193.06,UPI,SUCCESS,2026-06-11 13:50:19.449340
T002908,C0051,M0038,30729.93,WALLET,SUCCESS,2026-06-15 04:39:17.512302
T002909,C0254,M0016,22026.42,NET_BANKING,SUCCESS,2026-07-29 14:24:10.638757
T002910,C0069,M0027,36974.28,CARD,FAILED,2026-07-19 05:52:52.286713
T002911,C0164,M0040,9944.24,WALLET,SUCCESS,2026-08-01 15:07:19.758447
T002912,C0351,M0046,26288.49,CARD,SUCCESS,2026-08-01 02:30:39.736756
T002913,C0361,M0018,43260.68,CARD,SUCCESS,2026-08-05 05:14:33.425791
T002914,C0076,M0035,33401.9,WALLET,SUCCESS,2026-08-14 12:03:38.421492
T002915,C0439,M0022,46568.31,UPI,SUCCESS,2026-07-06 23:00:43.714429
T002916,C0329,M0021,14227.77,WALLET,SUCCESS,2026-08-23 03:47:08.403549
T002917,C0230,M0046,8721.05,WALLET,PENDING,2026-07-28 08:24:40.080401
T002918,C0376,M0015,36639.38,CARD,FAILED,2026-08-13 03:04:41.898593
T002919,C0013,M0017,7795.16,CARD,SUCCESS,2026-06-23 12:42:58.435128
T002920,C0427,M0018,17381.03,CARD,SUCCESS,2026-07-01 14:04:59.263194
T002921,C0399,M0040,19753.12,CARD,SUCCESS,2026-08-12 22:14:46.775688
T002922,C0407,M0006,2732.56,CARD,SUCCESS,2026-07-23 06:37:48.244866
T002923,C0412,M0049,27667.57,UPI,SUCCESS,2026-06-21 22:16:55.492479
T002924,C0239,M0013,39269.24,UPI,SUCCESS,2026-06-12 00:43:10.422313
T002925,C0413,M0024,36698.42,CARD,FAILED,2026-06-12 22:03:06.119408
T002926,C0458,M0022,20579.27,CARD,SUCCESS,2026-07-06 08:03:13.897743
T002927,C0439,M0018,24060.55,CARD,SUCCESS,2026-07-18 11:48:02.154804
T002928,C0398,M0005,36700.69,WALLET,SUCCESS,2026-06-13 05:05:10.165005
T002929,C0435,M0025,33525.55,UPI,SUCCESS,2026-08-18 13:04:11.440787
T002930,C0471,M0027,45374.47,NET_BANKING,FAILED,2026-07-17 03:46:37.214063
T002931,C0136,M0015,23042.73,CARD,SUCCESS,2026-07-26 21:36:25.808385
T002932,C0362,M0034,26659.34,WALLET,SUCCESS,2026-08-08 20:43:39.570487
T002933,C0268,M0038,23621.29,CARD,SUCCESS,2026-06-19 11:04:28.734411
T002934,C0017,M0028,5964.92,CARD,SUCCESS,2026-06-22 08:13:46.953221
T002935,C0218,M0005,22995.96,CARD,SUCCESS,2026-06-24 04:17:03.602917
T002936,C0213,M0014,33068.21,WALLET,SUCCESS,2026-08-19 02:41:11.527599
T002937,C0091,M0047,27853.15,CARD,SUCCESS,2026-07-13 06:27:53.320242
T002938,C0037,M0001,14331.86,CARD,SUCCESS,2026-07-02 07:40:27.769315
T002939,C0152,M0001,17907.87,UPI,SUCCESS,2026-09-04 11:13:48.508797
T002940,C0150,M0004,28117.61,UPI,FAILED,2026-08-08 12:24:32.538513
T002941,C0491,M0028,14734.32,NET_BANKING,SUCCESS,2026-06-15 01:13:59.510111
T002942,C0437,M0012,24659.17,CARD,SUCCESS,2026-08-24 12:39:25.699896
T002943,C0166,M0021,4485.81,NET_BANKING,SUCCESS,2026-08-31 19:31:06.435400
T002944,C0318,M0014,11070.22,NET_BANKING,SUCCESS,2026-06-24 23:53:45.835410
T002945,C0233,M0026,36444.39,CARD,SUCCESS,2026-06-17 21:15:14.354552
T002946,C0340,M0025,22026.29,CARD,SUCCESS,2026-06-19 09:06:11.861551
T002947,C0287,M0006,24942.46,NET_BANKING,PENDING,2026-07-06 19:20:41.848667
T002948,C0330,M0050,30106.45,UPI,SUCCESS,2026-06-24 03:58:29.444739
T002949,C0296,M0023,20997.47,WALLET,FAILED,2026-08-01 07:15:35.534834
T002950,C0165,M0017,12059.92,CARD,SUCCESS,2026-07-27 15:38:29.022332
T002951,C0500,M0043,38528.25,UPI,SUCCESS,2026-06-11 10:49:06.679018
T002952,C0446,M0039,12852.71,WALLET,PENDING,2026-08-23 01:40:25.125386
T002953,C0467,M0033,23823.63,UPI,SUCCESS,2026-06-26 22:45:55.974045
T002954,C0457,M0017,26506.22,CARD,SUCCESS,2026-07-03 09:15:04.959100
T002955,C0373,M0010,4147.67,WALLET,FAILED,2026-08-01 00:48:17.460099
T002956,C0164,M0013,12193.31,CARD,SUCCESS,2026-06-25 17:07:14.931130
T002957,C0489,M0010,25416.44,NET_BANKING,SUCCESS,2026-08-24 00:28:51.555681
T002958,C0011,M0005,43067.65,NET_BANKING,SUCCESS,2026-06-29 10:41:09.902871
T002959,C0369,M0018,23574.25,CARD,SUCCESS,2026-06-22 12:58:14.897848
T002960,C0078,M0047,3250.99,CARD,SUCCESS,2026-08-15 19:16:43.531158
T002961,C0007,M0034,16119.45,NET_BANKING,SUCCESS,2026-06-24 11:57:15.436897
T002962,C0170,M0003,33118.64,NET_BANKING,SUCCESS,2026-07-10 20:03:56.931436
T002963,C0217,M0009,17946.35,UPI,SUCCESS,2026-07-28 12:33:36.368525
T002964,C0114,M0009,19641.9,CARD,SUCCESS,2026-06-28 19:53:16.373799
T002965,C0460,M0011,27651.65,WALLET,SUCCESS,2026-06-23 11:21:16.640930
T002966,C0015,M0015,927.38,WALLET,SUCCESS,2026-07-27 19:06:08.499085
T002967,C0274,M0026,19577.2,UPI,SUCCESS,2026-07-07 04:39:38.202299
T002968,C0206,M0037,37655.81,NET_BANKING,SUCCESS,2026-08-27 09:46:44.716748
T002969,C0362,M0015,9038.2,UPI,SUCCESS,2026-07-01 12:40:53.121508
T002970,C0150,M0039,29857.68,NET_BANKING,SUCCESS,2026-08-06 03:21:52.418365
T002971,C0283,M0031,7925.58,NET_BANKING,SUCCESS,2026-08-18 02:36:16.679854
T002972,C0065,M0020,40011.51,CARD,FAILED,2026-07-15 17:28:03.188767
T002973,C0149,M0008,21833.49,CARD,SUCCESS,2026-08-18 07:02:20.006498
T002974,C0056,M0044,31099.7,NET_BANKING,SUCCESS,2026-06-12 12:45:08.985743
T002975,C0189,M0035,16333.06,UPI,SUCCESS,2026-06-19 09:28:19.125140
T002976,C0447,M0020,40864.02,CARD,FAILED,2026-09-01 03:39:03.920990
T002977,C0469,M0048,26780.17,CARD,SUCCESS,2026-08-24 06:37:36.808489
T002978,C0046,M0024,38031.97,NET_BANKING,SUCCESS,2026-08-03 19:39:16.403676
T002979,C0176,M0045,3716.62,UPI,SUCCESS,2026-08-18 03:54:14.191685
T002980,C0270,M0035,8544.63,CARD,PENDING,2026-07-22 18:31:53.084180
T002981,C0286,M0014,27149.55,NET_BANKING,SUCCESS,2026-07-14 09:35:17.539566
T002982,C0138,M0030,8647.06,UPI,SUCCESS,2026-08-07 02:15:37.294313
T002983,C0336,M0024,6091.34,UPI,SUCCESS,2026-07-15 21:15:02.579476
T002984,C0476,M0038,37392.69,UPI,SUCCESS,2026-06-16 15:49:44.240481
T002985,C0053,M0027,42565.39,CARD,SUCCESS,2026-08-18 00:48:20.411622
T002986,C0221,M0028,46552.84,NET_BANKING,SUCCESS,2026-07-24 21:39:32.135725
T002987,C0367,M0040,16703.88,UPI,FAILED,2026-07-26 04:23:34.764868
T002988,C0441,M0010,2712.58,WALLET,SUCCESS,2026-08-28 23:43:49.610341
T002989,C0359,M0015,311.01,NET_BANKING,SUCCESS,2026-07-16 15:35:22.449705
T002990,C0440,M0014,35635.94,UPI,SUCCESS,2026-07-23 23:44:58.795919
T002991,C0081,M0007,8792.32,NET_BANKING,PENDING,2026-08-07 00:09:00.473908
T002992,C0019,M0002,36571.53,CARD,SUCCESS,2026-06-13 22:44:03.007331
T002993,C0378,M0032,35291.42,NET_BANKING,FAILED,2026-08-17 21:29:36.822209
T002994,C0140,M0045,37765.65,CARD,SUCCESS,2026-07-18 06:35:28.325183
T002995,C0334,M0018,48616.86,NET_BANKING,FAILED,2026-06-27 14:36:37.920896
T002996,C0449,M0026,32227.84,CARD,SUCCESS,2026-06-21 09:16:34.457262
T002997,C0183,M0013,39972.79,CARD,SUCCESS,2026-06-14 00:33:37.529008
T002998,C0476,M0010,9634.09,WALLET,SUCCESS,2026-08-09 09:26:01.994455
T002999,C0028,M0015,8847.21,CARD,SUCCESS,2026-08-30 14:39:13.610792
T003000,C0150,M0019,37412.88,CARD,SUCCESS,2026-08-16 19:46:21.420430
T003001,C0291,M0017,45785.01,UPI,SUCCESS,2026-06-18 04:40:05.197213
T003002,C0069,M0029,272.64,NET_BANKING,SUCCESS,2026-09-02 07:27:00.705838
T003003,C0100,M0009,43138.77,CARD,SUCCESS,2026-07-22 20:09:00.459108
T003004,C0360,M0050,1631.41,WALLET,SUCCESS,2026-07-07 05:59:50.480746
T003005,C0236,M0039,12881.41,NET_BANKING,SUCCESS,2026-08-19 04:03:51.979670
T003006,C0108,M0050,6765.75,UPI,SUCCESS,2026-08-06 13:36:05.251189
T003007,C0186,M0036,36417.8,UPI,SUCCESS,2026-06-23 01:04:00.478061
T003008,C0127,M0005,33381.24,CARD,SUCCESS,2026-06-24 22:01:16.499817
T003009,C0165,M0032,35731.07,NET_BANKING,SUCCESS,2026-06-10 19:12:54.835508
T003010,C0098,M0028,3181.17,WALLET,SUCCESS,2026-08-13 20:20:55.997688
T003011,C0414,M0007,3194.74,CARD,SUCCESS,2026-09-01 19:41:25.245462
T003012,C0012,M0038,29728.4,NET_BANKING,SUCCESS,2026-08-08 01:19:03.946950
T003013,C0324,M0045,29462.19,UPI,SUCCESS,2026-08-13 21:11:18.565803
T003014,C0097,M0013,42984.23,WALLET,SUCCESS,2026-08-30 11:17:45.149523
T003015,C0164,M0009,11302.69,UPI,FAILED,2026-09-01 14:37:55.139937
T003016,C0044,M0004,48883.87,WALLET,SUCCESS,2026-07-29 11:24:58.034109
T003017,C0125,M0023,36217.14,UPI,SUCCESS,2026-06-26 13:17:10.059757
T003018,C0144,M0045,42602.2,UPI,SUCCESS,2026-07-15 22:43:27.146756
T003019,C0266,M0047,18721.6,CARD,SUCCESS,2026-08-26 07:15:13.999193
T003020,C0013,M0003,10871.33,UPI,SUCCESS,2026-08-11 16:51:52.085049
T003021,C0404,M0011,33244.0,NET_BANKING,SUCCESS,2026-08-04 05:35:23.578064
T003022,C0085,M0032,20253.88,WALLET,SUCCESS,2026-08-12 19:03:34.299354
T003023,C0405,M0003,49073.97,NET_BANKING,FAILED,2026-09-03 16:43:24.952359
T003024,C0367,M0007,349.67,NET_BANKING,FAILED,2026-08-28 09:28:45.715637
T003025,C0451,M0010,28253.94,WALLET,SUCCESS,2026-08-12 15:05:29.449205
T003026,C0414,M0005,28898.82,WALLET,SUCCESS,2026-06-23 01:20:26.407503
T003027,C0070,M0017,29525.24,UPI,SUCCESS,2026-08-10 00:56:02.603721
T003028,C0434,M0047,4564.58,WALLET,SUCCESS,2026-07-06 09:37:43.620619
T003029,C0485,M0007,1678.35,CARD,SUCCESS,2026-09-01 11:12:24.835235
T003030,C0325,M0013,31011.01,CARD,SUCCESS,2026-07-17 02:28:16.416421
T003031,C0107,M0048,36442.19,CARD,SUCCESS,2026-07-24 17:16:24.198822
T003032,C0491,M0041,11617.59,NET_BANKING,SUCCESS,2026-08-04 16:37:05.410514
T003033,C0179,M0045,18146.12,UPI,SUCCESS,2026-07-08 21:46:36.049810
T003034,C0269,M0050,37995.24,CARD,PENDING,2026-07-22 04:05:59.171299
T003035,C0361,M0005,14105.0,WALLET,SUCCESS,2026-08-28 04:26:55.885274
T003036,C0054,M0012,12056.38,UPI,SUCCESS,2026-07-02 16:46:13.223238
T003037,C0031,M0036,32774.5,UPI,SUCCESS,2026-07-30 08:48:02.267339
T003038,C0341,M0032,29412.57,UPI,PENDING,2026-06-15 01:36:44.985413
T003039,C0372,M0013,13937.3,NET_BANKING,SUCCESS,2026-06-25 01:19:02.011547
T003040,C0350,M0030,28609.06,NET_BANKING,SUCCESS,2026-08-03 19:53:44.042265
T003041,C0029,M0001,9877.38,WALLET,SUCCESS,2026-06-11 04:14:24.399884
T003042,C0245,M0005,18301.16,UPI,SUCCESS,2026-07-31 19:51:23.107704
T003043,C0215,M0006,48304.44,WALLET,SUCCESS,2026-08-31 12:08:51.347254
T003044,C0444,M0036,49395.94,WALLET,SUCCESS,2026-08-01 20:13:31.086217
T003045,C0098,M0013,21078.95,WALLET,SUCCESS,2026-08-03 10:27:07.036448
T003046,C0254,M0037,46006.54,NET_BANKING,FAILED,2026-08-06 21:42:35.958724
T003047,C0493,M0003,30540.52,WALLET,FAILED,2026-07-23 15:51:08.159294
T003048,C0036,M0046,20092.06,WALLET,SUCCESS,2026-08-17 22:51:32.274547
T003049,C0419,M0023,12405.02,WALLET,SUCCESS,2026-08-07 03:57:59.870814
T003050,C0477,M0011,24595.57,CARD,SUCCESS,2026-08-28 23:24:46.551414
T003051,C0360,M0033,47273.58,NET_BANKING,PENDING,2026-07-26 19:01:58.492508
T003052,C0060,M0048,43613.65,UPI,SUCCESS,2026-08-22 00:30:18.172649
T003053,C0309,M0026,47556.88,NET_BANKING,SUCCESS,2026-07-04 03:35:51.236651
T003054,C0004,M0034,36303.84,CARD,SUCCESS,2026-06-11 16:42:58.265249
T003055,C0499,M0042,10501.3,UPI,SUCCESS,2026-08-17 19:59:46.723024
T003056,C0252,M0026,31546.39,CARD,SUCCESS,2026-06-17 07:31:06.826248
T003057,C0081,M0018,38879.68,CARD,SUCCESS,2026-09-01 05:39:19.179691
T003058,C0204,M0043,22855.09,WALLET,FAILED,2026-06-10 10:02:25.895596
T003059,C0454,M0003,11354.71,UPI,SUCCESS,2026-06-24 22:33:03.553276
T003060,C0359,M0024,25230.51,WALLET,SUCCESS,2026-06-17 20:31:36.361417
T003061,C0019,M0010,46951.28,UPI,SUCCESS,2026-07-31 15:02:36.006635
T003062,C0487,M0043,5555.3,UPI,FAILED,2026-06-26 20:54:16.210764
T003063,C0365,M0002,8548.52,CARD,SUCCESS,2026-09-04 16:49:29.702626
T003064,C0318,M0031,48509.63,UPI,SUCCESS,2026-06-08 22:22:12.306812
T003065,C0098,M0019,15675.46,UPI,SUCCESS,2026-08-14 21:10:01.812259
T003066,C0403,M0044,8111.25,UPI,SUCCESS,2026-07-28 10:51:32.176448
T003067,C0222,M0048,6151.42,WALLET,SUCCESS,2026-08-18 15:08:28.992431
T003068,C0074,M0044,9563.14,UPI,SUCCESS,2026-08-20 23:56:28.582976
T003069,C0215,M0009,16224.11,NET_BANKING,SUCCESS,2026-07-10 07:18:30.028136
T003070,C0054,M0025,36820.95,UPI,SUCCESS,2026-07-30 14:47:40.311494
T003071,C0218,M0017,26010.78,UPI,SUCCESS,2026-07-01 15:30:08.596252
T003072,C0319,M0044,11570.84,CARD,SUCCESS,2026-07-22 02:37:44.266272
T003073,C0382,M0013,19021.87,NET_BANKING,SUCCESS,2026-09-05 13:44:32.893588
T003074,C0119,M0043,4541.1,CARD,SUCCESS,2026-08-30 20:52:41.616872
T003075,C0260,M0050,29043.45,WALLET,SUCCESS,2026-06-18 01:26:47.763889
T003076,C0221,M0033,10392.51,CARD,FAILED,2026-06-08 12:07:34.929418
T003077,C0289,M0040,168.22,CARD,SUCCESS,2026-07-12 06:25:35.260858
T003078,C0172,M0035,32973.03,NET_BANKING,FAILED,2026-06-25 10:06:33.333232
T003079,C0198,M0029,29765.81,WALLET,SUCCESS,2026-08-28 00:21:17.583742
T003080,C0200,M0008,14627.33,UPI,FAILED,2026-08-05 10:16:34.366214
T003081,C0329,M0008,30996.53,WALLET,SUCCESS,2026-07-01 22:41:42.906507
T003082,C0211,M0034,39249.85,CARD,FAILED,2026-08-20 15:51:16.354695
T003083,C0243,M0024,38955.98,WALLET,SUCCESS,2026-07-26 04:07:51.341045
T003084,C0296,M0019,40862.88,NET_BANKING,SUCCESS,2026-08-21 04:03:08.399789
T003085,C0120,M0024,5970.92,NET_BANKING,SUCCESS,2026-08-06 23:08:19.855374
T003086,C0172,M0025,43368.26,UPI,SUCCESS,2026-08-29 11:07:43.096185
T003087,C0054,M0011,46217.06,WALLET,SUCCESS,2026-07-31 23:07:22.911121
T003088,C0196,M0026,9138.1,CARD,SUCCESS,2026-07-06 21:44:49.186162
T003089,C0395,M0011,38898.52,WALLET,SUCCESS,2026-06-20 09:42:58.294756
T003090,C0283,M0032,21734.21,UPI,SUCCESS,2026-07-20 05:04:59.747974
T003091,C0255,M0034,49557.0,CARD,SUCCESS,2026-08-22 10:30:10.199867
T003092,C0227,M0014,20960.93,NET_BANKING,SUCCESS,2026-07-12 08:57:11.544642
T003093,C0019,M0044,29582.74,UPI,SUCCESS,2026-07-31 14:05:05.989022
T003094,C0324,M0044,32067.62,CARD,SUCCESS,2026-07-31 03:31:19.456400
T003095,C0317,M0037,32665.14,CARD,SUCCESS,2026-08-11 05:03:30.581331
T003096,C0150,M0032,25767.26,NET_BANKING,SUCCESS,2026-09-01 11:18:03.043427
T003097,C0182,M0027,22895.98,UPI,SUCCESS,2026-07-04 10:26:30.592873
T003098,C0008,M0048,28754.13,CARD,SUCCESS,2026-06-17 18:12:49.518693
T003099,C0133,M0030,42146.85,WALLET,SUCCESS,2026-09-05 12:36:36.577239
T003100,C0435,M0047,15705.33,CARD,PENDING,2026-06-10 03:15:54.149976
T003101,C0247,M0033,34427.46,NET_BANKING,SUCCESS,2026-08-22 11:07:42.205500
T003102,C0171,M0016,31658.62,UPI,SUCCESS,2026-06-30 11:09:36.149051
T003103,C0041,M0027,29497.27,NET_BANKING,SUCCESS,2026-08-18 21:04:31.875579
T003104,C0217,M0017,32630.08,NET_BANKING,SUCCESS,2026-08-22 08:15:01.698003
T003105,C0401,M0010,18198.88,CARD,SUCCESS,2026-08-10 19:31:58.834152
T003106,C0417,M0048,24084.92,NET_BANKING,SUCCESS,2026-08-03 20:38:17.935260
T003107,C0092,M0037,5766.17,NET_BANKING,SUCCESS,2026-06-13 01:26:18.408185
T003108,C0440,M0033,19666.39,CARD,SUCCESS,2026-07-24 15:22:14.548967
T003109,C0316,M0030,27194.3,UPI,FAILED,2026-08-25 23:07:44.137941
T003110,C0429,M0001,23846.31,UPI,SUCCESS,2026-07-03 14:40:06.478275
T003111,C0090,M0050,45195.51,WALLET,SUCCESS,2026-07-29 08:38:12.018939
T003112,C0041,M0043,821.84,UPI,SUCCESS,2026-08-30 15:28:29.281626
T003113,C0358,M0012,11975.82,NET_BANKING,SUCCESS,2026-08-20 09:13:53.421102
T003114,C0369,M0038,14119.99,NET_BANKING,SUCCESS,2026-08-02 03:47:24.431534
T003115,C0010,M0024,45907.46,WALLET,SUCCESS,2026-07-09 04:42:25.273401
T003116,C0427,M0022,44290.48,CARD,SUCCESS,2026-06-22 17:02:57.154738
T003117,C0446,M0033,42925.11,NET_BANKING,SUCCESS,2026-08-09 17:25:33.606755
T003118,C0247,M0038,8189.59,WALLET,SUCCESS,2026-07-23 00:42:05.008592
T003119,C0239,M0028,29735.14,WALLET,SUCCESS,2026-06-08 13:37:52.547606
T003120,C0224,M0003,24903.65,UPI,FAILED,2026-08-15 18:55:41.902494
T003121,C0134,M0042,1370.85,UPI,SUCCESS,2026-07-20 21:27:07.767453
T003122,C0454,M0018,38077.85,NET_BANKING,SUCCESS,2026-08-12 16:39:30.529540
T003123,C0485,M0016,40167.87,CARD,SUCCESS,2026-06-08 20:37:46.980735
T003124,C0425,M0006,31233.82,NET_BANKING,SUCCESS,2026-07-07 11:24:29.724739
T003125,C0017,M0027,35027.17,UPI,SUCCESS,2026-06-07 23:45:54.230986
T003126,C0483,M0045,1860.24,WALLET,FAILED,2026-09-04 04:01:56.734271
T003127,C0500,M0037,39136.65,UPI,PENDING,2026-07-22 01:03:08.182842
T003128,C0338,M0023,42080.28,CARD,SUCCESS,2026-08-05 21:14:11.893759
T003129,C0352,M0008,21402.54,NET_BANKING,SUCCESS,2026-06-10 02:39:28.441970
T003130,C0044,M0004,37908.1,UPI,FAILED,2026-07-10 16:57:12.152645
T003131,C0301,M0002,8972.2,CARD,SUCCESS,2026-07-30 18:14:13.765121
T003132,C0160,M0025,918.56,UPI,SUCCESS,2026-06-25 14:16:11.036510
T003133,C0486,M0027,37346.39,NET_BANKING,SUCCESS,2026-06-23 14:31:24.998442
T003134,C0259,M0008,41166.11,CARD,SUCCESS,2026-06-29 20:53:50.315105
T003135,C0170,M0019,12690.68,CARD,SUCCESS,2026-07-09 10:03:25.788451
T003136,C0054,M0017,8710.14,UPI,SUCCESS,2026-07-13 15:25:34.868739
T003137,C0318,M0018,20794.73,UPI,SUCCESS,2026-06-11 19:48:26.246171
T003138,C0110,M0007,27006.29,UPI,SUCCESS,2026-09-03 23:49:34.475844
T003139,C0121,M0035,42661.72,UPI,SUCCESS,2026-06-08 20:25:44.424121
T003140,C0286,M0006,26771.53,WALLET,SUCCESS,2026-08-29 01:01:39.239071
T003141,C0446,M0024,43849.23,CARD,SUCCESS,2026-06-22 09:43:05.009975
T003142,C0017,M0029,45529.71,WALLET,FAILED,2026-07-21 03:53:40.484465
T003143,C0197,M0031,3047.36,NET_BANKING,SUCCESS,2026-07-15 15:04:35.838784
T003144,C0384,M0016,5884.15,CARD,SUCCESS,2026-08-11 10:59:40.987454
T003145,C0491,M0014,42613.15,CARD,SUCCESS,2026-06-28 19:33:53.653707
T003146,C0336,M0049,8954.44,UPI,SUCCESS,2026-06-16 05:53:06.016946
T003147,C0069,M0041,1882.7,NET_BANKING,SUCCESS,2026-08-08 21:28:50.772193
T003148,C0138,M0003,16464.95,CARD,SUCCESS,2026-07-25 02:09:15.446684
T003149,C0361,M0040,38877.33,CARD,SUCCESS,2026-07-09 02:57:17.801398
T003150,C0331,M0045,70.77,CARD,SUCCESS,2026-07-11 20:31:25.395693
T003151,C0363,M0016,8111.01,WALLET,PENDING,2026-08-09 10:51:35.871555
T003152,C0149,M0042,48843.28,UPI,SUCCESS,2026-08-03 23:13:36.255856
T003153,C0139,M0018,15098.96,UPI,SUCCESS,2026-08-28 08:31:22.109002
T003154,C0070,M0038,19524.44,CARD,SUCCESS,2026-06-28 03:23:07.857140
T003155,C0189,M0011,37724.92,NET_BANKING,SUCCESS,2026-09-04 04:27:11.027504
T003156,C0383,M0047,46993.4,CARD,FAILED,2026-07-17 15:54:48.019893
T003157,C0134,M0048,48365.11,NET_BANKING,SUCCESS,2026-07-22 20:06:43.887905
T003158,C0094,M0033,34905.25,UPI,SUCCESS,2026-08-30 04:38:43.825057
T003159,C0309,M0036,18177.51,NET_BANKING,SUCCESS,2026-08-13 15:54:15.967244
T003160,C0149,M0045,12358.83,NET_BANKING,SUCCESS,2026-08-02 10:50:11.858668
T003161,C0498,M0041,3377.37,NET_BANKING,SUCCESS,2026-06-19 02:01:55.180782
T003162,C0145,M0030,41415.13,WALLET,SUCCESS,2026-08-03 15:37:47.781960
T003163,C0033,M0017,21220.31,NET_BANKING,SUCCESS,2026-07-28 02:33:48.515811
T003164,C0117,M0008,22001.57,NET_BANKING,SUCCESS,2026-07-19 19:51:25.803410
T003165,C0259,M0024,15754.52,CARD,SUCCESS,2026-07-06 00:52:23.812415
T003166,C0356,M0028,1312.18,WALLET,SUCCESS,2026-06-09 03:54:13.418164
T003167,C0095,M0025,36210.8,WALLET,SUCCESS,2026-06-08 23:28:59.111181
T003168,C0208,M0037,5560.97,WALLET,SUCCESS,2026-07-29 19:23:10.677743
T003169,C0172,M0025,13852.77,CARD,SUCCESS,2026-08-21 04:06:30.003566
T003170,C0016,M0031,3854.88,CARD,SUCCESS,2026-09-05 11:16:07.719753
T003171,C0312,M0045,29722.44,UPI,SUCCESS,2026-06-25 18:09:39.393321
T003172,C0473,M0024,13942.31,UPI,SUCCESS,2026-07-12 20:08:22.515373
T003173,C0075,M0041,36103.73,NET_BANKING,SUCCESS,2026-07-07 03:37:26.374424
T003174,C0480,M0008,12728.63,UPI,SUCCESS,2026-06-08 02:55:03.089609
T003175,C0013,M0029,2647.25,UPI,SUCCESS,2026-07-07 23:44:39.228858
T003176,C0196,M0026,20657.73,CARD,SUCCESS,2026-06-14 18:21:27.678466
T003177,C0032,M0021,24360.53,UPI,FAILED,2026-08-23 04:03:27.379826
T003178,C0325,M0013,5479.19,NET_BANKING,FAILED,2026-08-09 18:16:10.603306
T003179,C0301,M0008,32192.95,NET_BANKING,SUCCESS,2026-06-22 23:42:47.110669
T003180,C0368,M0025,34648.45,CARD,SUCCESS,2026-09-04 13:30:55.760965
T003181,C0381,M0003,10800.4,UPI,SUCCESS,2026-07-09 10:02:50.359231
T003182,C0242,M0048,22891.35,CARD,PENDING,2026-07-06 15:33:40.419206
T003183,C0466,M0012,37435.57,CARD,SUCCESS,2026-07-31 05:27:20.662722
T003184,C0038,M0044,14655.5,WALLET,SUCCESS,2026-06-30 17:27:06.951892
T003185,C0271,M0011,32184.48,WALLET,SUCCESS,2026-06-08 14:24:04.685741
T003186,C0345,M0048,29363.51,CARD,SUCCESS,2026-06-29 22:29:20.044018
T003187,C0002,M0043,25877.45,NET_BANKING,SUCCESS,2026-08-04 14:29:29.625259
T003188,C0255,M0049,655.79,WALLET,PENDING,2026-08-20 09:07:16.806848
T003189,C0082,M0033,3990.45,CARD,SUCCESS,2026-08-08 05:05:20.357016
T003190,C0421,M0017,7938.65,NET_BANKING,SUCCESS,2026-08-06 13:26:02.896879
T003191,C0129,M0030,3540.87,WALLET,SUCCESS,2026-07-16 21:29:56.747719
T003192,C0111,M0012,37554.68,UPI,SUCCESS,2026-07-28 12:25:05.949680
T003193,C0414,M0004,8082.77,UPI,SUCCESS,2026-08-24 06:46:36.061979
T003194,C0103,M0041,5690.34,WALLET,PENDING,2026-07-16 18:43:18.618224
T003195,C0080,M0022,14736.01,NET_BANKING,FAILED,2026-06-28 18:59:52.812250
T003196,C0204,M0022,12241.71,WALLET,SUCCESS,2026-08-17 12:53:42.132301
T003197,C0155,M0039,20091.4,CARD,FAILED,2026-07-10 17:48:43.927469
T003198,C0017,M0029,239.28,WALLET,SUCCESS,2026-07-31 14:27:14.970029
T003199,C0059,M0005,25357.37,CARD,SUCCESS,2026-08-03 15:05:17.914940
T003200,C0297,M0022,9658.73,NET_BANKING,SUCCESS,2026-07-08 10:09:11.363991
T003201,C0280,M0027,45921.31,UPI,SUCCESS,2026-06-10 18:03:42.847818
T003202,C0001,M0023,13446.15,NET_BANKING,SUCCESS,2026-06-29 02:24:15.518186
T003203,C0375,M0014,32608.89,CARD,SUCCESS,2026-07-12 00:20:42.608508
T003204,C0257,M0050,36921.96,UPI,SUCCESS,2026-06-16 03:47:30.676861
T003205,C0445,M0013,46235.57,WALLET,SUCCESS,2026-07-11 01:57:24.059198
T003206,C0031,M0039,42189.31,UPI,SUCCESS,2026-06-29 11:26:08.491711
T003207,C0026,M0037,21157.26,UPI,SUCCESS,2026-08-05 12:53:17.009235
T003208,C0119,M0034,6286.01,UPI,SUCCESS,2026-08-04 03:41:24.218462
T003209,C0200,M0040,37795.74,CARD,FAILED,2026-08-14 17:47:40.902975
T003210,C0404,M0004,42247.53,NET_BANKING,SUCCESS,2026-08-20 02:58:07.915390
T003211,C0119,M0047,12581.12,UPI,SUCCESS,2026-08-15 09:46:32.376543
T003212,C0039,M0004,46871.22,CARD,SUCCESS,2026-07-12 21:45:27.148638
T003213,C0413,M0004,1537.12,WALLET,SUCCESS,2026-08-26 23:45:43.157675
T003214,C0225,M0041,13284.83,CARD,SUCCESS,2026-08-19 05:59:54.559820
T003215,C0439,M0029,31506.44,UPI,SUCCESS,2026-07-05 13:05:10.105752
T003216,C0263,M0041,25507.37,WALLET,SUCCESS,2026-07-16 14:13:29.957622
T003217,C0034,M0002,27334.54,UPI,SUCCESS,2026-08-24 04:46:46.419890
T003218,C0460,M0041,24789.24,NET_BANKING,SUCCESS,2026-08-11 09:01:22.434029
T003219,C0278,M0032,17457.03,UPI,SUCCESS,2026-08-11 15:37:30.038781
T003220,C0127,M0009,38003.74,UPI,SUCCESS,2026-06-26 11:07:26.058276
T003221,C0111,M0009,38334.37,CARD,FAILED,2026-06-21 20:45:38.628381
T003222,C0150,M0010,44485.46,NET_BANKING,SUCCESS,2026-06-11 01:02:23.579342
T003223,C0242,M0029,15485.58,WALLET,SUCCESS,2026-07-03 21:40:20.670453
T003224,C0210,M0008,22130.51,WALLET,SUCCESS,2026-06-20 00:42:29.570120
T003225,C0017,M0014,20300.86,CARD,SUCCESS,2026-09-04 08:22:32.248948
T003226,C0020,M0025,43569.07,UPI,SUCCESS,2026-06-21 10:13:41.820675
T003227,C0100,M0034,37829.04,NET_BANKING,FAILED,2026-07-18 08:20:44.026407
T003228,C0106,M0031,44986.8,UPI,SUCCESS,2026-07-17 19:01:35.452518
T003229,C0141,M0039,35392.21,UPI,FAILED,2026-09-04 13:02:30.065036
T003230,C0159,M0010,46678.17,UPI,SUCCESS,2026-07-07 16:42:50.722931
T003231,C0008,M0017,31279.36,CARD,SUCCESS,2026-06-25 04:47:15.881696
T003232,C0464,M0001,5521.4,NET_BANKING,SUCCESS,2026-06-15 18:26:57.236789
T003233,C0213,M0043,37921.75,WALLET,SUCCESS,2026-08-05 00:14:56.113898
T003234,C0282,M0026,26783.59,UPI,SUCCESS,2026-08-21 08:11:01.115165
T003235,C0053,M0017,28055.25,WALLET,SUCCESS,2026-08-24 14:18:44.738585
T003236,C0093,M0022,43640.06,UPI,SUCCESS,2026-07-28 15:31:39.035648
T003237,C0155,M0028,37889.59,WALLET,SUCCESS,2026-08-01 16:22:13.909374
T003238,C0414,M0042,21085.9,WALLET,SUCCESS,2026-07-26 14:31:43.743778
T003239,C0234,M0047,41391.43,WALLET,SUCCESS,2026-08-19 05:47:00.219218
T003240,C0317,M0016,23205.01,WALLET,SUCCESS,2026-08-24 01:34:10.318672
T003241,C0496,M0029,44933.55,CARD,SUCCESS,2026-08-13 08:06:04.332545
T003242,C0419,M0048,32036.84,CARD,SUCCESS,2026-08-01 20:14:35.137435
T003243,C0437,M0042,8641.67,NET_BANKING,SUCCESS,2026-07-02 16:04:15.605980
T003244,C0024,M0036,34288.44,CARD,PENDING,2026-06-13 15:25:18.921864
T003245,C0424,M0020,24450.9,NET_BANKING,SUCCESS,2026-06-20 12:14:47.882506
T003246,C0010,M0043,38868.55,WALLET,FAILED,2026-07-26 16:30:55.430254
T003247,C0417,M0021,42520.63,CARD,FAILED,2026-07-01 05:20:40.614537
T003248,C0107,M0037,34787.1,WALLET,SUCCESS,2026-07-15 01:49:36.579020
T003249,C0432,M0026,45423.06,WALLET,SUCCESS,2026-09-05 19:51:21.261322
T003250,C0173,M0010,40308.49,WALLET,SUCCESS,2026-08-01 16:39:13.420618
T003251,C0151,M0041,18128.06,CARD,SUCCESS,2026-07-23 00:10:13.498754
T003252,C0432,M0046,33652.48,CARD,FAILED,2026-07-07 06:58:23.002135
T003253,C0149,M0012,42304.92,CARD,SUCCESS,2026-07-16 06:48:01.641325
T003254,C0324,M0050,40277.22,CARD,SUCCESS,2026-09-05 01:30:18.043824
T003255,C0336,M0012,28885.2,NET_BANKING,SUCCESS,2026-08-29 15:17:15.469608
T003256,C0452,M0047,15881.13,NET_BANKING,SUCCESS,2026-07-06 22:00:06.473493
T003257,C0015,M0025,19128.8,UPI,SUCCESS,2026-08-06 22:39:23.669372
T003258,C0005,M0035,3122.57,WALLET,FAILED,2026-07-02 14:07:35.298818
T003259,C0454,M0033,40269.58,WALLET,SUCCESS,2026-06-30 03:41:14.399242
T003260,C0021,M0019,37399.67,CARD,SUCCESS,2026-08-24 01:30:18.235493
T003261,C0431,M0038,4458.08,CARD,SUCCESS,2026-07-30 12:57:54.890261
T003262,C0204,M0001,23013.0,WALLET,SUCCESS,2026-08-30 12:17:34.051980
T003263,C0173,M0042,12187.32,UPI,SUCCESS,2026-07-02 06:25:36.440587
T003264,C0046,M0013,46796.02,NET_BANKING,SUCCESS,2026-08-01 13:47:20.423119
T003265,C0476,M0043,9287.26,NET_BANKING,SUCCESS,2026-06-23 04:58:57.617945
T003266,C0257,M0017,46651.59,NET_BANKING,SUCCESS,2026-06-24 12:02:35.290813
T003267,C0390,M0014,45145.26,CARD,FAILED,2026-07-29 11:00:35.739259
T003268,C0375,M0043,30175.23,NET_BANKING,SUCCESS,2026-08-10 21:06:00.900488
T003269,C0312,M0037,17643.9,CARD,SUCCESS,2026-06-27 09:55:15.257026
T003270,C0459,M0024,34224.6,UPI,SUCCESS,2026-06-10 18:09:37.103456
T003271,C0431,M0043,31948.89,WALLET,SUCCESS,2026-08-31 11:36:05.932147
T003272,C0422,M0029,2379.27,NET_BANKING,SUCCESS,2026-09-03 05:01:22.670569
T003273,C0374,M0011,16223.76,UPI,FAILED,2026-09-02 15:13:20.596720
T003274,C0057,M0003,2434.53,CARD,SUCCESS,2026-06-23 06:02:14.651165
T003275,C0306,M0009,1958.65,UPI,SUCCESS,2026-08-03 19:10:41.002553
T003276,C0098,M0041,8328.59,NET_BANKING,SUCCESS,2026-06-09 20:02:08.288602
T003277,C0158,M0008,41369.86,UPI,SUCCESS,2026-06-21 04:17:54.339449
T003278,C0007,M0030,10094.61,NET_BANKING,SUCCESS,2026-09-01 12:57:11.490665
T003279,C0298,M0023,47778.68,NET_BANKING,SUCCESS,2026-06-12 04:17:39.834191
T003280,C0242,M0023,6964.13,UPI,SUCCESS,2026-08-10 22:09:35.907509
T003281,C0189,M0019,42781.31,CARD,SUCCESS,2026-07-20 07:31:55.619232
T003282,C0144,M0020,2519.94,WALLET,SUCCESS,2026-07-08 14:13:59.507944
T003283,C0354,M0034,24479.46,NET_BANKING,SUCCESS,2026-07-19 15:31:08.706819
T003284,C0026,M0041,29104.3,WALLET,SUCCESS,2026-07-25 14:10:26.441061
T003285,C0338,M0015,31295.69,CARD,SUCCESS,2026-07-26 01:12:19.379389
T003286,C0136,M0047,26677.95,NET_BANKING,SUCCESS,2026-07-30 03:11:06.480905
T003287,C0024,M0025,32465.65,WALLET,SUCCESS,2026-08-15 13:24:49.297128
T003288,C0178,M0050,40418.25,NET_BANKING,SUCCESS,2026-07-06 21:30:48.772422
T003289,C0379,M0050,27334.33,NET_BANKING,SUCCESS,2026-08-25 10:29:25.431279
T003290,C0099,M0050,34444.77,NET_BANKING,FAILED,2026-08-23 12:40:34.777604
T003291,C0318,M0003,46073.63,UPI,FAILED,2026-07-13 01:53:11.456823
T003292,C0147,M0040,16353.81,WALLET,SUCCESS,2026-06-13 06:36:47.741239
T003293,C0272,M0004,27741.59,UPI,SUCCESS,2026-06-12 14:26:38.751919
T003294,C0330,M0033,33328.12,CARD,PENDING,2026-06-23 23:04:16.979324
T003295,C0116,M0042,37211.38,UPI,SUCCESS,2026-06-13 12:24:26.611307
T003296,C0142,M0028,29686.59,UPI,FAILED,2026-07-24 13:39:34.290673
T003297,C0453,M0044,12689.64,WALLET,SUCCESS,2026-06-12 01:49:42.522366
T003298,C0180,M0034,33624.68,CARD,PENDING,2026-08-04 03:04:05.849153
T003299,C0473,M0032,19459.42,NET_BANKING,SUCCESS,2026-08-04 19:58:55.342064
T003300,C0408,M0048,10035.51,CARD,SUCCESS,2026-08-20 18:44:26.789338
T003301,C0298,M0002,18602.55,NET_BANKING,SUCCESS,2026-08-20 20:33:14.077525
T003302,C0313,M0001,28972.7,WALLET,SUCCESS,2026-08-19 03:34:50.577826
T003303,C0341,M0036,11019.99,WALLET,SUCCESS,2026-08-20 08:29:29.988543
T003304,C0084,M0013,17429.4,NET_BANKING,SUCCESS,2026-07-17 21:16:42.671279
T003305,C0229,M0015,20434.06,WALLET,SUCCESS,2026-07-19 00:08:21.222391
T003306,C0216,M0034,557.27,WALLET,SUCCESS,2026-07-22 01:45:24.118128
T003307,C0243,M0019,6390.86,CARD,SUCCESS,2026-07-04 13:16:37.275876
T003308,C0386,M0009,443.91,UPI,SUCCESS,2026-08-03 22:49:00.997949
T003309,C0303,M0036,3601.06,NET_BANKING,SUCCESS,2026-07-26 23:22:09.943431
T003310,C0482,M0020,12069.73,WALLET,SUCCESS,2026-06-09 12:08:17.760762
T003311,C0360,M0029,2808.29,CARD,SUCCESS,2026-08-25 22:40:52.435728
T003312,C0406,M0017,29956.3,UPI,FAILED,2026-07-06 09:44:26.027138
T003313,C0389,M0025,49697.69,CARD,SUCCESS,2026-08-29 19:40:21.336677
T003314,C0288,M0007,12465.27,CARD,SUCCESS,2026-07-15 08:42:34.930156
T003315,C0451,M0044,7077.89,WALLET,SUCCESS,2026-09-02 14:00:52.944371
T003316,C0026,M0016,8600.7,UPI,SUCCESS,2026-08-17 02:21:43.861248
T003317,C0300,M0040,20898.76,NET_BANKING,SUCCESS,2026-08-12 01:15:01.798953
T003318,C0090,M0021,22192.08,UPI,PENDING,2026-07-13 11:23:31.833514
T003319,C0189,M0005,42511.28,WALLET,SUCCESS,2026-07-10 06:37:19.819483
T003320,C0354,M0016,20643.1,NET_BANKING,FAILED,2026-08-19 08:30:35.466723
T003321,C0123,M0002,17374.75,WALLET,SUCCESS,2026-07-04 14:36:21.176745
T003322,C0043,M0040,17355.94,NET_BANKING,FAILED,2026-07-10 12:24:55.266945
T003323,C0277,M0008,22846.53,UPI,SUCCESS,2026-07-10 20:53:33.442693
T003324,C0150,M0038,8623.26,UPI,SUCCESS,2026-08-21 07:00:39.108276
T003325,C0337,M0031,6902.86,UPI,SUCCESS,2026-08-17 12:44:38.213022
T003326,C0237,M0033,45131.82,CARD,FAILED,2026-06-11 13:19:51.599777
T003327,C0314,M0044,28579.91,WALLET,SUCCESS,2026-06-28 16:01:05.630349
T003328,C0012,M0026,24867.72,UPI,SUCCESS,2026-08-20 10:09:16.888549
T003329,C0434,M0042,39645.28,WALLET,FAILED,2026-08-19 10:06:31.360528
T003330,C0271,M0048,36479.34,CARD,SUCCESS,2026-07-03 05:51:46.667998
T003331,C0008,M0003,42286.15,NET_BANKING,SUCCESS,2026-08-27 03:31:42.904342
T003332,C0484,M0029,25488.21,UPI,SUCCESS,2026-06-20 08:25:41.993345
T003333,C0495,M0037,19735.71,CARD,SUCCESS,2026-07-04 17:31:59.011274
T003334,C0367,M0034,34332.23,WALLET,SUCCESS,2026-07-21 02:03:56.486187
T003335,C0206,M0001,1403.27,CARD,SUCCESS,2026-08-21 01:38:59.495550
T003336,C0264,M0032,22825.59,NET_BANKING,SUCCESS,2026-07-06 02:50:59.532697
T003337,C0214,M0038,7583.81,NET_BANKING,SUCCESS,2026-09-02 17:38:23.158333
T003338,C0192,M0025,33237.91,NET_BANKING,SUCCESS,2026-06-20 03:22:30.302000
T003339,C0401,M0031,32465.06,NET_BANKING,SUCCESS,2026-07-08 13:12:50.323373
T003340,C0155,M0039,34154.85,CARD,SUCCESS,2026-07-06 21:30:55.863489
T003341,C0105,M0027,5689.64,CARD,SUCCESS,2026-08-17 07:12:59.510605
T003342,C0260,M0036,48847.17,NET_BANKING,SUCCESS,2026-06-20 07:15:13.403820
T003343,C0078,M0043,42856.31,CARD,SUCCESS,2026-07-05 02:23:41.963156
T003344,C0111,M0034,47852.97,CARD,PENDING,2026-07-12 20:28:31.444772
T003345,C0205,M0033,9439.58,CARD,FAILED,2026-06-30 23:41:05.861627
T003346,C0212,M0036,14765.45,WALLET,SUCCESS,2026-08-19 08:46:23.794797
T003347,C0464,M0040,29564.92,UPI,SUCCESS,2026-07-23 16:12:06.214523
T003348,C0141,M0004,37265.0,CARD,SUCCESS,2026-06-28 16:03:16.631152
T003349,C0202,M0008,23620.33,UPI,SUCCESS,2026-08-06 09:59:32.379389
T003350,C0037,M0048,42977.95,UPI,FAILED,2026-07-11 03:06:42.901632
T003351,C0482,M0027,14886.31,NET_BANKING,SUCCESS,2026-07-05 03:41:12.228966
T003352,C0157,M0041,26898.21,CARD,SUCCESS,2026-07-28 23:05:25.211463
T003353,C0441,M0019,43732.27,UPI,SUCCESS,2026-07-27 16:57:58.942256
T003354,C0257,M0030,37641.94,CARD,SUCCESS,2026-09-02 19:22:20.065809
T003355,C0281,M0032,28708.89,CARD,SUCCESS,2026-07-02 11:58:20.429025
T003356,C0057,M0011,2752.47,UPI,SUCCESS,2026-09-02 02:49:39.365222
T003357,C0283,M0036,10517.81,WALLET,SUCCESS,2026-06-30 22:26:40.280604
T003358,C0092,M0012,44080.22,NET_BANKING,SUCCESS,2026-06-26 05:06:40.113659
T003359,C0026,M0024,31145.16,NET_BANKING,SUCCESS,2026-08-14 08:30:52.495534
T003360,C0260,M0008,23852.55,CARD,SUCCESS,2026-08-14 12:32:49.882077
T003361,C0371,M0035,4154.91,UPI,SUCCESS,2026-08-13 15:08:56.065024
T003362,C0017,M0001,40449.96,UPI,SUCCESS,2026-08-15 19:50:49.526353
T003363,C0032,M0025,13151.7,NET_BANKING,SUCCESS,2026-08-04 09:00:47.920906
T003364,C0396,M0035,30784.16,UPI,FAILED,2026-06-13 16:00:19.049516
T003365,C0385,M0033,710.39,UPI,SUCCESS,2026-08-26 11:59:21.270950
T003366,C0429,M0041,482.88,UPI,SUCCESS,2026-08-22 09:48:58.473300
T003367,C0358,M0008,3463.26,NET_BANKING,SUCCESS,2026-07-04 00:36:31.525171
T003368,C0252,M0008,14036.33,CARD,SUCCESS,2026-08-27 09:49:26.150338
T003369,C0454,M0025,3822.15,CARD,SUCCESS,2026-08-21 13:36:46.591236
T003370,C0331,M0027,43782.91,UPI,SUCCESS,2026-07-31 09:52:12.526399
T003371,C0319,M0009,39559.21,CARD,PENDING,2026-07-09 04:05:27.753054
T003372,C0128,M0038,36482.67,NET_BANKING,SUCCESS,2026-06-09 05:45:21.048551
T003373,C0049,M0050,35731.09,CARD,SUCCESS,2026-07-10 10:15:16.579056
T003374,C0383,M0030,16355.08,NET_BANKING,SUCCESS,2026-08-06 09:29:50.882611
T003375,C0246,M0038,31981.54,CARD,SUCCESS,2026-06-26 20:38:27.094769
T003376,C0075,M0017,4922.66,UPI,SUCCESS,2026-06-11 05:55:00.472269
T003377,C0142,M0013,4861.22,CARD,SUCCESS,2026-07-03 08:25:34.138048
T003378,C0415,M0006,41188.85,NET_BANKING,SUCCESS,2026-07-27 12:45:20.743711
T003379,C0399,M0009,17970.29,NET_BANKING,SUCCESS,2026-07-10 09:40:56.786064
T003380,C0451,M0021,340.1,UPI,SUCCESS,2026-06-19 16:12:58.538344
T003381,C0210,M0024,28104.7,CARD,SUCCESS,2026-07-24 17:54:09.305127
T003382,C0489,M0040,35575.06,UPI,FAILED,2026-06-14 16:45:52.954137
T003383,C0070,M0028,21576.2,NET_BANKING,SUCCESS,2026-07-13 16:10:40.571517
T003384,C0282,M0032,31109.34,NET_BANKING,SUCCESS,2026-08-24 00:39:18.848660
T003385,C0160,M0014,45460.97,CARD,SUCCESS,2026-08-26 07:41:01.792054
T003386,C0207,M0045,40277.2,CARD,SUCCESS,2026-07-22 04:17:25.421182
T003387,C0449,M0017,885.24,CARD,SUCCESS,2026-06-09 21:18:01.231301
T003388,C0247,M0008,12595.48,NET_BANKING,SUCCESS,2026-06-10 14:19:21.117629
T003389,C0413,M0019,29982.61,NET_BANKING,SUCCESS,2026-07-06 20:04:53.210872
T003390,C0289,M0028,13017.58,CARD,SUCCESS,2026-07-19 04:14:02.252156
T003391,C0496,M0043,33174.4,WALLET,SUCCESS,2026-06-23 17:27:40.541889
T003392,C0451,M0011,42018.8,WALLET,SUCCESS,2026-08-24 22:45:20.874898
T003393,C0083,M0024,20172.66,CARD,SUCCESS,2026-08-26 23:22:07.740522
T003394,C0411,M0014,16208.36,WALLET,SUCCESS,2026-07-20 22:51:59.125939
T003395,C0460,M0030,31781.01,NET_BANKING,SUCCESS,2026-06-12 04:46:07.550582
T003396,C0119,M0014,5643.08,NET_BANKING,SUCCESS,2026-07-21 10:12:51.177476
T003397,C0018,M0006,22295.49,NET_BANKING,SUCCESS,2026-09-04 21:12:10.563105
T003398,C0480,M0028,13214.02,WALLET,SUCCESS,2026-07-13 03:38:29.578665
T003399,C0146,M0021,49455.73,UPI,SUCCESS,2026-08-20 16:18:57.325913
T003400,C0431,M0044,635.95,CARD,SUCCESS,2026-08-28 07:58:24.339228
T003401,C0299,M0028,38727.69,WALLET,SUCCESS,2026-06-08 17:38:53.821443
T003402,C0118,M0013,49147.8,CARD,PENDING,2026-09-02 00:33:43.624270
T003403,C0387,M0044,32547.28,WALLET,SUCCESS,2026-08-20 14:38:14.156516
T003404,C0190,M0002,6248.02,WALLET,SUCCESS,2026-07-27 11:44:14.166532
T003405,C0074,M0005,36544.6,UPI,SUCCESS,2026-07-06 02:25:11.064080
T003406,C0250,M0040,38261.63,CARD,SUCCESS,2026-06-29 23:46:53.836223
T003407,C0321,M0024,32011.82,UPI,FAILED,2026-06-15 04:25:49.610599
T003408,C0365,M0014,15433.57,NET_BANKING,FAILED,2026-07-14 19:56:45.669614
T003409,C0299,M0009,32310.74,NET_BANKING,SUCCESS,2026-07-02 12:55:53.537232
T003410,C0311,M0025,8011.75,WALLET,FAILED,2026-08-29 20:19:26.631259
T003411,C0306,M0023,32576.76,NET_BANKING,SUCCESS,2026-07-30 07:26:21.708284
T003412,C0359,M0021,34487.83,UPI,SUCCESS,2026-07-21 05:48:43.778366
T003413,C0266,M0036,28327.37,CARD,SUCCESS,2026-07-10 05:05:11.244647
T003414,C0438,M0042,1334.88,WALLET,SUCCESS,2026-07-25 20:13:06.737003
T003415,C0268,M0016,20307.12,WALLET,SUCCESS,2026-07-30 02:11:26.050306
T003416,C0244,M0027,38725.31,NET_BANKING,SUCCESS,2026-06-22 23:33:00.397924
T003417,C0444,M0029,21531.08,WALLET,SUCCESS,2026-06-23 16:52:23.885005
T003418,C0241,M0015,44853.73,CARD,SUCCESS,2026-06-18 20:52:49.931801
T003419,C0479,M0027,21169.3,CARD,SUCCESS,2026-07-27 08:39:17.249748
T003420,C0264,M0012,37651.84,WALLET,SUCCESS,2026-07-10 18:18:36.745103
T003421,C0214,M0008,15269.08,UPI,SUCCESS,2026-06-17 16:42:00.431116
T003422,C0444,M0018,5549.82,NET_BANKING,SUCCESS,2026-06-18 01:41:39.456652
T003423,C0481,M0024,28004.77,UPI,SUCCESS,2026-06-10 15:17:57.483267
T003424,C0282,M0012,5550.79,UPI,SUCCESS,2026-07-28 14:34:49.147700
T003425,C0373,M0040,30367.86,UPI,SUCCESS,2026-06-29 13:18:05.316642
T003426,C0455,M0041,2481.67,CARD,FAILED,2026-08-11 07:31:09.388480
T003427,C0283,M0022,34475.22,CARD,SUCCESS,2026-07-13 01:19:08.983023
T003428,C0105,M0028,15858.21,CARD,SUCCESS,2026-07-05 09:44:59.359010
T003429,C0004,M0010,6500.73,CARD,SUCCESS,2026-08-03 05:41:48.607727
T003430,C0342,M0001,49888.87,UPI,SUCCESS,2026-08-01 21:25:37.379581
T003431,C0004,M0031,19272.19,NET_BANKING,SUCCESS,2026-06-15 18:14:35.186117
T003432,C0066,M0020,38351.34,WALLET,SUCCESS,2026-07-01 01:40:32.382195
T003433,C0151,M0012,40460.19,CARD,SUCCESS,2026-08-12 03:31:45.690854
T003434,C0170,M0021,16080.76,WALLET,SUCCESS,2026-08-21 04:02:35.099523
T003435,C0030,M0028,33697.62,NET_BANKING,SUCCESS,2026-08-29 19:37:10.644222
T003436,C0154,M0002,16455.02,CARD,FAILED,2026-06-08 15:40:36.516333
T003437,C0475,M0034,2548.13,CARD,SUCCESS,2026-08-13 15:26:17.607509
T003438,C0408,M0009,26614.23,UPI,SUCCESS,2026-07-31 19:29:19.489105
T003439,C0322,M0006,49624.53,NET_BANKING,SUCCESS,2026-08-20 15:32:51.201108
T003440,C0142,M0039,4629.36,NET_BANKING,SUCCESS,2026-07-19 20:38:25.276459
T003441,C0483,M0016,39920.73,WALLET,SUCCESS,2026-07-12 02:23:57.776588
T003442,C0202,M0034,18033.15,UPI,SUCCESS,2026-06-23 14:36:49.023832
T003443,C0161,M0020,24026.49,NET_BANKING,SUCCESS,2026-09-03 14:00:51.718926
T003444,C0326,M0014,41396.73,NET_BANKING,SUCCESS,2026-06-28 03:45:59.391141
T003445,C0284,M0023,35809.15,WALLET,SUCCESS,2026-07-07 15:40:52.362425
T003446,C0056,M0019,35611.47,NET_BANKING,SUCCESS,2026-07-04 08:52:02.639678
T003447,C0460,M0047,22587.77,WALLET,SUCCESS,2026-07-01 13:35:40.445972
T003448,C0193,M0010,23753.02,CARD,SUCCESS,2026-07-06 06:59:41.369516
T003449,C0080,M0032,10427.01,CARD,SUCCESS,2026-07-24 03:26:31.103177
T003450,C0328,M0049,20727.96,UPI,FAILED,2026-08-06 14:14:16.421350
T003451,C0465,M0043,8907.67,WALLET,SUCCESS,2026-08-26 21:22:18.332993
T003452,C0177,M0019,15096.44,WALLET,SUCCESS,2026-06-29 09:44:11.047736
T003453,C0079,M0006,23011.22,UPI,SUCCESS,2026-07-04 15:33:34.702667
T003454,C0076,M0020,42062.15,NET_BANKING,SUCCESS,2026-07-19 01:20:15.067747
T003455,C0383,M0023,36534.31,UPI,SUCCESS,2026-08-17 07:14:19.173414
T003456,C0134,M0005,21449.86,UPI,FAILED,2026-08-02 15:05:20.664955
T003457,C0484,M0039,41103.99,NET_BANKING,SUCCESS,2026-06-24 07:43:13.738523
T003458,C0213,M0041,28683.54,UPI,PENDING,2026-07-22 01:56:40.902977
T003459,C0336,M0048,49301.94,WALLET,SUCCESS,2026-07-07 23:18:06.940599
T003460,C0061,M0019,42562.24,WALLET,SUCCESS,2026-08-10 10:47:41.647761
T003461,C0005,M0046,22080.23,WALLET,SUCCESS,2026-08-10 09:21:03.970195
T003462,C0070,M0026,22290.22,UPI,SUCCESS,2026-07-16 00:35:41.963827
T003463,C0196,M0026,29202.22,WALLET,SUCCESS,2026-08-26 07:11:42.104491
T003464,C0319,M0049,31398.66,UPI,SUCCESS,2026-07-13 22:12:42.526541
T003465,C0270,M0025,4836.64,NET_BANKING,SUCCESS,2026-07-24 09:35:04.589689
T003466,C0439,M0049,38368.29,CARD,SUCCESS,2026-08-07 00:32:10.954685
T003467,C0293,M0032,29839.19,WALLET,FAILED,2026-08-29 08:03:27.740161
T003468,C0328,M0048,35567.5,CARD,FAILED,2026-08-30 04:31:41.808001
T003469,C0084,M0020,14497.59,UPI,SUCCESS,2026-07-06 05:30:36.603781
T003470,C0172,M0041,38583.43,WALLET,SUCCESS,2026-08-03 13:37:02.026732
T003471,C0200,M0034,29989.01,CARD,SUCCESS,2026-07-12 19:06:41.200191
T003472,C0381,M0010,5702.95,NET_BANKING,SUCCESS,2026-07-21 06:09:07.357670
T003473,C0433,M0037,49724.23,UPI,SUCCESS,2026-06-08 14:04:12.070540
T003474,C0221,M0021,42791.1,CARD,FAILED,2026-08-03 12:23:09.813815
T003475,C0096,M0038,17738.02,NET_BANKING,PENDING,2026-07-23 16:17:05.124177
T003476,C0086,M0040,35568.37,CARD,PENDING,2026-08-12 08:01:41.162153
T003477,C0404,M0032,28456.08,UPI,SUCCESS,2026-08-22 19:39:52.129235
T003478,C0242,M0046,11409.82,WALLET,SUCCESS,2026-07-21 09:11:31.064926
T003479,C0074,M0042,7201.31,WALLET,SUCCESS,2026-07-12 15:40:32.761256
T003480,C0380,M0008,24910.72,UPI,SUCCESS,2026-08-09 17:28:56.427650
T003481,C0474,M0008,3711.45,UPI,SUCCESS,2026-06-21 07:13:09.107042
T003482,C0208,M0035,21256.96,NET_BANKING,SUCCESS,2026-08-24 08:01:58.561735
T003483,C0407,M0003,26519.68,UPI,SUCCESS,2026-09-01 07:11:59.853444
T003484,C0282,M0047,49230.1,NET_BANKING,SUCCESS,2026-08-04 22:11:19.687194
T003485,C0076,M0002,44503.21,CARD,SUCCESS,2026-06-21 06:28:02.886674
T003486,C0387,M0031,9246.76,CARD,SUCCESS,2026-07-19 05:12:51.649441
T003487,C0094,M0022,2573.73,NET_BANKING,SUCCESS,2026-07-04 22:22:12.516073
T003488,C0105,M0012,10467.81,CARD,SUCCESS,2026-08-10 01:21:44.292993
T003489,C0083,M0038,32871.76,NET_BANKING,SUCCESS,2026-07-30 21:17:34.222203
T003490,C0229,M0023,21703.16,NET_BANKING,SUCCESS,2026-07-01 15:17:18.618144
T003491,C0463,M0023,47782.98,NET_BANKING,FAILED,2026-07-03 21:13:56.580765
T003492,C0017,M0021,48733.15,WALLET,SUCCESS,2026-06-11 15:52:51.111955
T003493,C0182,M0005,47277.38,WALLET,FAILED,2026-06-17 19:20:05.977761
T003494,C0001,M0019,35742.65,NET_BANKING,SUCCESS,2026-08-27 07:38:59.080017
T003495,C0049,M0033,30537.16,WALLET,SUCCESS,2026-07-30 00:30:42.632950
T003496,C0309,M0034,630.04,CARD,FAILED,2026-08-18 04:24:52.124561
T003497,C0392,M0010,44602.43,UPI,SUCCESS,2026-08-14 03:43:46.538103
T003498,C0091,M0027,20875.29,NET_BANKING,SUCCESS,2026-08-19 01:23:20.584016
T003499,C0022,M0029,2411.39,WALLET,SUCCESS,2026-07-21 21:04:02.347299
T003500,C0129,M0027,13799.78,WALLET,FAILED,2026-08-08 09:29:14.124210
T003501,C0484,M0007,20888.66,CARD,SUCCESS,2026-07-17 02:18:03.644351
T003502,C0491,M0022,16543.34,UPI,SUCCESS,2026-07-29 13:26:40.721349
T003503,C0316,M0015,32752.42,WALLET,SUCCESS,2026-07-13 07:15:37.375787
T003504,C0053,M0030,19627.58,CARD,SUCCESS,2026-06-22 00:47:37.517982
T003505,C0340,M0025,12436.12,WALLET,SUCCESS,2026-07-18 21:38:57.073632
T003506,C0482,M0042,2105.88,WALLET,SUCCESS,2026-08-24 06:51:19.535253
T003507,C0366,M0021,41978.53,UPI,SUCCESS,2026-08-07 14:44:14.616098
T003508,C0153,M0021,30290.46,UPI,SUCCESS,2026-06-10 09:54:34.517315
T003509,C0104,M0006,28984.19,NET_BANKING,SUCCESS,2026-07-24 10:43:38.275510
T003510,C0297,M0014,48685.77,NET_BANKING,FAILED,2026-06-08 19:38:36.638336
T003511,C0079,M0040,13435.56,WALLET,SUCCESS,2026-08-08 05:31:45.410196
T003512,C0294,M0033,13795.55,WALLET,FAILED,2026-08-29 12:53:04.847035
T003513,C0022,M0012,18320.31,NET_BANKING,SUCCESS,2026-07-11 17:16:08.298118
T003514,C0382,M0006,25544.5,NET_BANKING,SUCCESS,2026-08-24 13:18:04.354578
T003515,C0260,M0005,9574.22,CARD,SUCCESS,2026-06-29 07:40:15.918607
T003516,C0073,M0036,49656.85,NET_BANKING,SUCCESS,2026-07-19 00:59:40.301918
T003517,C0225,M0042,17274.79,NET_BANKING,SUCCESS,2026-08-31 19:08:52.398834
T003518,C0493,M0043,33443.23,UPI,SUCCESS,2026-07-30 16:05:58.529558
T003519,C0345,M0020,21577.43,WALLET,FAILED,2026-07-23 11:03:36.219877
T003520,C0117,M0004,13317.67,WALLET,SUCCESS,2026-08-08 04:54:20.194431
T003521,C0033,M0010,18301.16,WALLET,SUCCESS,2026-07-25 16:09:12.589854
T003522,C0143,M0003,19630.22,UPI,SUCCESS,2026-07-08 04:23:59.055294
T003523,C0285,M0022,4223.83,WALLET,SUCCESS,2026-09-01 07:58:56.283289
T003524,C0493,M0030,23081.93,CARD,SUCCESS,2026-06-14 08:57:16.336809
T003525,C0107,M0008,48794.27,CARD,SUCCESS,2026-06-13 06:25:31.748842
T003526,C0021,M0003,7944.94,CARD,SUCCESS,2026-07-21 03:00:04.038034
T003527,C0091,M0010,18439.86,UPI,SUCCESS,2026-08-24 10:45:28.741973
T003528,C0319,M0004,22715.18,NET_BANKING,SUCCESS,2026-08-30 11:04:27.025290
T003529,C0152,M0023,45001.91,NET_BANKING,SUCCESS,2026-07-14 14:16:06.722203
T003530,C0189,M0030,1770.6,UPI,SUCCESS,2026-07-17 03:26:30.479997
T003531,C0347,M0037,14679.92,WALLET,SUCCESS,2026-07-18 21:47:09.487627
T003532,C0078,M0048,36460.18,WALLET,SUCCESS,2026-08-14 20:35:26.535094
T003533,C0269,M0041,15755.36,CARD,SUCCESS,2026-07-26 22:01:05.843675
T003534,C0210,M0045,26529.13,WALLET,SUCCESS,2026-07-17 20:23:55.307009
T003535,C0343,M0006,13434.39,CARD,SUCCESS,2026-08-19 08:03:43.882647
T003536,C0492,M0041,15105.9,UPI,SUCCESS,2026-07-11 22:12:47.322989
T003537,C0289,M0028,24538.03,UPI,SUCCESS,2026-07-17 03:15:19.947562
T003538,C0086,M0038,39026.51,CARD,SUCCESS,2026-07-02 12:47:32.416065
T003539,C0252,M0050,27358.79,NET_BANKING,SUCCESS,2026-08-16 11:41:22.156021
T003540,C0177,M0026,39359.91,UPI,SUCCESS,2026-06-14 18:35:28.140885
T003541,C0490,M0028,17574.93,WALLET,SUCCESS,2026-08-14 05:21:33.511220
T003542,C0482,M0011,45546.88,CARD,SUCCESS,2026-06-19 19:25:43.633651
T003543,C0110,M0029,34477.35,UPI,FAILED,2026-08-01 08:05:39.648180
T003544,C0063,M0029,11325.82,NET_BANKING,SUCCESS,2026-08-11 16:04:05.443737
T003545,C0412,M0018,12902.98,NET_BANKING,SUCCESS,2026-07-29 07:11:53.187117
T003546,C0155,M0040,37579.18,CARD,SUCCESS,2026-07-24 05:41:57.985593
T003547,C0394,M0006,48001.61,NET_BANKING,SUCCESS,2026-07-20 17:50:50.207388
T003548,C0242,M0013,22410.54,WALLET,FAILED,2026-06-16 10:26:52.656985
T003549,C0098,M0035,15361.94,NET_BANKING,SUCCESS,2026-08-24 00:39:48.003736
T003550,C0475,M0044,46092.59,UPI,SUCCESS,2026-07-25 05:54:47.003469
T003551,C0383,M0018,21453.03,CARD,SUCCESS,2026-06-28 22:30:56.551575
T003552,C0124,M0031,37299.83,WALLET,SUCCESS,2026-08-10 15:47:31.664315
T003553,C0466,M0004,43427.62,UPI,SUCCESS,2026-07-29 17:07:06.198443
T003554,C0101,M0027,42508.34,CARD,SUCCESS,2026-08-28 08:10:40.945934
T003555,C0355,M0040,31553.99,CARD,SUCCESS,2026-07-04 19:05:56.159313
T003556,C0452,M0024,17957.27,UPI,SUCCESS,2026-07-02 20:54:50.620246
T003557,C0311,M0029,4234.62,WALLET,FAILED,2026-07-19 08:42:40.372956
T003558,C0296,M0017,18159.38,UPI,SUCCESS,2026-07-22 16:06:08.603751
T003559,C0188,M0040,2375.48,WALLET,SUCCESS,2026-07-22 20:26:29.224980
T003560,C0484,M0004,44975.52,CARD,SUCCESS,2026-09-02 16:18:30.146080
T003561,C0047,M0029,44697.26,WALLET,SUCCESS,2026-08-26 13:54:49.304214
T003562,C0060,M0043,2321.7,CARD,SUCCESS,2026-07-17 17:27:49.783955
T003563,C0353,M0044,28286.47,CARD,FAILED,2026-07-21 16:53:26.098397
T003564,C0093,M0011,4475.33,UPI,SUCCESS,2026-07-18 03:49:36.641716
T003565,C0359,M0018,35975.23,NET_BANKING,SUCCESS,2026-08-01 14:31:17.211692
T003566,C0028,M0037,37674.1,WALLET,SUCCESS,2026-08-17 10:01:32.732881
T003567,C0377,M0008,48926.02,CARD,SUCCESS,2026-06-15 01:59:31.836135
T003568,C0345,M0009,1815.97,NET_BANKING,SUCCESS,2026-08-24 15:17:16.572223
T003569,C0040,M0030,32214.89,WALLET,SUCCESS,2026-08-17 00:32:52.806984
T003570,C0068,M0045,23711.76,WALLET,SUCCESS,2026-08-09 12:04:32.427523
T003571,C0217,M0018,31741.96,NET_BANKING,FAILED,2026-06-11 17:41:43.237971
T003572,C0254,M0001,48393.79,WALLET,PENDING,2026-07-01 21:51:59.415799
T003573,C0392,M0013,2533.36,UPI,SUCCESS,2026-06-22 00:56:41.889356
T003574,C0089,M0021,34935.1,UPI,SUCCESS,2026-07-12 18:13:41.572245
T003575,C0234,M0040,16842.94,CARD,SUCCESS,2026-07-13 12:57:29.745131
T003576,C0065,M0015,19028.96,CARD,SUCCESS,2026-08-01 05:01:38.351422
T003577,C0256,M0020,45084.65,CARD,SUCCESS,2026-06-16 07:30:04.866700
T003578,C0389,M0016,31234.4,CARD,SUCCESS,2026-07-19 15:48:24.931770
T003579,C0411,M0023,43215.06,CARD,SUCCESS,2026-09-04 00:22:04.363343
T003580,C0241,M0027,44495.52,WALLET,SUCCESS,2026-06-30 01:24:57.789228
T003581,C0300,M0009,40170.63,UPI,SUCCESS,2026-06-11 17:40:54.292828
T003582,C0263,M0022,47845.79,UPI,SUCCESS,2026-07-25 08:15:49.102124
T003583,C0249,M0003,2513.01,WALLET,SUCCESS,2026-08-23 13:16:14.122979
T003584,C0175,M0037,45065.01,NET_BANKING,SUCCESS,2026-07-10 17:21:12.887950
T003585,C0003,M0017,2451.4,CARD,PENDING,2026-07-18 20:56:49.491484
T003586,C0428,M0037,29052.05,NET_BANKING,FAILED,2026-08-17 09:28:42.798962
T003587,C0259,M0022,5458.64,UPI,SUCCESS,2026-07-07 02:33:55.325256
T003588,C0226,M0046,19543.16,CARD,SUCCESS,2026-08-25 08:01:33.863657
T003589,C0376,M0044,24343.21,NET_BANKING,SUCCESS,2026-06-22 01:09:51.554492
T003590,C0374,M0012,7267.6,UPI,PENDING,2026-08-24 07:22:11.512052
T003591,C0033,M0017,31764.85,UPI,SUCCESS,2026-07-14 12:08:20.886083
T003592,C0092,M0038,21453.95,WALLET,SUCCESS,2026-06-21 16:15:10.454042
T003593,C0257,M0001,11357.25,NET_BANKING,SUCCESS,2026-07-03 01:45:37.001304
T003594,C0158,M0020,26936.55,UPI,SUCCESS,2026-07-20 01:10:21.838704
T003595,C0001,M0038,43016.38,UPI,SUCCESS,2026-06-12 11:31:06.429033
T003596,C0411,M0008,35859.77,WALLET,SUCCESS,2026-06-15 04:51:02.766690
T003597,C0334,M0022,22187.53,CARD,FAILED,2026-08-23 18:54:00.353874
T003598,C0063,M0018,2902.19,WALLET,SUCCESS,2026-07-28 18:28:23.429050
T003599,C0353,M0007,36053.0,WALLET,SUCCESS,2026-09-02 15:27:22.207831
T003600,C0087,M0035,37785.97,NET_BANKING,SUCCESS,2026-06-30 14:30:16.841497
T003601,C0425,M0020,763.86,UPI,SUCCESS,2026-08-05 16:51:12.673716
T003602,C0390,M0020,39568.99,UPI,SUCCESS,2026-08-26 22:39:06.895611
T003603,C0071,M0001,32597.34,WALLET,SUCCESS,2026-07-02 00:50:52.297121
T003604,C0366,M0046,7349.94,UPI,SUCCESS,2026-07-08 21:27:48.031192
T003605,C0476,M0008,43218.38,UPI,FAILED,2026-06-16 06:29:33.806069
T003606,C0106,M0022,18461.25,WALLET,SUCCESS,2026-08-08 02:45:50.201117
T003607,C0336,M0022,30279.16,UPI,SUCCESS,2026-06-20 08:54:49.456500
T003608,C0048,M0028,2680.34,WALLET,SUCCESS,2026-08-27 03:23:59.377695
T003609,C0005,M0034,15536.96,WALLET,SUCCESS,2026-08-31 08:15:34.800793
T003610,C0260,M0012,43862.49,UPI,SUCCESS,2026-08-07 04:01:55.973946
T003611,C0200,M0012,44504.2,WALLET,SUCCESS,2026-07-09 16:46:23.117758
T003612,C0159,M0016,2352.34,WALLET,SUCCESS,2026-09-01 18:30:37.703370
T003613,C0229,M0042,6225.85,WALLET,SUCCESS,2026-07-30 11:04:25.037535
T003614,C0476,M0041,34892.14,CARD,SUCCESS,2026-06-13 02:08:13.224637
T003615,C0199,M0033,43017.75,WALLET,SUCCESS,2026-09-04 04:23:52.666263
T003616,C0366,M0037,44166.56,CARD,SUCCESS,2026-06-20 16:48:23.998741
T003617,C0199,M0016,33491.38,NET_BANKING,SUCCESS,2026-08-14 05:04:20.149924
T003618,C0142,M0033,42827.37,UPI,SUCCESS,2026-08-08 08:49:52.340987
T003619,C0219,M0049,46113.36,CARD,SUCCESS,2026-07-06 21:35:00.685262
T003620,C0324,M0028,27318.86,NET_BANKING,SUCCESS,2026-07-04 04:37:32.323233
T003621,C0498,M0046,41233.74,WALLET,SUCCESS,2026-06-10 07:05:31.863258
T003622,C0040,M0020,19885.86,WALLET,SUCCESS,2026-08-06 09:54:00.842054
T003623,C0397,M0023,13096.13,WALLET,SUCCESS,2026-08-13 15:12:26.374756
T003624,C0299,M0021,30627.0,WALLET,SUCCESS,2026-06-19 08:17:25.308615
T003625,C0048,M0016,33890.23,UPI,SUCCESS,2026-07-26 02:39:02.042398
T003626,C0354,M0007,45135.1,WALLET,SUCCESS,2026-06-21 10:55:03.925448
T003627,C0010,M0022,9301.53,UPI,SUCCESS,2026-08-24 11:41:54.259859
T003628,C0275,M0012,26519.51,UPI,SUCCESS,2026-07-15 23:25:57.795008
T003629,C0368,M0040,25313.52,UPI,PENDING,2026-07-30 00:53:01.300288
T003630,C0288,M0036,11735.68,WALLET,SUCCESS,2026-06-21 11:37:49.531061
T003631,C0226,M0006,49841.39,NET_BANKING,FAILED,2026-06-15 12:30:22.753537
T003632,C0460,M0050,37227.99,UPI,SUCCESS,2026-08-19 10:45:19.425589
T003633,C0041,M0017,26290.19,WALLET,SUCCESS,2026-07-08 23:12:27.394038
T003634,C0276,M0035,30619.01,UPI,SUCCESS,2026-07-08 21:17:17.598235
T003635,C0215,M0029,47619.17,WALLET,SUCCESS,2026-06-25 06:32:18.847412
T003636,C0325,M0001,4373.12,WALLET,SUCCESS,2026-08-30 06:55:05.629031
T003637,C0129,M0012,31404.85,UPI,SUCCESS,2026-06-14 20:32:51.852231
T003638,C0411,M0026,24746.24,UPI,SUCCESS,2026-06-30 13:00:37.809432
T003639,C0123,M0015,23185.32,CARD,FAILED,2026-07-02 18:30:04.715611
T003640,C0131,M0038,783.32,NET_BANKING,SUCCESS,2026-08-06 07:35:47.239105
T003641,C0215,M0042,12862.75,UPI,SUCCESS,2026-07-30 04:46:22.022657
T003642,C0307,M0010,38658.11,NET_BANKING,SUCCESS,2026-08-18 15:33:06.580996
T003643,C0081,M0002,49281.21,WALLET,SUCCESS,2026-07-31 15:45:11.820754
T003644,C0339,M0010,15464.55,UPI,SUCCESS,2026-08-12 21:41:43.722980
T003645,C0457,M0030,9593.01,UPI,SUCCESS,2026-08-06 16:00:12.039477
T003646,C0193,M0004,42752.78,NET_BANKING,SUCCESS,2026-08-01 00:53:07.821642
T003647,C0188,M0028,30381.18,WALLET,SUCCESS,2026-06-23 08:25:24.751282
T003648,C0436,M0028,48070.79,CARD,SUCCESS,2026-06-10 10:51:59.823841
T003649,C0062,M0031,3347.89,CARD,FAILED,2026-07-04 16:54:51.076566
T003650,C0038,M0008,43252.23,UPI,SUCCESS,2026-08-04 06:12:30.636104
T003651,C0482,M0010,25164.12,CARD,SUCCESS,2026-08-19 07:17:20.953593
T003652,C0301,M0018,26502.51,WALLET,SUCCESS,2026-08-28 13:33:29.479348
T003653,C0025,M0032,19826.42,NET_BANKING,SUCCESS,2026-08-10 17:16:50.467075
T003654,C0488,M0013,38502.39,UPI,PENDING,2026-06-13 20:09:57.106892
T003655,C0471,M0002,35817.74,UPI,SUCCESS,2026-08-12 15:58:08.495996
T003656,C0061,M0025,45176.74,UPI,SUCCESS,2026-08-17 18:30:27.185991
T003657,C0061,M0021,15197.07,CARD,SUCCESS,2026-08-17 06:08:00.275218
T003658,C0118,M0015,36549.54,NET_BANKING,SUCCESS,2026-07-20 18:08:20.599568
T003659,C0181,M0011,31398.97,WALLET,SUCCESS,2026-08-19 16:24:08.849741
T003660,C0333,M0035,27993.69,CARD,SUCCESS,2026-07-27 22:11:04.516195
T003661,C0269,M0045,18973.04,UPI,SUCCESS,2026-08-12 09:48:26.760538
T003662,C0040,M0005,2475.43,UPI,SUCCESS,2026-07-16 23:42:15.899199
T003663,C0206,M0007,32268.77,CARD,SUCCESS,2026-06-07 22:21:35.654799
T003664,C0031,M0049,34198.35,UPI,SUCCESS,2026-06-25 04:29:22.551496
T003665,C0286,M0032,4102.18,UPI,SUCCESS,2026-07-12 15:28:59.529958
T003666,C0292,M0043,45819.96,WALLET,FAILED,2026-08-31 16:31:41.599549
T003667,C0294,M0005,40423.95,UPI,SUCCESS,2026-06-26 20:07:52.441291
T003668,C0217,M0049,30405.9,WALLET,SUCCESS,2026-07-25 04:23:43.059169
T003669,C0166,M0034,45168.25,UPI,SUCCESS,2026-06-30 01:04:21.386298
T003670,C0037,M0010,25195.81,UPI,SUCCESS,2026-07-18 15:22:53.484385
T003671,C0272,M0022,16642.92,NET_BANKING,SUCCESS,2026-07-28 17:10:05.291815
T003672,C0424,M0049,23642.16,NET_BANKING,FAILED,2026-07-01 02:56:17.510462
T003673,C0425,M0039,117.19,CARD,SUCCESS,2026-07-03 09:08:55.450402
T003674,C0496,M0037,15726.92,CARD,SUCCESS,2026-07-30 15:34:24.303093
T003675,C0284,M0041,40693.99,CARD,SUCCESS,2026-06-15 19:26:03.402824
T003676,C0333,M0020,37489.33,UPI,SUCCESS,2026-07-21 08:28:08.415394
T003677,C0464,M0002,15415.34,UPI,PENDING,2026-08-25 13:06:40.703242
T003678,C0074,M0033,31027.66,NET_BANKING,SUCCESS,2026-08-21 17:56:50.868527
T003679,C0456,M0022,17379.12,CARD,SUCCESS,2026-07-09 00:40:05.878804
T003680,C0032,M0037,15019.61,NET_BANKING,SUCCESS,2026-06-28 01:44:00.764186
T003681,C0248,M0022,21391.21,WALLET,SUCCESS,2026-07-18 20:51:18.507034
T003682,C0215,M0017,34375.03,UPI,PENDING,2026-07-13 20:05:21.525478
T003683,C0393,M0015,25603.66,CARD,SUCCESS,2026-07-16 23:03:30.662757
T003684,C0087,M0008,3779.46,NET_BANKING,SUCCESS,2026-08-13 01:11:10.520869
T003685,C0154,M0018,37881.56,CARD,SUCCESS,2026-06-19 06:25:10.929559
T003686,C0182,M0007,40111.56,CARD,FAILED,2026-06-22 17:25:53.542656
T003687,C0155,M0007,40311.93,WALLET,SUCCESS,2026-07-29 22:19:55.220405
T003688,C0034,M0049,34170.8,WALLET,SUCCESS,2026-08-26 13:38:16.362330
T003689,C0352,M0007,10287.28,NET_BANKING,SUCCESS,2026-07-06 17:17:41.903851
T003690,C0289,M0040,29292.49,WALLET,SUCCESS,2026-08-15 17:19:47.202576
T003691,C0466,M0025,46255.87,WALLET,FAILED,2026-08-18 14:30:06.425902
T003692,C0050,M0035,37880.36,CARD,SUCCESS,2026-06-15 16:12:51.315754
T003693,C0144,M0038,30176.61,NET_BANKING,SUCCESS,2026-07-17 19:41:53.978680
T003694,C0383,M0027,38351.38,CARD,SUCCESS,2026-07-20 23:01:27.148806
T003695,C0356,M0002,36939.12,WALLET,SUCCESS,2026-06-15 03:56:01.192762
T003696,C0284,M0037,8916.75,WALLET,SUCCESS,2026-08-30 17:11:32.051133
T003697,C0349,M0039,7674.85,NET_BANKING,SUCCESS,2026-07-05 21:06:05.138215
T003698,C0110,M0031,31205.54,NET_BANKING,SUCCESS,2026-08-18 21:30:26.512184
T003699,C0110,M0047,11542.96,UPI,SUCCESS,2026-08-28 09:53:37.424184
T003700,C0369,M0030,33504.71,UPI,SUCCESS,2026-07-07 22:03:21.358328
T003701,C0374,M0013,40075.4,CARD,SUCCESS,2026-08-06 18:33:39.271300
T003702,C0393,M0021,16283.57,WALLET,SUCCESS,2026-06-15 16:28:19.084468
T003703,C0044,M0038,49743.14,WALLET,SUCCESS,2026-06-13 04:55:25.443427
T003704,C0498,M0027,14052.9,UPI,SUCCESS,2026-08-10 02:47:19.195310
T003705,C0394,M0022,29134.29,UPI,SUCCESS,2026-08-20 00:03:38.141935
T003706,C0298,M0047,4937.8,UPI,FAILED,2026-07-15 20:32:34.563123
T003707,C0180,M0004,31905.91,NET_BANKING,FAILED,2026-06-25 23:51:00.530664
T003708,C0325,M0046,24266.88,WALLET,FAILED,2026-07-03 22:11:51.078727
T003709,C0165,M0028,35000.5,UPI,SUCCESS,2026-06-18 20:30:21.808459
T003710,C0338,M0025,37861.97,CARD,SUCCESS,2026-08-30 10:46:53.454409
T003711,C0264,M0045,34355.26,UPI,SUCCESS,2026-07-20 14:51:33.020474
T003712,C0365,M0016,36399.81,NET_BANKING,FAILED,2026-06-22 22:02:36.287047
T003713,C0048,M0022,21115.6,WALLET,SUCCESS,2026-08-21 00:25:47.972140
T003714,C0160,M0037,29495.54,WALLET,SUCCESS,2026-07-19 19:13:33.635066
T003715,C0107,M0013,21255.23,WALLET,SUCCESS,2026-09-03 06:16:00.356439
T003716,C0302,M0047,26912.82,CARD,SUCCESS,2026-07-20 16:13:53.357029
T003717,C0299,M0023,34663.04,CARD,PENDING,2026-08-23 09:21:51.886755
T003718,C0105,M0014,28031.43,WALLET,SUCCESS,2026-08-30 01:18:33.345217
T003719,C0273,M0047,45664.08,UPI,FAILED,2026-07-24 14:17:46.951675
T003720,C0201,M0006,20637.83,UPI,FAILED,2026-07-06 21:36:29.628104
T003721,C0485,M0040,49657.76,UPI,PENDING,2026-07-17 23:23:12.991945
T003722,C0052,M0036,41949.47,NET_BANKING,SUCCESS,2026-07-21 11:49:08.712198
T003723,C0146,M0021,14746.37,WALLET,SUCCESS,2026-06-17 01:51:42.853407
T003724,C0343,M0049,1048.01,UPI,SUCCESS,2026-06-12 11:45:30.146444
T003725,C0286,M0022,35557.31,UPI,SUCCESS,2026-08-21 08:37:30.950251
T003726,C0500,M0011,1182.86,UPI,SUCCESS,2026-07-22 20:33:07.975774
T003727,C0019,M0021,26084.94,CARD,SUCCESS,2026-06-24 17:11:57.302345
T003728,C0339,M0005,6934.04,WALLET,SUCCESS,2026-06-20 22:36:15.625705
T003729,C0329,M0014,20045.63,UPI,SUCCESS,2026-08-16 13:25:13.151427
T003730,C0047,M0034,9763.38,UPI,SUCCESS,2026-08-12 04:47:34.458709
T003731,C0486,M0041,26900.18,CARD,SUCCESS,2026-07-02 21:51:37.532897
T003732,C0340,M0049,30008.8,UPI,SUCCESS,2026-07-02 19:52:08.550548
T003733,C0464,M0047,34198.44,CARD,PENDING,2026-07-15 06:13:59.597522
T003734,C0141,M0025,18607.88,NET_BANKING,SUCCESS,2026-07-06 17:25:36.348043
T003735,C0452,M0035,47312.15,NET_BANKING,SUCCESS,2026-06-30 14:05:26.811198
T003736,C0059,M0025,16586.9,UPI,FAILED,2026-06-25 13:38:14.773388
T003737,C0276,M0008,22545.47,UPI,SUCCESS,2026-08-03 08:01:11.845993
T003738,C0295,M0039,18197.02,CARD,FAILED,2026-07-31 14:01:00.190593
T003739,C0188,M0011,8246.1,CARD,SUCCESS,2026-07-21 11:54:04.401238
T003740,C0276,M0025,5586.94,CARD,SUCCESS,2026-06-25 16:44:57.588337
T003741,C0262,M0037,19362.48,UPI,SUCCESS,2026-07-08 07:01:14.994017
T003742,C0002,M0020,48987.36,WALLET,SUCCESS,2026-08-24 03:20:50.796591
T003743,C0094,M0036,10333.33,WALLET,SUCCESS,2026-07-08 11:49:01.626481
T003744,C0164,M0015,11798.12,UPI,SUCCESS,2026-06-12 13:14:15.657550
T003745,C0372,M0029,2917.77,NET_BANKING,SUCCESS,2026-08-07 02:26:55.248971
T003746,C0089,M0004,39215.64,CARD,SUCCESS,2026-06-12 15:12:46.258067
T003747,C0096,M0002,21472.94,CARD,SUCCESS,2026-07-28 06:07:33.350724
T003748,C0205,M0027,28374.49,NET_BANKING,SUCCESS,2026-06-19 17:32:48.428944
T003749,C0469,M0019,46515.0,WALLET,PENDING,2026-08-13 22:59:14.897150
T003750,C0285,M0004,39820.07,UPI,SUCCESS,2026-07-09 02:14:20.103644
T003751,C0472,M0044,17100.97,NET_BANKING,SUCCESS,2026-06-28 22:25:27.438489
T003752,C0472,M0038,33611.92,WALLET,SUCCESS,2026-06-18 14:58:31.076824
T003753,C0107,M0002,2545.72,CARD,SUCCESS,2026-07-23 18:36:01.843037
T003754,C0411,M0044,24809.7,UPI,SUCCESS,2026-08-31 17:15:25.723897
T003755,C0227,M0033,2469.05,NET_BANKING,SUCCESS,2026-08-13 23:52:13.737760
T003756,C0273,M0050,17823.39,WALLET,SUCCESS,2026-07-10 11:48:32.847302
T003757,C0111,M0045,45516.42,CARD,SUCCESS,2026-08-27 01:25:50.291934
T003758,C0219,M0050,16714.26,CARD,SUCCESS,2026-07-04 23:40:31.597785
T003759,C0034,M0019,44910.47,UPI,SUCCESS,2026-07-16 05:32:38.218524
T003760,C0191,M0017,11443.48,WALLET,SUCCESS,2026-06-26 03:07:37.357135
T003761,C0295,M0032,13078.29,CARD,SUCCESS,2026-08-09 01:37:36.259034
T003762,C0244,M0026,19978.11,NET_BANKING,SUCCESS,2026-08-16 20:27:44.989577
T003763,C0334,M0017,30455.94,NET_BANKING,SUCCESS,2026-07-17 04:55:48.226922
T003764,C0053,M0041,2687.63,NET_BANKING,SUCCESS,2026-08-02 16:40:06.196925
T003765,C0309,M0016,45173.58,NET_BANKING,SUCCESS,2026-06-29 16:17:33.266539
T003766,C0215,M0003,7021.15,NET_BANKING,SUCCESS,2026-07-07 05:56:16.975917
T003767,C0094,M0026,23646.95,WALLET,SUCCESS,2026-09-04 16:33:48.180658
T003768,C0317,M0008,37683.54,WALLET,SUCCESS,2026-07-25 05:28:55.751555
T003769,C0277,M0011,29065.9,UPI,SUCCESS,2026-08-14 16:04:57.800702
T003770,C0325,M0016,5074.01,WALLET,SUCCESS,2026-07-08 17:54:13.617149
T003771,C0116,M0010,6590.12,NET_BANKING,SUCCESS,2026-07-21 08:54:26.569882
T003772,C0214,M0014,783.4,WALLET,SUCCESS,2026-08-06 01:19:28.829540
T003773,C0492,M0006,29356.7,WALLET,SUCCESS,2026-08-01 00:18:58.597566
T003774,C0353,M0004,19859.81,UPI,SUCCESS,2026-06-11 14:38:41.903085
T003775,C0147,M0017,28166.76,WALLET,SUCCESS,2026-07-24 14:33:24.753747
T003776,C0318,M0045,13778.4,CARD,SUCCESS,2026-08-01 12:06:51.361226
T003777,C0133,M0030,48283.08,UPI,SUCCESS,2026-09-05 05:12:46.535992
T003778,C0132,M0042,12440.65,UPI,SUCCESS,2026-06-23 02:29:48.707234
T003779,C0475,M0049,2395.16,CARD,SUCCESS,2026-07-07 02:38:13.393563
T003780,C0365,M0039,39671.83,CARD,SUCCESS,2026-08-07 05:51:43.335460
T003781,C0031,M0038,20641.57,UPI,SUCCESS,2026-07-02 13:45:00.735082
T003782,C0336,M0020,8402.58,NET_BANKING,SUCCESS,2026-07-24 14:33:06.961425
T003783,C0451,M0027,25569.11,WALLET,SUCCESS,2026-07-30 04:56:55.530854
T003784,C0463,M0042,35061.06,UPI,SUCCESS,2026-07-20 07:31:18.476997
T003785,C0077,M0016,43243.98,CARD,SUCCESS,2026-08-13 17:22:41.147765
T003786,C0041,M0045,11665.21,NET_BANKING,SUCCESS,2026-06-21 14:19:17.746113
T003787,C0092,M0040,44969.79,NET_BANKING,FAILED,2026-08-16 04:47:41.592638
T003788,C0318,M0026,39050.59,CARD,SUCCESS,2026-07-28 05:51:04.782212
T003789,C0387,M0039,8628.19,CARD,SUCCESS,2026-08-28 16:30:20.366847
T003790,C0020,M0001,34417.13,UPI,SUCCESS,2026-09-03 12:45:38.566006
T003791,C0350,M0042,14466.96,CARD,FAILED,2026-07-10 22:20:46.586533
T003792,C0396,M0001,49570.86,WALLET,SUCCESS,2026-07-18 19:49:35.544078
T003793,C0390,M0024,8151.01,NET_BANKING,SUCCESS,2026-08-14 12:23:11.684091
T003794,C0231,M0015,5343.97,WALLET,SUCCESS,2026-06-27 11:44:08.807059
T003795,C0446,M0007,8674.63,CARD,SUCCESS,2026-08-12 10:49:52.506742
T003796,C0083,M0019,2183.28,UPI,SUCCESS,2026-06-29 01:07:44.589740
T003797,C0206,M0042,2941.86,WALLET,SUCCESS,2026-08-17 04:32:27.039861
T003798,C0075,M0029,14696.17,WALLET,SUCCESS,2026-08-25 09:56:15.605297
T003799,C0027,M0035,12731.02,UPI,SUCCESS,2026-08-06 11:57:38.524580
T003800,C0064,M0030,40446.4,UPI,SUCCESS,2026-07-13 17:36:04.309856
T003801,C0158,M0046,4460.49,WALLET,SUCCESS,2026-06-24 20:33:43.601896
T003802,C0213,M0008,17015.55,WALLET,SUCCESS,2026-07-10 14:30:55.484549
T003803,C0067,M0011,47414.53,WALLET,SUCCESS,2026-07-29 23:20:57.683121
T003804,C0080,M0043,24468.34,UPI,SUCCESS,2026-08-11 04:08:28.012761
T003805,C0382,M0015,39283.28,NET_BANKING,SUCCESS,2026-08-15 08:08:46.209272
T003806,C0012,M0042,23252.69,CARD,SUCCESS,2026-06-24 22:29:28.199352
T003807,C0254,M0049,7128.03,WALLET,FAILED,2026-08-01 17:21:11.322791
T003808,C0222,M0021,3177.17,WALLET,SUCCESS,2026-06-10 03:17:38.545338
T003809,C0296,M0026,37536.15,CARD,SUCCESS,2026-06-09 06:11:22.979961
T003810,C0367,M0039,6006.32,CARD,SUCCESS,2026-08-30 00:58:34.014822
T003811,C0403,M0046,27801.95,NET_BANKING,SUCCESS,2026-07-22 15:12:12.197231
T003812,C0272,M0013,43193.05,UPI,SUCCESS,2026-07-13 05:25:42.471015
T003813,C0359,M0031,43066.58,CARD,SUCCESS,2026-07-22 21:18:38.959782
T003814,C0278,M0014,24533.06,CARD,SUCCESS,2026-08-22 16:41:36.617049
T003815,C0049,M0036,15001.22,NET_BANKING,SUCCESS,2026-06-28 11:20:23.811145
T003816,C0047,M0020,14129.51,NET_BANKING,SUCCESS,2026-07-15 19:39:04.296679
T003817,C0466,M0030,10148.69,CARD,SUCCESS,2026-06-17 23:13:27.442133
T003818,C0289,M0021,26372.48,WALLET,SUCCESS,2026-07-10 00:01:08.206459
T003819,C0064,M0049,35843.11,UPI,SUCCESS,2026-08-25 04:55:20.481879
T003820,C0005,M0034,36616.19,CARD,SUCCESS,2026-06-14 06:44:30.500558
T003821,C0039,M0016,42958.53,NET_BANKING,SUCCESS,2026-06-20 20:42:04.536459
T003822,C0320,M0019,23257.68,CARD,SUCCESS,2026-08-07 01:53:22.045020
T003823,C0220,M0010,40445.43,NET_BANKING,SUCCESS,2026-08-16 18:25:40.427814
T003824,C0063,M0049,39768.86,NET_BANKING,SUCCESS,2026-07-28 09:46:13.342783
T003825,C0120,M0040,34798.32,CARD,PENDING,2026-06-16 17:10:42.676346
T003826,C0202,M0004,15344.65,NET_BANKING,FAILED,2026-06-29 00:56:26.136362
T003827,C0052,M0034,43324.47,CARD,FAILED,2026-06-16 20:49:44.112908
T003828,C0128,M0022,23944.38,NET_BANKING,SUCCESS,2026-08-05 16:49:40.117454
T003829,C0189,M0041,26177.27,NET_BANKING,SUCCESS,2026-06-26 06:18:31.002177
T003830,C0053,M0028,16383.51,CARD,PENDING,2026-08-01 16:48:50.481823
T003831,C0213,M0041,11336.74,CARD,SUCCESS,2026-08-26 11:11:07.772434
T003832,C0305,M0021,36278.52,UPI,SUCCESS,2026-08-07 01:16:53.312252
T003833,C0456,M0010,24328.55,CARD,SUCCESS,2026-07-29 00:45:23.300261
T003834,C0488,M0029,44802.31,UPI,FAILED,2026-06-08 02:46:38.220280
T003835,C0055,M0047,25276.49,CARD,SUCCESS,2026-06-12 12:08:40.352372
T003836,C0036,M0016,36004.69,UPI,SUCCESS,2026-07-11 11:44:00.714560
T003837,C0128,M0001,18527.3,UPI,SUCCESS,2026-06-27 14:48:38.197819
T003838,C0099,M0020,7553.12,CARD,SUCCESS,2026-08-22 22:34:49.127450
T003839,C0448,M0007,46948.68,CARD,SUCCESS,2026-07-09 22:35:03.843066
T003840,C0116,M0039,49577.09,CARD,SUCCESS,2026-07-02 23:55:10.302037
T003841,C0200,M0013,40788.85,NET_BANKING,SUCCESS,2026-06-26 05:35:47.655762
T003842,C0116,M0047,22083.64,CARD,SUCCESS,2026-08-16 04:39:41.805430
T003843,C0447,M0012,3429.13,NET_BANKING,SUCCESS,2026-08-23 08:00:15.855189
T003844,C0418,M0048,35789.94,UPI,SUCCESS,2026-08-25 07:59:08.102890
T003845,C0122,M0039,14875.06,UPI,SUCCESS,2026-07-30 14:16:18.919656
T003846,C0272,M0012,7832.11,NET_BANKING,FAILED,2026-06-28 19:04:00.727358
T003847,C0129,M0017,33019.85,WALLET,SUCCESS,2026-08-04 09:32:20.103350
T003848,C0259,M0029,40772.86,CARD,SUCCESS,2026-07-18 15:23:05.366793
T003849,C0034,M0021,32829.74,CARD,SUCCESS,2026-07-03 10:08:51.392768
T003850,C0078,M0023,36142.18,WALLET,SUCCESS,2026-08-05 01:32:11.525472
T003851,C0210,M0023,46248.36,NET_BANKING,SUCCESS,2026-07-26 00:45:02.526854
T003852,C0315,M0029,22121.19,NET_BANKING,SUCCESS,2026-06-30 03:54:24.499833
T003853,C0426,M0041,901.49,CARD,FAILED,2026-06-09 06:57:05.890493
T003854,C0465,M0033,16349.73,WALLET,SUCCESS,2026-08-13 05:16:04.638944
T003855,C0286,M0043,7196.12,NET_BANKING,SUCCESS,2026-07-23 08:03:12.328899
T003856,C0151,M0016,32207.61,CARD,SUCCESS,2026-07-06 20:29:38.596899
T003857,C0425,M0042,28743.37,UPI,SUCCESS,2026-08-17 14:52:57.709222
T003858,C0110,M0019,43854.18,UPI,SUCCESS,2026-08-17 14:39:44.278821
T003859,C0109,M0008,3355.64,NET_BANKING,SUCCESS,2026-08-06 11:42:39.482501
T003860,C0284,M0038,16385.64,UPI,SUCCESS,2026-06-08 19:07:03.947415
T003861,C0074,M0013,37153.22,UPI,SUCCESS,2026-09-05 04:32:08.702339
T003862,C0015,M0035,7616.3,UPI,SUCCESS,2026-06-22 03:22:50.609329
T003863,C0225,M0031,8082.22,WALLET,PENDING,2026-08-11 21:01:23.135644
T003864,C0095,M0014,23026.55,UPI,SUCCESS,2026-08-02 19:53:16.884880
T003865,C0337,M0008,7536.4,UPI,SUCCESS,2026-08-11 10:47:13.953463
T003866,C0041,M0042,46343.27,CARD,SUCCESS,2026-06-24 20:29:31.328641
T003867,C0412,M0022,41463.21,WALLET,SUCCESS,2026-08-24 15:24:45.939925
T003868,C0105,M0040,42883.28,UPI,SUCCESS,2026-08-31 10:12:30.975966
T003869,C0396,M0020,47620.5,NET_BANKING,SUCCESS,2026-06-17 08:52:49.309608
T003870,C0105,M0026,17594.54,CARD,SUCCESS,2026-06-14 19:19:09.651300
T003871,C0191,M0028,31831.53,UPI,SUCCESS,2026-07-31 03:59:09.094588
T003872,C0449,M0009,16730.16,NET_BANKING,SUCCESS,2026-07-26 22:58:11.290326
T003873,C0143,M0035,11851.68,CARD,SUCCESS,2026-09-05 11:11:13.682368
T003874,C0158,M0006,13000.43,CARD,SUCCESS,2026-07-31 22:10:51.248162
T003875,C0034,M0024,25379.81,UPI,SUCCESS,2026-06-26 17:01:35.616445
T003876,C0234,M0023,30044.21,UPI,SUCCESS,2026-06-30 16:49:58.946119
T003877,C0303,M0023,9814.62,UPI,SUCCESS,2026-07-04 15:45:58.161947
T003878,C0146,M0047,13581.77,UPI,SUCCESS,2026-06-17 02:53:17.726519
T003879,C0489,M0016,42860.16,CARD,SUCCESS,2026-07-23 15:15:44.871849
T003880,C0162,M0050,26766.73,WALLET,SUCCESS,2026-07-06 12:07:24.432717
T003881,C0277,M0028,16831.53,UPI,SUCCESS,2026-06-12 08:27:15.407453
T003882,C0294,M0044,12412.62,WALLET,SUCCESS,2026-08-18 07:31:11.025598
T003883,C0159,M0010,27088.52,CARD,SUCCESS,2026-08-25 03:21:19.213238
T003884,C0227,M0050,25808.2,CARD,SUCCESS,2026-07-21 21:34:01.156579
T003885,C0145,M0020,24117.12,CARD,SUCCESS,2026-08-13 04:27:20.853235
T003886,C0060,M0039,42751.46,WALLET,SUCCESS,2026-06-14 10:02:13.272371
T003887,C0174,M0019,4126.44,NET_BANKING,FAILED,2026-07-08 12:28:12.684272
T003888,C0041,M0001,23780.87,UPI,SUCCESS,2026-09-02 06:40:05.193743
T003889,C0175,M0031,9215.4,NET_BANKING,FAILED,2026-08-10 23:40:13.697173
T003890,C0036,M0027,1746.94,WALLET,SUCCESS,2026-09-03 13:55:43.328151
T003891,C0293,M0028,36712.34,CARD,SUCCESS,2026-06-12 18:20:50.950116
T003892,C0110,M0031,34849.34,UPI,SUCCESS,2026-07-13 05:21:21.344297
T003893,C0446,M0030,25478.81,NET_BANKING,SUCCESS,2026-07-21 14:09:49.506390
T003894,C0469,M0034,31870.36,NET_BANKING,SUCCESS,2026-06-08 14:00:31.607434
T003895,C0356,M0022,36966.04,CARD,SUCCESS,2026-07-26 00:16:50.382655
T003896,C0479,M0009,5414.98,UPI,PENDING,2026-06-24 03:10:36.817534
T003897,C0267,M0025,43012.0,WALLET,SUCCESS,2026-07-06 14:01:03.347150
T003898,C0095,M0037,16632.45,NET_BANKING,PENDING,2026-06-12 15:06:58.926919
T003899,C0102,M0020,33854.0,WALLET,SUCCESS,2026-06-11 23:40:15.455333
T003900,C0243,M0014,16771.89,CARD,FAILED,2026-06-29 00:21:27.024534
T003901,C0268,M0023,15786.27,CARD,SUCCESS,2026-08-27 09:39:50.891577
T003902,C0317,M0048,6057.35,CARD,SUCCESS,2026-06-18 13:22:38.548877
T003903,C0498,M0034,40971.79,CARD,SUCCESS,2026-08-18 23:36:55.930923
T003904,C0359,M0040,37766.42,CARD,SUCCESS,2026-08-02 13:00:49.809055
T003905,C0237,M0017,24493.94,CARD,SUCCESS,2026-08-08 21:43:06.357040
T003906,C0263,M0034,3588.75,CARD,PENDING,2026-06-30 03:19:00.973241
T003907,C0162,M0019,8342.22,NET_BANKING,SUCCESS,2026-07-24 06:39:20.510785
T003908,C0356,M0040,43451.41,WALLET,PENDING,2026-06-19 11:37:31.343184
T003909,C0395,M0026,47783.9,UPI,SUCCESS,2026-06-08 04:10:15.104105
T003910,C0084,M0037,4900.71,UPI,SUCCESS,2026-08-12 20:49:42.846361
T003911,C0476,M0009,14424.29,WALLET,SUCCESS,2026-09-01 07:42:45.498817
T003912,C0366,M0021,31532.0,NET_BANKING,FAILED,2026-07-26 01:36:04.940361
T003913,C0141,M0010,33953.88,NET_BANKING,SUCCESS,2026-08-21 20:55:58.296323
T003914,C0042,M0044,677.52,UPI,SUCCESS,2026-07-03 08:28:28.586389
T003915,C0151,M0029,32649.41,WALLET,SUCCESS,2026-08-12 06:17:35.297135
T003916,C0176,M0022,4437.58,WALLET,SUCCESS,2026-09-03 19:34:23.394689
T003917,C0023,M0039,26765.13,CARD,SUCCESS,2026-07-26 16:06:57.434728
T003918,C0258,M0048,22890.9,CARD,SUCCESS,2026-06-10 19:45:34.735584
T003919,C0418,M0047,13092.25,CARD,SUCCESS,2026-07-15 11:50:07.341988
T003920,C0452,M0014,29048.12,NET_BANKING,SUCCESS,2026-07-09 00:23:26.500296
T003921,C0054,M0037,32510.13,WALLET,SUCCESS,2026-08-03 10:48:03.868253
T003922,C0113,M0010,32638.94,CARD,SUCCESS,2026-06-27 04:38:32.339936
T003923,C0201,M0005,18203.68,CARD,SUCCESS,2026-07-02 15:36:00.164864
T003924,C0131,M0033,4402.32,CARD,SUCCESS,2026-08-25 00:02:47.860629
T003925,C0219,M0001,26983.19,UPI,SUCCESS,2026-08-14 00:35:11.724620
T003926,C0483,M0010,41245.61,NET_BANKING,SUCCESS,2026-07-30 07:01:17.554893
T003927,C0459,M0041,35022.74,WALLET,SUCCESS,2026-08-14 17:27:55.492852
T003928,C0386,M0016,18691.48,CARD,SUCCESS,2026-06-28 23:38:53.769355
T003929,C0352,M0006,3963.22,NET_BANKING,SUCCESS,2026-07-01 08:26:39.748243
T003930,C0476,M0005,330.58,NET_BANKING,SUCCESS,2026-07-26 03:55:48.807631
T003931,C0481,M0026,22319.93,UPI,SUCCESS,2026-08-19 10:13:38.847256
T003932,C0309,M0040,24045.86,CARD,SUCCESS,2026-08-22 20:36:13.001569
T003933,C0498,M0017,13933.16,WALLET,SUCCESS,2026-08-15 10:56:39.920282
T003934,C0483,M0044,28582.5,UPI,FAILED,2026-08-20 13:24:57.843707
T003935,C0170,M0022,26240.48,WALLET,SUCCESS,2026-08-24 15:13:46.793123
T003936,C0243,M0047,5146.54,NET_BANKING,SUCCESS,2026-07-28 07:04:53.915814
T003937,C0115,M0008,34674.74,WALLET,SUCCESS,2026-09-01 10:03:05.352781
T003938,C0291,M0003,5632.02,UPI,SUCCESS,2026-07-04 14:05:11.234727
T003939,C0184,M0047,16816.48,NET_BANKING,PENDING,2026-07-02 06:26:09.175497
T003940,C0041,M0028,9160.99,WALLET,SUCCESS,2026-07-29 17:51:23.094436
T003941,C0180,M0031,29723.7,WALLET,SUCCESS,2026-08-07 08:29:23.235216
T003942,C0166,M0018,36310.66,CARD,SUCCESS,2026-07-14 21:52:09.254149
T003943,C0211,M0034,15696.1,UPI,SUCCESS,2026-08-02 23:38:38.402825
T003944,C0052,M0022,33186.88,WALLET,FAILED,2026-06-10 06:46:17.334630
T003945,C0140,M0021,16865.03,UPI,SUCCESS,2026-08-28 19:22:18.548844
T003946,C0379,M0023,45112.84,NET_BANKING,SUCCESS,2026-07-25 22:25:43.238777
T003947,C0471,M0027,44388.96,NET_BANKING,SUCCESS,2026-07-16 02:47:13.030784
T003948,C0337,M0022,706.73,CARD,SUCCESS,2026-07-04 20:32:45.160495
T003949,C0383,M0048,3979.18,WALLET,SUCCESS,2026-06-22 23:22:31.474252
T003950,C0347,M0001,31224.28,UPI,PENDING,2026-06-21 04:19:19.036759
T003951,C0179,M0015,29748.38,WALLET,PENDING,2026-07-08 22:36:47.790977
T003952,C0361,M0028,17985.13,CARD,SUCCESS,2026-08-28 14:24:21.789301
T003953,C0438,M0001,5994.64,CARD,SUCCESS,2026-07-03 17:47:55.570055
T003954,C0431,M0044,7937.69,NET_BANKING,PENDING,2026-08-10 11:02:23.823579
T003955,C0320,M0006,18197.23,WALLET,FAILED,2026-07-25 07:13:59.506493
T003956,C0122,M0047,40263.39,WALLET,SUCCESS,2026-07-27 10:30:12.939230
T003957,C0186,M0001,4165.4,NET_BANKING,SUCCESS,2026-08-04 00:39:25.978563
T003958,C0119,M0044,27953.67,NET_BANKING,SUCCESS,2026-06-27 12:57:24.968740
T003959,C0328,M0010,14130.11,WALLET,SUCCESS,2026-07-26 04:30:41.802258
T003960,C0068,M0019,4210.78,WALLET,SUCCESS,2026-08-23 15:34:17.641631
T003961,C0396,M0027,2110.8,CARD,SUCCESS,2026-08-07 20:12:57.050971
T003962,C0186,M0026,10851.65,UPI,SUCCESS,2026-06-09 18:31:25.173653
T003963,C0093,M0012,47496.62,NET_BANKING,FAILED,2026-07-18 23:47:41.292471
T003964,C0024,M0031,35285.56,CARD,SUCCESS,2026-07-28 19:04:54.205613
T003965,C0110,M0032,45943.47,WALLET,PENDING,2026-08-14 16:18:04.871127
T003966,C0288,M0004,49477.56,NET_BANKING,SUCCESS,2026-07-19 09:50:19.804642
T003967,C0174,M0023,31183.76,CARD,SUCCESS,2026-09-02 15:01:00.767770
T003968,C0114,M0039,24806.58,WALLET,SUCCESS,2026-07-14 06:18:16.765845
T003969,C0233,M0025,10672.93,CARD,SUCCESS,2026-07-25 05:19:08.004948
T003970,C0320,M0016,14354.6,NET_BANKING,SUCCESS,2026-08-22 10:28:21.864640
T003971,C0014,M0027,25948.14,CARD,SUCCESS,2026-07-22 01:08:39.870641
T003972,C0096,M0031,3927.48,WALLET,SUCCESS,2026-08-13 13:08:54.714376
T003973,C0468,M0025,32780.12,UPI,SUCCESS,2026-08-05 00:45:31.160321
T003974,C0384,M0042,20547.78,NET_BANKING,SUCCESS,2026-07-08 15:31:37.235378
T003975,C0353,M0033,4516.97,WALLET,SUCCESS,2026-06-22 03:48:22.677256
T003976,C0074,M0021,48251.7,NET_BANKING,SUCCESS,2026-08-09 19:08:01.570081
T003977,C0202,M0022,26464.47,WALLET,SUCCESS,2026-07-31 03:43:54.283412
T003978,C0013,M0039,15367.33,WALLET,SUCCESS,2026-06-20 04:49:53.180825
T003979,C0243,M0042,11345.65,WALLET,SUCCESS,2026-06-27 00:31:01.166580
T003980,C0454,M0002,43776.6,WALLET,SUCCESS,2026-07-28 00:39:33.804372
T003981,C0247,M0020,18431.53,NET_BANKING,SUCCESS,2026-06-08 19:19:08.703657
T003982,C0259,M0024,49442.74,WALLET,SUCCESS,2026-07-03 17:19:57.951388
T003983,C0142,M0034,16910.75,UPI,SUCCESS,2026-08-31 04:49:17.625960
T003984,C0461,M0043,14157.38,NET_BANKING,SUCCESS,2026-07-14 09:20:33.699018
T003985,C0062,M0006,42336.72,UPI,SUCCESS,2026-07-03 20:19:49.784991
T003986,C0148,M0043,742.88,UPI,SUCCESS,2026-08-02 12:46:37.597110
T003987,C0180,M0008,28000.82,WALLET,SUCCESS,2026-06-13 04:40:26.670362
T003988,C0073,M0016,6776.52,WALLET,PENDING,2026-06-08 14:32:01.775209
T003989,C0179,M0050,15529.47,UPI,SUCCESS,2026-08-07 05:04:00.694950
T003990,C0086,M0032,40059.87,UPI,SUCCESS,2026-07-20 02:22:22.958254
T003991,C0410,M0030,41275.45,WALLET,PENDING,2026-06-23 00:14:40.650370
T003992,C0447,M0022,1020.57,NET_BANKING,SUCCESS,2026-08-05 15:35:09.428584
T003993,C0173,M0008,6301.54,NET_BANKING,SUCCESS,2026-06-24 03:10:54.197829
T003994,C0476,M0032,6608.05,CARD,SUCCESS,2026-06-25 17:45:48.282027
T003995,C0229,M0042,962.42,UPI,SUCCESS,2026-07-07 11:17:43.527406
T003996,C0321,M0019,38983.33,WALLET,SUCCESS,2026-08-29 01:32:03.152716
T003997,C0478,M0012,31672.53,WALLET,PENDING,2026-08-02 10:27:54.556831
T003998,C0012,M0007,4058.3,WALLET,SUCCESS,2026-09-03 04:39:39.322968
T003999,C0250,M0003,24371.86,NET_BANKING,SUCCESS,2026-06-21 16:17:00.273391
T004000,C0100,M0008,45188.08,UPI,SUCCESS,2026-08-12 09:42:38.001366
T004001,C0150,M0035,12704.19,UPI,SUCCESS,2026-08-17 03:54:41.709350
T004002,C0437,M0009,37954.53,CARD,SUCCESS,2026-08-26 23:24:52.755871
T004003,C0184,M0029,2890.25,UPI,FAILED,2026-08-16 16:01:23.363182
T004004,C0046,M0022,29382.68,NET_BANKING,SUCCESS,2026-07-09 16:23:46.489873
T004005,C0166,M0039,29942.75,NET_BANKING,SUCCESS,2026-08-02 08:50:35.597315
T004006,C0040,M0048,27550.88,CARD,PENDING,2026-08-18 14:23:29.618268
T004007,C0003,M0006,27307.84,WALLET,SUCCESS,2026-08-09 01:12:15.027780
T004008,C0051,M0006,31241.94,UPI,FAILED,2026-07-19 01:34:20.156448
T004009,C0430,M0008,35633.55,UPI,SUCCESS,2026-08-28 10:33:35.456743
T004010,C0106,M0028,12138.63,UPI,SUCCESS,2026-06-19 01:40:11.480100
T004011,C0259,M0001,26622.58,UPI,FAILED,2026-08-27 18:52:49.751012
T004012,C0222,M0007,33517.84,UPI,SUCCESS,2026-07-02 22:33:42.126081
T004013,C0009,M0033,14334.81,WALLET,FAILED,2026-08-07 08:04:59.949208
T004014,C0319,M0001,11342.22,UPI,SUCCESS,2026-07-06 04:29:25.914658
T004015,C0224,M0046,1185.06,WALLET,SUCCESS,2026-08-26 08:37:45.008837
T004016,C0030,M0041,40811.93,CARD,PENDING,2026-06-09 21:06:35.686279
T004017,C0240,M0041,42001.44,CARD,SUCCESS,2026-07-09 21:06:31.194906
T004018,C0458,M0036,46282.31,WALLET,SUCCESS,2026-07-30 16:20:50.414530
T004019,C0216,M0037,36521.06,NET_BANKING,SUCCESS,2026-08-24 14:35:48.605698
T004020,C0422,M0048,35846.44,WALLET,SUCCESS,2026-08-26 06:09:15.616984
T004021,C0438,M0006,17656.8,WALLET,SUCCESS,2026-06-17 08:06:01.791730
T004022,C0394,M0038,10533.8,NET_BANKING,SUCCESS,2026-08-21 13:38:55.814204
T004023,C0173,M0017,9590.52,NET_BANKING,SUCCESS,2026-07-13 16:14:42.395650
T004024,C0162,M0021,25648.0,WALLET,FAILED,2026-07-18 14:51:41.008379
T004025,C0253,M0018,6974.03,UPI,SUCCESS,2026-08-23 06:43:20.008406
T004026,C0321,M0023,4043.62,CARD,SUCCESS,2026-08-05 03:28:10.645142
T004027,C0420,M0038,42251.29,NET_BANKING,SUCCESS,2026-07-18 23:13:32.816156
T004028,C0371,M0014,35574.48,UPI,SUCCESS,2026-08-02 13:26:50.584972
T004029,C0114,M0023,33826.58,CARD,SUCCESS,2026-06-29 19:11:35.532637
T004030,C0294,M0011,7240.83,CARD,SUCCESS,2026-06-30 21:02:20.314189
T004031,C0171,M0047,15589.33,WALLET,SUCCESS,2026-07-10 22:00:05.295551
T004032,C0436,M0005,25891.8,CARD,SUCCESS,2026-07-01 08:25:37.098236
T004033,C0209,M0045,28189.27,CARD,SUCCESS,2026-07-22 14:39:14.105773
T004034,C0358,M0039,31699.55,UPI,FAILED,2026-07-26 12:46:22.662196
T004035,C0272,M0015,48314.7,CARD,SUCCESS,2026-06-12 20:34:33.335043
T004036,C0498,M0042,14376.68,CARD,SUCCESS,2026-06-29 06:45:49.363570
T004037,C0322,M0040,8077.13,WALLET,SUCCESS,2026-07-20 13:54:51.193200
T004038,C0397,M0030,8344.53,CARD,SUCCESS,2026-07-09 16:03:05.528068
T004039,C0207,M0011,41109.6,UPI,SUCCESS,2026-07-24 16:19:55.258830
T004040,C0037,M0018,32767.47,WALLET,FAILED,2026-07-10 02:47:05.347549
T004041,C0160,M0010,22531.23,NET_BANKING,SUCCESS,2026-09-01 20:43:30.928358
T004042,C0261,M0015,38075.04,UPI,SUCCESS,2026-08-11 22:32:20.040121
T004043,C0052,M0012,24037.24,UPI,SUCCESS,2026-06-17 08:31:12.883230
T004044,C0425,M0004,45939.18,WALLET,SUCCESS,2026-09-05 08:49:01.464069
T004045,C0413,M0026,17681.57,CARD,SUCCESS,2026-08-15 04:42:22.542875
T004046,C0121,M0002,9556.93,UPI,SUCCESS,2026-06-25 19:35:03.513588
T004047,C0183,M0007,47289.23,NET_BANKING,SUCCESS,2026-08-12 17:48:46.446007
T004048,C0432,M0025,16711.22,WALLET,FAILED,2026-09-01 18:06:26.527024
T004049,C0364,M0043,49494.6,NET_BANKING,SUCCESS,2026-08-31 21:50:02.252234
T004050,C0165,M0004,27179.49,CARD,SUCCESS,2026-08-27 14:20:59.067841
T004051,C0469,M0001,14539.32,UPI,SUCCESS,2026-07-02 10:00:15.912438
T004052,C0092,M0044,23172.06,WALLET,SUCCESS,2026-06-20 09:25:53.802169
T004053,C0292,M0015,33600.86,CARD,SUCCESS,2026-09-01 18:05:54.579235
T004054,C0208,M0024,34833.6,NET_BANKING,SUCCESS,2026-06-24 07:50:27.325333
T004055,C0379,M0045,8471.36,NET_BANKING,FAILED,2026-07-30 07:47:51.000718
T004056,C0187,M0014,10694.66,NET_BANKING,SUCCESS,2026-06-20 22:10:05.196071
T004057,C0098,M0028,34430.36,UPI,SUCCESS,2026-06-29 23:56:30.758005
T004058,C0184,M0021,9941.29,WALLET,SUCCESS,2026-07-30 21:34:07.245698
T004059,C0055,M0023,23766.44,WALLET,FAILED,2026-09-04 21:20:25.518141
T004060,C0361,M0008,27063.16,NET_BANKING,SUCCESS,2026-07-07 14:28:36.187999
T004061,C0354,M0046,48385.21,UPI,SUCCESS,2026-07-01 12:47:18.967497
T004062,C0239,M0044,47697.74,UPI,SUCCESS,2026-07-05 05:40:10.720586
T004063,C0377,M0012,16175.11,WALLET,SUCCESS,2026-08-17 00:30:36.012700
T004064,C0169,M0005,27108.27,NET_BANKING,SUCCESS,2026-06-10 20:13:27.688271
T004065,C0350,M0032,15160.69,CARD,SUCCESS,2026-08-18 22:28:56.629234
T004066,C0186,M0021,18379.36,NET_BANKING,SUCCESS,2026-08-14 20:22:41.801372
T004067,C0278,M0018,28263.3,UPI,SUCCESS,2026-08-28 20:33:19.270329
T004068,C0100,M0040,43833.18,WALLET,SUCCESS,2026-08-08 16:04:37.439465
T004069,C0346,M0016,27703.54,WALLET,SUCCESS,2026-08-16 06:42:10.127051
T004070,C0067,M0043,8406.09,CARD,SUCCESS,2026-08-22 10:42:37.171583
T004071,C0253,M0031,28319.88,UPI,SUCCESS,2026-08-14 20:30:29.367263
T004072,C0364,M0026,9602.4,UPI,SUCCESS,2026-07-02 04:00:17.015602
T004073,C0433,M0033,41639.07,NET_BANKING,SUCCESS,2026-07-01 02:08:18.480182
T004074,C0029,M0006,30095.41,UPI,SUCCESS,2026-09-05 11:39:08.169025
T004075,C0014,M0050,27189.15,WALLET,SUCCESS,2026-07-31 21:43:22.322373
T004076,C0033,M0031,6596.28,CARD,SUCCESS,2026-07-04 04:05:30.570902
T004077,C0074,M0041,40090.6,UPI,SUCCESS,2026-07-25 07:25:10.549548
T004078,C0071,M0026,25606.61,CARD,SUCCESS,2026-08-18 19:40:09.627370
T004079,C0434,M0047,46145.04,UPI,SUCCESS,2026-08-18 13:26:03.822016
T004080,C0153,M0030,45277.78,CARD,FAILED,2026-06-25 01:59:14.156055
T004081,C0418,M0004,25045.7,WALLET,SUCCESS,2026-07-17 15:51:17.856877
T004082,C0008,M0030,25473.04,WALLET,SUCCESS,2026-08-16 18:26:34.699713
T004083,C0126,M0035,44393.84,CARD,SUCCESS,2026-06-19 15:41:31.869147
T004084,C0300,M0016,16850.5,UPI,SUCCESS,2026-08-19 23:40:45.878290
T004085,C0212,M0020,35903.51,CARD,SUCCESS,2026-08-16 01:44:26.013693
T004086,C0118,M0005,20440.46,UPI,SUCCESS,2026-08-31 13:53:02.727265
T004087,C0068,M0019,19789.8,NET_BANKING,FAILED,2026-08-02 09:57:49.111361
T004088,C0237,M0037,23389.19,CARD,SUCCESS,2026-08-30 02:16:53.065241
T004089,C0290,M0033,11376.55,NET_BANKING,SUCCESS,2026-08-04 02:50:09.740370
T004090,C0498,M0004,23048.91,UPI,SUCCESS,2026-06-10 01:39:28.745332
T004091,C0360,M0014,33174.95,UPI,SUCCESS,2026-06-26 01:30:44.960430
T004092,C0302,M0009,3741.07,WALLET,SUCCESS,2026-09-04 06:03:45.549961
T004093,C0125,M0024,47323.19,NET_BANKING,SUCCESS,2026-08-06 05:38:03.748385
T004094,C0337,M0045,27019.14,CARD,SUCCESS,2026-07-13 16:15:25.252970
T004095,C0201,M0031,28020.28,UPI,SUCCESS,2026-06-10 04:12:56.469538
T004096,C0166,M0013,45215.63,UPI,SUCCESS,2026-06-13 10:58:45.519279
T004097,C0171,M0028,3458.3,NET_BANKING,SUCCESS,2026-08-17 21:42:53.023952
T004098,C0440,M0025,31067.19,CARD,SUCCESS,2026-06-21 23:24:29.604941
T004099,C0089,M0020,28515.21,NET_BANKING,FAILED,2026-07-14 17:32:52.589556
T004100,C0193,M0029,34948.67,UPI,SUCCESS,2026-06-24 15:11:11.151546
T004101,C0416,M0032,38863.35,WALLET,SUCCESS,2026-08-26 09:48:36.095283
T004102,C0209,M0027,25760.45,NET_BANKING,SUCCESS,2026-06-17 02:49:33.944110
T004103,C0069,M0021,26818.31,UPI,SUCCESS,2026-07-27 03:40:48.396000
T004104,C0326,M0003,1941.86,NET_BANKING,SUCCESS,2026-08-01 11:04:16.749191
T004105,C0292,M0029,13016.86,NET_BANKING,SUCCESS,2026-06-20 12:57:32.890074
T004106,C0444,M0048,10090.18,UPI,SUCCESS,2026-08-28 04:27:37.464495
T004107,C0362,M0043,25472.63,CARD,SUCCESS,2026-08-15 09:32:05.787425
T004108,C0285,M0023,45274.47,UPI,SUCCESS,2026-06-11 15:23:08.061247
T004109,C0037,M0027,21493.62,WALLET,SUCCESS,2026-06-24 13:37:56.948912
T004110,C0481,M0011,15806.96,WALLET,SUCCESS,2026-07-24 17:59:54.494340
T004111,C0212,M0010,28849.38,CARD,SUCCESS,2026-07-12 19:11:39.634324
T004112,C0170,M0031,45542.56,UPI,SUCCESS,2026-06-13 10:53:17.471854
T004113,C0319,M0006,15612.66,CARD,SUCCESS,2026-07-11 07:07:11.817738
T004114,C0382,M0009,4839.68,WALLET,FAILED,2026-08-15 11:55:43.307025
T004115,C0249,M0001,49293.93,CARD,SUCCESS,2026-06-24 05:01:33.742776
T004116,C0423,M0012,27134.78,WALLET,SUCCESS,2026-09-02 06:33:43.547801
T004117,C0372,M0042,19322.72,NET_BANKING,SUCCESS,2026-07-25 05:25:38.690802
T004118,C0103,M0005,15069.27,UPI,SUCCESS,2026-08-03 05:43:21.669917
T004119,C0214,M0030,45390.73,UPI,FAILED,2026-08-19 20:01:21.686812
T004120,C0230,M0011,5556.25,NET_BANKING,SUCCESS,2026-06-28 04:08:43.992494
T004121,C0235,M0024,11068.54,UPI,SUCCESS,2026-06-12 13:29:53.186664
T004122,C0131,M0011,15607.5,NET_BANKING,SUCCESS,2026-07-24 07:12:16.131989
T004123,C0018,M0014,20058.15,CARD,FAILED,2026-06-13 01:01:48.072853
T004124,C0143,M0033,27425.5,CARD,SUCCESS,2026-06-10 09:53:46.247082
T004125,C0420,M0036,39722.11,CARD,SUCCESS,2026-07-31 03:58:52.061576
T004126,C0165,M0012,48204.1,CARD,SUCCESS,2026-08-01 18:25:48.993434
T004127,C0092,M0016,48411.88,WALLET,SUCCESS,2026-07-11 10:16:20.547171
T004128,C0303,M0006,7385.53,UPI,SUCCESS,2026-09-02 01:27:25.283357
T004129,C0319,M0015,20036.57,WALLET,SUCCESS,2026-07-28 01:23:55.069526
T004130,C0438,M0013,643.23,NET_BANKING,SUCCESS,2026-08-20 06:35:40.352682
T004131,C0495,M0014,41828.67,CARD,SUCCESS,2026-06-10 17:07:35.125499
T004132,C0082,M0018,22836.37,UPI,SUCCESS,2026-07-05 12:26:50.653812
T004133,C0422,M0017,11209.02,UPI,SUCCESS,2026-06-18 23:26:50.945950
T004134,C0068,M0029,47898.02,NET_BANKING,SUCCESS,2026-06-17 05:28:18.874807
T004135,C0358,M0004,33823.43,WALLET,SUCCESS,2026-09-05 10:42:54.259507
T004136,C0360,M0015,34011.94,WALLET,SUCCESS,2026-08-04 04:15:31.004102
T004137,C0186,M0006,45372.44,UPI,SUCCESS,2026-08-05 15:13:01.951672
T004138,C0330,M0002,31664.04,CARD,SUCCESS,2026-08-09 09:45:13.343715
T004139,C0018,M0006,47393.46,UPI,FAILED,2026-07-14 04:56:31.145319
T004140,C0488,M0037,49754.15,NET_BANKING,SUCCESS,2026-08-21 16:20:28.498136
T004141,C0429,M0011,30890.7,WALLET,SUCCESS,2026-06-18 02:13:01.357683
T004142,C0217,M0007,7860.28,CARD,SUCCESS,2026-06-28 05:09:48.219824
T004143,C0024,M0044,5645.67,UPI,FAILED,2026-08-25 16:55:39.363161
T004144,C0280,M0043,22445.55,NET_BANKING,SUCCESS,2026-08-09 13:09:49.133551
T004145,C0026,M0017,20270.95,UPI,SUCCESS,2026-08-29 07:34:32.808641
T004146,C0017,M0042,38465.15,NET_BANKING,SUCCESS,2026-07-18 14:51:53.817670
T004147,C0358,M0019,6617.97,UPI,FAILED,2026-08-28 02:14:00.508161
T004148,C0461,M0021,5063.89,WALLET,SUCCESS,2026-06-13 18:06:28.121396
T004149,C0253,M0030,49173.65,WALLET,SUCCESS,2026-07-21 02:27:20.840108
T004150,C0381,M0017,34028.46,NET_BANKING,PENDING,2026-08-09 22:49:58.716187
T004151,C0050,M0001,6547.74,NET_BANKING,SUCCESS,2026-07-10 08:57:37.053075
T004152,C0100,M0026,486.95,NET_BANKING,SUCCESS,2026-07-26 05:30:54.050676
T004153,C0332,M0034,43294.21,UPI,SUCCESS,2026-08-28 21:35:16.853757
T004154,C0450,M0042,42632.47,NET_BANKING,SUCCESS,2026-08-17 14:54:12.741294
T004155,C0286,M0022,21481.92,UPI,PENDING,2026-07-04 06:15:24.591303
T004156,C0360,M0038,40897.8,UPI,SUCCESS,2026-08-10 13:19:02.929052
T004157,C0174,M0013,34770.0,WALLET,SUCCESS,2026-08-04 18:08:23.490143
T004158,C0058,M0022,43437.58,UPI,SUCCESS,2026-07-04 08:50:24.078949
T004159,C0436,M0020,31742.31,UPI,SUCCESS,2026-08-03 00:33:06.688276
T004160,C0174,M0024,24441.71,NET_BANKING,SUCCESS,2026-06-22 17:51:35.826903
T004161,C0414,M0035,17512.51,WALLET,SUCCESS,2026-06-18 23:38:49.377812
T004162,C0268,M0012,5921.42,WALLET,SUCCESS,2026-06-11 03:38:12.238476
T004163,C0240,M0021,9127.82,CARD,SUCCESS,2026-07-02 16:44:11.406718
T004164,C0171,M0012,10221.52,UPI,SUCCESS,2026-08-14 20:25:47.504519
T004165,C0192,M0003,7891.94,UPI,SUCCESS,2026-07-05 16:15:40.374375
T004166,C0013,M0017,11913.92,UPI,SUCCESS,2026-06-11 05:58:23.069720
T004167,C0458,M0011,1118.59,NET_BANKING,PENDING,2026-09-01 03:11:16.927004
T004168,C0482,M0037,14342.27,UPI,SUCCESS,2026-08-18 04:42:42.640348
T004169,C0179,M0027,30288.1,CARD,SUCCESS,2026-08-14 13:17:40.733762
T004170,C0488,M0001,33629.91,NET_BANKING,SUCCESS,2026-08-29 22:07:01.641900
T004171,C0028,M0044,29014.14,UPI,SUCCESS,2026-08-12 22:14:35.147621
T004172,C0494,M0017,49184.04,WALLET,SUCCESS,2026-07-25 22:20:22.952175
T004173,C0326,M0017,38729.7,CARD,SUCCESS,2026-08-24 14:12:29.953944
T004174,C0255,M0009,24135.1,WALLET,SUCCESS,2026-08-07 18:23:49.331974
T004175,C0439,M0007,3420.99,NET_BANKING,SUCCESS,2026-08-18 22:28:00.524013
T004176,C0208,M0009,26329.26,NET_BANKING,SUCCESS,2026-06-23 02:42:34.511155
T004177,C0150,M0017,4769.47,WALLET,SUCCESS,2026-07-16 17:04:11.237346
T004178,C0395,M0025,30699.83,UPI,SUCCESS,2026-09-04 01:42:52.402957
T004179,C0207,M0007,8302.45,WALLET,SUCCESS,2026-08-29 16:50:48.704231
T004180,C0300,M0010,1994.44,NET_BANKING,SUCCESS,2026-07-14 20:59:30.594749
T004181,C0292,M0032,2820.01,UPI,FAILED,2026-07-11 04:28:50.131260
T004182,C0182,M0039,48266.18,WALLET,SUCCESS,2026-06-19 00:09:31.804144
T004183,C0136,M0025,25963.59,WALLET,SUCCESS,2026-06-09 19:38:39.734479
T004184,C0017,M0032,47961.17,WALLET,SUCCESS,2026-09-03 17:43:11.489453
T004185,C0371,M0037,30467.78,NET_BANKING,SUCCESS,2026-06-14 00:47:09.507505
T004186,C0400,M0027,46753.36,CARD,SUCCESS,2026-07-30 01:18:26.058738
T004187,C0268,M0021,4563.07,WALLET,SUCCESS,2026-06-30 08:40:29.209063
T004188,C0444,M0033,43742.36,WALLET,SUCCESS,2026-06-17 02:05:02.193163
T004189,C0201,M0043,46647.54,NET_BANKING,SUCCESS,2026-08-10 13:15:33.608698
T004190,C0068,M0016,33082.11,CARD,SUCCESS,2026-07-23 03:50:07.562861
T004191,C0109,M0043,6645.37,CARD,FAILED,2026-07-08 10:31:16.765762
T004192,C0123,M0014,174.52,UPI,SUCCESS,2026-06-10 12:20:43.706181
T004193,C0415,M0043,25193.85,WALLET,SUCCESS,2026-09-05 17:49:31.168523
T004194,C0428,M0013,2253.08,CARD,SUCCESS,2026-08-22 03:31:26.985682
T004195,C0143,M0024,10005.22,WALLET,SUCCESS,2026-06-26 11:14:46.410297
T004196,C0423,M0006,14638.22,NET_BANKING,SUCCESS,2026-07-04 16:55:27.566099
T004197,C0131,M0044,43967.8,NET_BANKING,SUCCESS,2026-08-27 06:10:59.972955
T004198,C0480,M0002,25985.88,UPI,FAILED,2026-08-27 09:04:25.320274
T004199,C0295,M0047,8952.84,UPI,SUCCESS,2026-08-23 17:31:39.968746
T004200,C0221,M0028,20854.3,UPI,SUCCESS,2026-07-28 00:35:07.976328
T004201,C0024,M0005,21782.1,NET_BANKING,FAILED,2026-08-09 00:00:05.028073
T004202,C0137,M0042,9478.18,UPI,SUCCESS,2026-07-19 01:22:04.496839
T004203,C0172,M0036,27531.49,NET_BANKING,SUCCESS,2026-06-21 19:44:59.293781
T004204,C0268,M0024,39838.93,CARD,SUCCESS,2026-08-10 19:11:22.397055
T004205,C0471,M0047,29871.14,NET_BANKING,SUCCESS,2026-07-05 07:15:27.913163
T004206,C0009,M0036,24657.38,UPI,SUCCESS,2026-08-05 17:53:06.444514
T004207,C0001,M0012,1416.18,UPI,FAILED,2026-08-01 21:28:22.497500
T004208,C0253,M0043,17765.82,CARD,SUCCESS,2026-06-10 00:02:51.174561
T004209,C0011,M0041,29122.67,NET_BANKING,SUCCESS,2026-07-27 06:38:07.758538
T004210,C0202,M0042,11970.13,CARD,SUCCESS,2026-08-29 02:38:07.954873
T004211,C0174,M0014,24919.79,WALLET,SUCCESS,2026-06-29 10:38:13.578440
T004212,C0485,M0021,15446.45,NET_BANKING,SUCCESS,2026-07-22 01:21:47.246107
T004213,C0114,M0027,23799.67,NET_BANKING,SUCCESS,2026-09-03 10:25:03.189693
T004214,C0153,M0001,15384.75,CARD,FAILED,2026-06-17 20:58:39.788179
T004215,C0497,M0035,16679.51,UPI,SUCCESS,2026-08-26 23:41:15.010855
T004216,C0435,M0006,6415.95,UPI,SUCCESS,2026-07-16 04:55:42.482429
T004217,C0469,M0039,43551.57,WALLET,FAILED,2026-06-20 21:14:13.531498
T004218,C0280,M0026,8044.63,NET_BANKING,SUCCESS,2026-08-04 10:32:37.707064
T004219,C0421,M0038,4537.95,UPI,SUCCESS,2026-07-24 04:04:32.997692
T004220,C0437,M0018,34734.48,WALLET,SUCCESS,2026-08-16 16:13:22.516776
T004221,C0494,M0013,38913.84,NET_BANKING,SUCCESS,2026-08-26 08:20:46.692598
T004222,C0214,M0006,48592.99,NET_BANKING,SUCCESS,2026-08-19 19:17:11.102171
T004223,C0189,M0025,13565.41,CARD,SUCCESS,2026-06-23 01:51:21.242542
T004224,C0309,M0045,29041.26,WALLET,SUCCESS,2026-06-20 18:29:41.652400
T004225,C0030,M0028,15319.51,UPI,FAILED,2026-07-25 21:32:08.385268
T004226,C0226,M0016,29584.06,CARD,SUCCESS,2026-06-14 01:50:44.090287
T004227,C0400,M0036,18236.28,NET_BANKING,SUCCESS,2026-08-13 17:19:28.974712
T004228,C0477,M0034,2011.52,CARD,FAILED,2026-08-24 08:37:44.214521
T004229,C0016,M0049,3303.67,WALLET,SUCCESS,2026-06-29 22:59:25.344032
T004230,C0341,M0032,11924.73,NET_BANKING,SUCCESS,2026-07-26 07:31:48.271100
T004231,C0077,M0041,8479.97,WALLET,FAILED,2026-08-29 17:43:44.942913
T004232,C0155,M0022,23827.93,UPI,SUCCESS,2026-08-30 20:36:25.171875
T004233,C0342,M0010,43295.09,WALLET,FAILED,2026-06-17 15:31:22.033247
T004234,C0099,M0002,24902.6,NET_BANKING,SUCCESS,2026-08-14 04:13:16.383687
T004235,C0132,M0030,30382.89,WALLET,SUCCESS,2026-06-29 05:16:39.631850
T004236,C0104,M0022,19707.07,WALLET,SUCCESS,2026-07-22 16:25:25.035810
T004237,C0278,M0042,48533.39,WALLET,SUCCESS,2026-08-22 19:48:08.105637
T004238,C0023,M0025,31796.58,CARD,SUCCESS,2026-07-31 10:53:22.177778
T004239,C0216,M0031,28778.4,WALLET,SUCCESS,2026-07-02 03:27:22.542962
T004240,C0331,M0021,48309.96,UPI,SUCCESS,2026-06-30 17:26:50.967181
T004241,C0022,M0025,44389.8,UPI,SUCCESS,2026-06-14 10:34:46.694320
T004242,C0235,M0007,49122.31,NET_BANKING,SUCCESS,2026-07-17 17:20:52.772018
T004243,C0048,M0048,38838.76,NET_BANKING,SUCCESS,2026-08-26 10:23:43.822402
T004244,C0150,M0013,45678.39,NET_BANKING,SUCCESS,2026-06-11 21:07:11.832407
T004245,C0282,M0002,16178.94,WALLET,SUCCESS,2026-08-26 05:41:57.998914
T004246,C0324,M0046,23918.22,UPI,SUCCESS,2026-08-15 16:37:15.982760
T004247,C0221,M0017,9259.08,WALLET,FAILED,2026-06-26 02:55:03.352139
T004248,C0165,M0045,9103.83,UPI,SUCCESS,2026-08-04 09:27:46.702424
T004249,C0218,M0019,39918.57,WALLET,SUCCESS,2026-08-15 12:20:02.204214
T004250,C0085,M0050,27675.25,CARD,SUCCESS,2026-07-26 00:59:57.483417
T004251,C0186,M0042,46189.98,NET_BANKING,PENDING,2026-06-11 05:23:59.208374
T004252,C0114,M0036,47178.79,UPI,SUCCESS,2026-07-02 13:34:26.360439
T004253,C0316,M0008,42541.92,CARD,SUCCESS,2026-08-11 14:46:30.102564
T004254,C0411,M0025,20851.93,UPI,SUCCESS,2026-08-24 11:21:26.929894
T004255,C0192,M0031,685.13,WALLET,SUCCESS,2026-08-15 11:07:18.208514
T004256,C0349,M0023,22009.93,CARD,SUCCESS,2026-07-04 05:53:49.381981
T004257,C0195,M0021,34114.63,CARD,SUCCESS,2026-06-26 10:45:39.952430
T004258,C0384,M0031,24829.95,WALLET,SUCCESS,2026-06-15 03:10:37.026465
T004259,C0316,M0049,37254.67,NET_BANKING,SUCCESS,2026-07-26 00:44:51.907917
T004260,C0082,M0021,909.74,WALLET,SUCCESS,2026-07-23 16:18:57.861779
T004261,C0307,M0012,27544.29,UPI,SUCCESS,2026-07-26 21:52:03.637701
T004262,C0086,M0029,9543.97,NET_BANKING,SUCCESS,2026-07-05 09:48:25.627014
T004263,C0373,M0033,32374.9,UPI,SUCCESS,2026-08-12 14:14:31.324927
T004264,C0053,M0045,48808.05,UPI,SUCCESS,2026-06-12 03:00:18.873749
T004265,C0261,M0033,37183.78,NET_BANKING,PENDING,2026-06-27 13:46:41.616216
T004266,C0163,M0021,6088.17,UPI,SUCCESS,2026-07-20 02:06:40.346786
T004267,C0179,M0021,10668.07,WALLET,SUCCESS,2026-06-16 13:54:32.838386
T004268,C0161,M0022,29929.73,NET_BANKING,SUCCESS,2026-06-28 10:55:39.924878
T004269,C0129,M0022,24866.13,UPI,SUCCESS,2026-08-21 07:38:11.242545
T004270,C0195,M0018,49702.79,CARD,SUCCESS,2026-07-12 08:28:25.647651
T004271,C0252,M0004,6810.9,UPI,SUCCESS,2026-08-24 08:01:18.790590
T004272,C0108,M0042,23809.09,WALLET,SUCCESS,2026-06-24 23:56:54.935732
T004273,C0225,M0032,36632.95,UPI,SUCCESS,2026-08-17 16:22:32.207489
T004274,C0465,M0019,9661.93,WALLET,SUCCESS,2026-07-29 05:34:08.232261
T004275,C0339,M0007,40272.15,CARD,SUCCESS,2026-08-20 23:50:38.202707
T004276,C0177,M0019,32775.46,NET_BANKING,SUCCESS,2026-07-04 09:14:47.700613
T004277,C0225,M0041,35378.09,CARD,SUCCESS,2026-08-08 00:48:21.265569
T004278,C0029,M0027,5617.84,UPI,SUCCESS,2026-08-19 17:22:05.033409
T004279,C0399,M0003,26632.6,WALLET,SUCCESS,2026-07-08 20:13:33.714538
T004280,C0498,M0001,11678.34,UPI,SUCCESS,2026-08-17 01:12:06.201475
T004281,C0142,M0007,47800.07,NET_BANKING,SUCCESS,2026-08-18 14:14:21.050919
T004282,C0384,M0041,13100.14,CARD,SUCCESS,2026-07-16 19:18:10.466754
T004283,C0326,M0049,7970.65,NET_BANKING,PENDING,2026-06-10 11:14:42.146154
T004284,C0013,M0012,10961.78,WALLET,SUCCESS,2026-08-02 22:45:18.828267
T004285,C0326,M0024,33729.97,NET_BANKING,SUCCESS,2026-08-05 14:15:58.562229
T004286,C0203,M0044,6211.09,NET_BANKING,FAILED,2026-08-28 23:36:25.137399
T004287,C0096,M0028,30807.34,WALLET,SUCCESS,2026-08-30 15:56:41.824665
T004288,C0175,M0049,27458.17,WALLET,SUCCESS,2026-08-14 07:20:02.998914
T004289,C0028,M0038,34704.98,UPI,SUCCESS,2026-06-11 06:16:05.359829
T004290,C0091,M0002,38462.86,WALLET,SUCCESS,2026-06-12 19:19:27.290872
T004291,C0475,M0023,20059.92,UPI,SUCCESS,2026-08-29 16:51:18.323724
T004292,C0411,M0002,30136.21,WALLET,SUCCESS,2026-08-19 12:32:58.892205
T004293,C0246,M0006,32510.29,UPI,SUCCESS,2026-08-17 00:09:11.463203
T004294,C0321,M0004,26967.98,NET_BANKING,SUCCESS,2026-08-08 17:20:04.694212
T004295,C0170,M0019,42506.04,NET_BANKING,SUCCESS,2026-08-29 11:42:05.235546
T004296,C0092,M0049,28077.35,CARD,SUCCESS,2026-06-21 08:23:14.995350
T004297,C0222,M0011,26720.62,WALLET,SUCCESS,2026-08-09 04:08:19.004080
T004298,C0189,M0042,10695.13,UPI,SUCCESS,2026-08-15 16:36:09.235473
T004299,C0017,M0044,47531.49,CARD,SUCCESS,2026-08-31 03:34:07.505830
T004300,C0465,M0049,46335.31,WALLET,SUCCESS,2026-09-02 15:59:01.582493
T004301,C0335,M0040,36727.97,CARD,SUCCESS,2026-08-20 02:42:18.052775
T004302,C0012,M0049,10783.95,UPI,FAILED,2026-06-15 02:08:02.281076
T004303,C0500,M0015,41328.8,UPI,FAILED,2026-06-09 04:21:16.852174
T004304,C0012,M0019,43209.98,CARD,SUCCESS,2026-07-29 20:52:00.958686
T004305,C0236,M0043,5265.7,NET_BANKING,SUCCESS,2026-08-01 02:51:42.767564
T004306,C0342,M0011,31582.7,WALLET,SUCCESS,2026-06-09 06:55:26.108668
T004307,C0411,M0036,14070.04,NET_BANKING,SUCCESS,2026-08-27 15:19:16.922372
T004308,C0015,M0028,14005.03,NET_BANKING,SUCCESS,2026-06-28 20:50:49.767351
T004309,C0470,M0004,17548.64,UPI,SUCCESS,2026-07-26 16:09:48.612988
T004310,C0141,M0037,49810.72,CARD,SUCCESS,2026-07-07 06:49:00.297610
T004311,C0461,M0001,9840.44,UPI,SUCCESS,2026-09-02 10:17:20.416369
T004312,C0302,M0011,9408.56,UPI,SUCCESS,2026-07-04 17:31:06.891426
T004313,C0235,M0037,12031.67,NET_BANKING,SUCCESS,2026-07-12 06:26:15.472583
T004314,C0431,M0033,24250.31,CARD,SUCCESS,2026-06-25 04:15:15.248430
T004315,C0329,M0002,12308.81,WALLET,SUCCESS,2026-08-19 21:37:12.607680
T004316,C0471,M0005,49973.28,CARD,SUCCESS,2026-06-10 05:50:47.948693
T004317,C0480,M0025,28328.22,NET_BANKING,SUCCESS,2026-07-25 01:17:01.025631
T004318,C0492,M0037,47265.36,NET_BANKING,SUCCESS,2026-07-12 00:26:04.711272
T004319,C0338,M0003,34227.83,WALLET,SUCCESS,2026-08-07 21:37:28.981358
T004320,C0276,M0015,10259.49,WALLET,SUCCESS,2026-07-05 09:35:02.024914
T004321,C0308,M0014,1138.89,NET_BANKING,SUCCESS,2026-07-02 03:34:54.824174
T004322,C0150,M0032,31695.4,CARD,SUCCESS,2026-06-30 09:55:07.931967
T004323,C0346,M0025,24060.34,NET_BANKING,SUCCESS,2026-07-25 15:55:27.098337
T004324,C0391,M0031,24112.92,CARD,SUCCESS,2026-08-19 09:12:16.476695
T004325,C0305,M0011,38717.57,CARD,SUCCESS,2026-06-24 18:08:49.992883
T004326,C0339,M0050,39242.5,CARD,SUCCESS,2026-06-08 07:21:09.490404
T004327,C0034,M0046,47532.19,NET_BANKING,FAILED,2026-06-08 06:04:05.182658
T004328,C0128,M0021,29643.91,NET_BANKING,SUCCESS,2026-06-17 15:36:50.742927
T004329,C0442,M0029,6687.74,WALLET,SUCCESS,2026-06-24 09:35:54.096287
T004330,C0002,M0040,13164.16,NET_BANKING,SUCCESS,2026-07-10 18:04:27.779261
T004331,C0341,M0004,19389.61,UPI,SUCCESS,2026-07-19 19:35:22.084948
T004332,C0177,M0013,36260.23,CARD,SUCCESS,2026-08-27 01:40:24.007192
T004333,C0354,M0004,17085.91,WALLET,SUCCESS,2026-07-11 07:26:21.419213
T004334,C0014,M0010,20261.48,NET_BANKING,SUCCESS,2026-07-13 23:27:51.724910
T004335,C0063,M0020,451.3,CARD,FAILED,2026-08-02 20:32:51.629633
T004336,C0062,M0038,27141.03,UPI,SUCCESS,2026-08-08 21:42:38.288800
T004337,C0162,M0008,27093.39,UPI,SUCCESS,2026-06-18 21:24:44.293247
T004338,C0079,M0040,24983.48,WALLET,FAILED,2026-06-26 11:11:27.262537
T004339,C0416,M0044,14851.12,CARD,SUCCESS,2026-08-06 09:48:39.330809
T004340,C0022,M0034,37446.02,WALLET,SUCCESS,2026-07-15 05:04:45.386122
T004341,C0470,M0001,45214.37,NET_BANKING,SUCCESS,2026-08-03 15:28:47.959441
T004342,C0243,M0017,21678.75,CARD,SUCCESS,2026-08-19 03:43:51.246949
T004343,C0200,M0013,38539.22,CARD,SUCCESS,2026-06-12 04:05:08.451749
T004344,C0197,M0048,29750.97,CARD,SUCCESS,2026-08-20 01:04:04.572175
T004345,C0242,M0008,23677.0,CARD,SUCCESS,2026-06-29 13:40:45.549406
T004346,C0004,M0049,29031.55,CARD,SUCCESS,2026-08-08 18:22:43.163521
T004347,C0111,M0018,43064.33,CARD,SUCCESS,2026-09-04 13:15:48.960651
T004348,C0144,M0022,28124.6,CARD,SUCCESS,2026-08-09 05:51:48.877486
T004349,C0346,M0019,46378.43,CARD,SUCCESS,2026-08-22 01:49:51.205658
T004350,C0259,M0041,1005.95,NET_BANKING,SUCCESS,2026-07-02 11:19:14.846182
T004351,C0189,M0034,15002.42,NET_BANKING,FAILED,2026-07-15 12:18:48.718913
T004352,C0258,M0007,25076.73,WALLET,FAILED,2026-08-12 05:16:57.733753
T004353,C0412,M0024,4264.7,NET_BANKING,SUCCESS,2026-06-15 19:48:19.149886
T004354,C0320,M0006,26635.21,CARD,SUCCESS,2026-08-28 12:03:24.831832
T004355,C0197,M0046,45431.09,CARD,SUCCESS,2026-06-18 13:49:21.244232
T004356,C0436,M0006,19686.96,NET_BANKING,SUCCESS,2026-07-19 13:44:13.969713
T004357,C0242,M0048,41670.73,CARD,FAILED,2026-09-04 00:09:39.375641
T004358,C0267,M0002,45680.43,CARD,SUCCESS,2026-08-15 08:08:43.439059
T004359,C0075,M0004,4238.08,CARD,SUCCESS,2026-06-18 21:02:25.591188
T004360,C0353,M0042,34271.4,UPI,SUCCESS,2026-08-06 15:36:11.074601
T004361,C0078,M0011,43515.31,WALLET,SUCCESS,2026-08-21 17:36:20.925549
T004362,C0173,M0008,8983.56,UPI,SUCCESS,2026-08-16 01:13:06.391658
T004363,C0145,M0002,1109.11,CARD,FAILED,2026-09-01 19:44:05.076215
T004364,C0123,M0029,9900.08,CARD,SUCCESS,2026-07-18 10:46:22.079639
T004365,C0479,M0026,36415.2,NET_BANKING,SUCCESS,2026-08-31 15:24:13.829956
T004366,C0333,M0043,1192.09,WALLET,SUCCESS,2026-06-14 07:48:45.418553
T004367,C0360,M0014,15188.45,NET_BANKING,SUCCESS,2026-08-26 05:00:11.840961
T004368,C0145,M0022,16489.05,NET_BANKING,SUCCESS,2026-08-29 03:21:16.310060
T004369,C0002,M0025,25654.62,CARD,FAILED,2026-06-10 01:02:02.875468
T004370,C0500,M0050,36651.8,WALLET,SUCCESS,2026-06-23 10:55:45.972589
T004371,C0269,M0004,20530.01,WALLET,SUCCESS,2026-07-03 05:38:29.895075
T004372,C0352,M0043,29246.59,WALLET,SUCCESS,2026-08-18 22:05:15.164780
T004373,C0135,M0044,34485.24,CARD,SUCCESS,2026-08-22 22:11:58.910943
T004374,C0070,M0009,5657.73,NET_BANKING,SUCCESS,2026-07-03 18:03:53.266303
T004375,C0334,M0015,43911.03,UPI,PENDING,2026-08-28 05:55:55.609055
T004376,C0170,M0050,9554.03,NET_BANKING,SUCCESS,2026-07-30 17:03:04.540882
T004377,C0266,M0028,23134.44,UPI,SUCCESS,2026-07-21 22:32:14.524382
T004378,C0002,M0004,47378.29,WALLET,SUCCESS,2026-06-18 06:00:55.100368
T004379,C0157,M0033,45696.69,WALLET,SUCCESS,2026-06-26 19:25:52.547615
T004380,C0456,M0012,29599.03,CARD,SUCCESS,2026-07-20 03:54:35.320639
T004381,C0217,M0014,28906.89,NET_BANKING,SUCCESS,2026-08-09 10:27:27.365987
T004382,C0495,M0042,36591.35,WALLET,SUCCESS,2026-07-27 02:32:08.991701
T004383,C0242,M0025,4024.77,CARD,SUCCESS,2026-06-24 11:32:42.837761
T004384,C0268,M0001,21632.83,CARD,FAILED,2026-06-25 10:36:13.667030
T004385,C0029,M0041,38185.16,WALLET,FAILED,2026-07-27 18:22:10.117035
T004386,C0146,M0045,18788.65,CARD,SUCCESS,2026-08-29 08:51:00.492046
T004387,C0207,M0013,38342.28,NET_BANKING,SUCCESS,2026-08-22 16:27:48.487129
T004388,C0206,M0036,11527.21,WALLET,SUCCESS,2026-09-03 14:38:47.983330
T004389,C0294,M0004,33379.43,UPI,SUCCESS,2026-07-27 16:37:27.555052
T004390,C0330,M0001,1382.16,UPI,SUCCESS,2026-08-17 15:11:38.674399
T004391,C0102,M0036,39781.9,CARD,SUCCESS,2026-07-02 13:53:00.750201
T004392,C0089,M0018,44455.39,WALLET,SUCCESS,2026-09-01 05:30:06.108775
T004393,C0077,M0050,30202.06,NET_BANKING,SUCCESS,2026-06-16 05:30:37.484390
T004394,C0216,M0027,43291.84,NET_BANKING,SUCCESS,2026-07-25 10:47:45.076789
T004395,C0448,M0027,46984.93,UPI,SUCCESS,2026-08-24 18:35:53.950148
T004396,C0490,M0031,26899.47,WALLET,SUCCESS,2026-07-20 13:48:29.552840
T004397,C0469,M0012,27326.38,NET_BANKING,SUCCESS,2026-08-16 04:27:05.798677
T004398,C0445,M0038,1379.2,CARD,SUCCESS,2026-06-27 00:34:23.982066
T004399,C0469,M0025,4255.03,UPI,SUCCESS,2026-06-26 10:24:01.067333
T004400,C0218,M0008,38256.53,WALLET,SUCCESS,2026-06-18 04:06:26.119211
T004401,C0161,M0041,27050.67,WALLET,SUCCESS,2026-07-04 15:13:59.335184
T004402,C0380,M0044,18964.91,UPI,FAILED,2026-07-29 12:32:14.367999
T004403,C0339,M0010,46327.78,UPI,SUCCESS,2026-07-14 22:07:32.399799
T004404,C0225,M0031,43240.78,CARD,SUCCESS,2026-07-02 08:32:02.011048
T004405,C0126,M0001,21187.61,UPI,SUCCESS,2026-08-24 01:09:14.357575
T004406,C0117,M0042,47920.33,NET_BANKING,SUCCESS,2026-06-09 02:31:25.954653
T004407,C0001,M0032,10174.89,WALLET,SUCCESS,2026-08-13 17:35:17.427028
T004408,C0130,M0049,32712.35,NET_BANKING,SUCCESS,2026-07-24 20:25:18.529229
T004409,C0331,M0032,41210.95,UPI,PENDING,2026-07-31 10:20:25.199735
T004410,C0302,M0044,47144.14,UPI,SUCCESS,2026-08-26 00:34:03.853156
T004411,C0431,M0032,10732.43,NET_BANKING,FAILED,2026-07-27 21:47:44.732307
T004412,C0301,M0023,19714.65,UPI,SUCCESS,2026-08-11 21:07:46.679739
T004413,C0281,M0022,10298.08,WALLET,SUCCESS,2026-08-16 11:41:33.783891
T004414,C0435,M0042,35713.85,WALLET,FAILED,2026-06-29 20:42:22.012517
T004415,C0175,M0025,12542.91,WALLET,SUCCESS,2026-07-26 17:39:14.325947
T004416,C0082,M0014,7414.06,UPI,SUCCESS,2026-06-25 23:47:50.043843
T004417,C0323,M0039,21337.01,WALLET,SUCCESS,2026-06-15 17:44:39.470664
T004418,C0259,M0042,27461.71,CARD,SUCCESS,2026-06-22 16:04:21.016058
T004419,C0320,M0007,33339.37,NET_BANKING,SUCCESS,2026-06-12 17:52:11.179095
T004420,C0345,M0041,27684.41,WALLET,SUCCESS,2026-07-15 17:10:43.676349
T004421,C0175,M0013,23923.5,CARD,SUCCESS,2026-08-14 14:12:42.951192
T004422,C0368,M0045,47019.76,NET_BANKING,FAILED,2026-09-01 14:19:48.783658
T004423,C0197,M0018,26405.17,UPI,FAILED,2026-08-18 12:16:24.382591
T004424,C0175,M0015,22141.02,WALLET,SUCCESS,2026-08-04 09:14:18.463219
T004425,C0265,M0005,20967.51,UPI,SUCCESS,2026-07-05 19:33:13.317527
T004426,C0409,M0001,49573.06,NET_BANKING,FAILED,2026-09-02 10:29:15.101588
T004427,C0180,M0012,39657.91,WALLET,FAILED,2026-08-04 10:28:12.974112
T004428,C0317,M0009,37830.21,UPI,SUCCESS,2026-07-01 04:22:23.225142
T004429,C0001,M0018,2704.11,UPI,SUCCESS,2026-07-19 18:34:19.941302
T004430,C0267,M0003,10677.56,UPI,SUCCESS,2026-07-01 09:48:31.593529
T004431,C0154,M0034,12622.87,UPI,PENDING,2026-06-25 14:49:48.831212
T004432,C0011,M0038,4974.49,UPI,SUCCESS,2026-07-31 10:29:17.730398
T004433,C0405,M0033,17430.78,NET_BANKING,SUCCESS,2026-06-16 19:45:33.128266
T004434,C0188,M0025,47768.92,UPI,SUCCESS,2026-07-11 18:26:11.251543
T004435,C0096,M0011,32244.14,UPI,SUCCESS,2026-07-04 18:07:46.821404
T004436,C0226,M0030,13645.0,CARD,SUCCESS,2026-07-30 21:52:18.065919
T004437,C0437,M0014,8278.84,UPI,SUCCESS,2026-08-06 05:52:53.357980
T004438,C0196,M0038,27658.01,NET_BANKING,SUCCESS,2026-07-24 20:03:04.675852
T004439,C0090,M0027,35230.98,UPI,SUCCESS,2026-06-08 17:26:11.277524
T004440,C0391,M0018,12362.12,WALLET,SUCCESS,2026-08-01 17:53:03.834048
T004441,C0130,M0042,46763.22,CARD,SUCCESS,2026-08-17 00:22:57.197498
T004442,C0064,M0041,2457.21,WALLET,SUCCESS,2026-09-03 14:45:36.024489
T004443,C0276,M0008,40442.66,WALLET,SUCCESS,2026-06-26 07:42:09.233051
T004444,C0309,M0050,10746.58,WALLET,SUCCESS,2026-07-24 05:10:21.953753
T004445,C0447,M0015,18046.32,WALLET,SUCCESS,2026-08-15 15:20:45.296076
T004446,C0023,M0037,14751.15,UPI,SUCCESS,2026-06-17 16:30:12.029752
T004447,C0131,M0037,11979.74,NET_BANKING,SUCCESS,2026-08-16 04:52:49.391791
T004448,C0151,M0003,42432.18,NET_BANKING,SUCCESS,2026-06-12 01:30:04.791131
T004449,C0098,M0015,13334.52,NET_BANKING,SUCCESS,2026-07-19 20:46:33.395652
T004450,C0136,M0037,43034.17,NET_BANKING,SUCCESS,2026-06-20 09:56:45.353454
T004451,C0081,M0001,35164.13,CARD,SUCCESS,2026-08-30 08:36:46.853759
T004452,C0099,M0041,17986.87,NET_BANKING,SUCCESS,2026-06-24 15:49:34.773540
T004453,C0095,M0017,18960.76,CARD,SUCCESS,2026-08-10 19:49:17.567885
T004454,C0452,M0033,8557.2,NET_BANKING,FAILED,2026-06-16 03:27:57.362869
T004455,C0001,M0008,42543.67,WALLET,PENDING,2026-07-26 15:23:14.747764
T004456,C0270,M0005,8213.27,NET_BANKING,FAILED,2026-06-10 11:19:39.529966
T004457,C0500,M0028,46812.95,NET_BANKING,SUCCESS,2026-08-02 19:50:02.199979
T004458,C0411,M0028,9826.28,WALLET,SUCCESS,2026-08-19 05:32:11.656640
T004459,C0497,M0006,12452.32,WALLET,SUCCESS,2026-06-19 18:05:29.751171
T004460,C0311,M0032,28694.14,UPI,FAILED,2026-08-01 22:22:19.843674
T004461,C0023,M0004,39806.65,NET_BANKING,SUCCESS,2026-08-19 15:14:17.327234
T004462,C0467,M0042,14908.12,WALLET,SUCCESS,2026-07-23 19:23:27.284817
T004463,C0265,M0026,19568.84,CARD,SUCCESS,2026-08-17 10:33:18.177068
T004464,C0059,M0020,15354.07,CARD,SUCCESS,2026-07-13 13:01:33.993034
T004465,C0301,M0029,2092.43,NET_BANKING,SUCCESS,2026-07-16 11:16:30.038587
T004466,C0125,M0019,17506.26,UPI,SUCCESS,2026-07-12 07:57:54.754462
T004467,C0059,M0029,23683.32,NET_BANKING,SUCCESS,2026-06-14 16:43:30.316614
T004468,C0419,M0021,8938.91,WALLET,FAILED,2026-08-24 15:40:26.932974
T004469,C0043,M0040,45108.0,UPI,FAILED,2026-07-30 01:53:29.027439
T004470,C0320,M0038,3747.85,NET_BANKING,SUCCESS,2026-08-29 12:28:07.487252
T004471,C0137,M0047,30450.38,WALLET,SUCCESS,2026-06-09 17:25:31.193242
T004472,C0237,M0045,46937.45,WALLET,SUCCESS,2026-06-28 10:14:58.410197
T004473,C0053,M0046,39216.43,WALLET,SUCCESS,2026-06-11 23:57:33.254503
T004474,C0318,M0041,12867.22,CARD,SUCCESS,2026-08-08 13:06:57.907340
T004475,C0447,M0002,23838.27,UPI,SUCCESS,2026-07-28 05:58:50.535090
T004476,C0300,M0022,454.83,WALLET,FAILED,2026-08-09 09:00:06.490681
T004477,C0048,M0043,49850.61,UPI,SUCCESS,2026-08-04 03:07:42.643395
T004478,C0423,M0004,27900.3,WALLET,SUCCESS,2026-08-13 00:36:48.208792
T004479,C0399,M0047,41291.1,CARD,PENDING,2026-06-10 16:39:02.455591
T004480,C0261,M0039,2959.71,CARD,SUCCESS,2026-06-27 21:47:17.022104
T004481,C0243,M0023,4236.95,UPI,SUCCESS,2026-06-15 05:03:03.669483
T004482,C0087,M0019,43751.14,UPI,SUCCESS,2026-06-13 23:37:17.607093
T004483,C0309,M0011,2471.82,UPI,SUCCESS,2026-07-28 04:34:18.720047
T004484,C0119,M0004,42936.34,WALLET,SUCCESS,2026-08-31 08:09:28.363460
T004485,C0293,M0035,32570.03,CARD,SUCCESS,2026-07-26 08:34:37.784576
T004486,C0369,M0039,26419.26,UPI,FAILED,2026-08-04 21:07:49.785686
T004487,C0047,M0028,29987.67,CARD,SUCCESS,2026-09-03 16:11:37.884884
T004488,C0136,M0032,36191.7,UPI,FAILED,2026-07-28 10:15:59.112566
T004489,C0117,M0027,42750.72,WALLET,SUCCESS,2026-06-30 09:17:13.733580
T004490,C0097,M0021,22416.09,NET_BANKING,SUCCESS,2026-07-01 01:56:46.906839
T004491,C0426,M0032,45214.83,UPI,SUCCESS,2026-06-09 17:03:24.606961
T004492,C0048,M0025,15437.85,UPI,SUCCESS,2026-09-01 06:28:55.204483
T004493,C0155,M0018,15073.5,WALLET,SUCCESS,2026-08-30 10:45:21.246439
T004494,C0410,M0035,31292.7,CARD,SUCCESS,2026-07-19 03:55:29.029810
T004495,C0126,M0047,6025.51,UPI,SUCCESS,2026-06-11 04:51:09.093669
T004496,C0210,M0020,29868.06,UPI,FAILED,2026-07-20 13:22:56.297686
T004497,C0254,M0010,10681.33,WALLET,SUCCESS,2026-07-23 22:41:10.063185
T004498,C0280,M0029,4599.47,UPI,FAILED,2026-06-17 06:56:43.303374
T004499,C0034,M0006,40426.9,UPI,SUCCESS,2026-06-10 11:44:36.045393
T004500,C0161,M0008,6298.89,NET_BANKING,SUCCESS,2026-07-10 08:33:36.953472
T004501,C0287,M0009,3288.2,WALLET,PENDING,2026-06-08 06:04:12.740869
T004502,C0295,M0049,33614.91,UPI,SUCCESS,2026-08-17 22:31:34.849016
T004503,C0230,M0021,15113.6,CARD,SUCCESS,2026-06-15 04:44:24.159461
T004504,C0472,M0024,13399.29,CARD,SUCCESS,2026-06-10 20:03:21.238591
T004505,C0201,M0017,30000.28,WALLET,SUCCESS,2026-07-26 07:54:50.033281
T004506,C0370,M0004,3515.02,WALLET,SUCCESS,2026-09-03 01:34:31.710790
T004507,C0350,M0035,42941.67,NET_BANKING,SUCCESS,2026-08-27 08:55:36.633545
T004508,C0177,M0016,16027.83,UPI,SUCCESS,2026-07-05 07:53:29.348042
T004509,C0306,M0050,42800.63,CARD,SUCCESS,2026-06-25 22:01:55.104762
T004510,C0047,M0029,6078.06,UPI,FAILED,2026-09-03 23:08:09.872110
T004511,C0272,M0042,16954.41,CARD,SUCCESS,2026-08-11 21:21:58.176912
T004512,C0196,M0003,21141.55,CARD,SUCCESS,2026-06-18 05:04:36.747421
T004513,C0493,M0002,13655.73,CARD,SUCCESS,2026-09-02 18:30:55.332099
T004514,C0123,M0035,37979.77,NET_BANKING,SUCCESS,2026-06-10 08:10:08.604284
T004515,C0187,M0034,40950.54,WALLET,SUCCESS,2026-07-26 13:36:49.899765
T004516,C0091,M0018,2786.63,NET_BANKING,SUCCESS,2026-08-03 10:25:56.766216
T004517,C0374,M0023,5746.5,WALLET,SUCCESS,2026-06-18 01:39:15.850801
T004518,C0096,M0025,47862.97,NET_BANKING,SUCCESS,2026-08-06 18:14:35.761814
T004519,C0454,M0003,30003.85,UPI,SUCCESS,2026-08-15 03:50:20.091312
T004520,C0212,M0039,23844.82,CARD,SUCCESS,2026-07-24 10:51:21.813955
T004521,C0437,M0039,30465.06,NET_BANKING,SUCCESS,2026-06-16 15:40:05.185932
T004522,C0098,M0004,25141.87,CARD,SUCCESS,2026-07-11 03:25:43.592530
T004523,C0020,M0017,652.98,CARD,SUCCESS,2026-08-04 11:47:10.785598
T004524,C0355,M0040,35087.9,CARD,SUCCESS,2026-06-22 14:04:07.798564
T004525,C0432,M0015,39941.04,NET_BANKING,SUCCESS,2026-07-09 03:22:58.962652
T004526,C0350,M0034,22727.6,UPI,SUCCESS,2026-06-16 20:37:24.888658
T004527,C0234,M0012,31609.41,UPI,SUCCESS,2026-08-15 02:43:45.338316
T004528,C0030,M0018,22431.43,NET_BANKING,SUCCESS,2026-07-21 04:14:18.064612
T004529,C0203,M0037,17265.2,CARD,SUCCESS,2026-07-29 15:54:35.638735
T004530,C0336,M0023,31330.37,CARD,PENDING,2026-09-01 02:26:54.142724
T004531,C0412,M0019,13428.62,WALLET,SUCCESS,2026-07-05 07:21:16.371576
T004532,C0371,M0030,38758.81,WALLET,SUCCESS,2026-09-01 03:16:15.235679
T004533,C0266,M0021,16714.22,NET_BANKING,SUCCESS,2026-06-08 12:26:47.061419
T004534,C0311,M0046,39334.87,WALLET,SUCCESS,2026-06-25 05:22:46.779311
T004535,C0116,M0036,4118.25,WALLET,SUCCESS,2026-08-10 19:44:01.660502
T004536,C0420,M0008,34103.5,WALLET,SUCCESS,2026-07-03 00:18:14.302411
T004537,C0343,M0025,43945.01,WALLET,SUCCESS,2026-08-14 18:31:27.178818
T004538,C0384,M0022,34921.25,UPI,FAILED,2026-07-06 20:05:27.583524
T004539,C0224,M0046,4641.54,WALLET,SUCCESS,2026-07-21 03:30:16.915858
T004540,C0431,M0005,13221.88,UPI,SUCCESS,2026-06-15 08:54:01.157404
T004541,C0272,M0023,8010.3,CARD,SUCCESS,2026-06-22 20:40:17.108194
T004542,C0112,M0046,14328.06,UPI,SUCCESS,2026-08-19 13:30:20.797033
T004543,C0304,M0008,9538.7,UPI,SUCCESS,2026-07-24 11:14:31.131348
T004544,C0347,M0017,39698.66,NET_BANKING,SUCCESS,2026-08-22 03:45:00.558789
T004545,C0205,M0020,46905.07,WALLET,SUCCESS,2026-07-24 11:18:13.134381
T004546,C0374,M0006,46158.53,CARD,SUCCESS,2026-08-07 18:13:02.286019
T004547,C0256,M0047,28134.58,CARD,SUCCESS,2026-07-12 19:41:10.044727
T004548,C0027,M0048,21276.13,WALLET,SUCCESS,2026-07-03 09:30:19.736041
T004549,C0136,M0018,46127.99,CARD,SUCCESS,2026-06-22 23:16:23.106913
T004550,C0191,M0044,39185.93,UPI,SUCCESS,2026-08-12 01:18:58.593649
T004551,C0035,M0015,5678.22,WALLET,SUCCESS,2026-07-08 11:06:10.408128
T004552,C0159,M0017,43088.73,NET_BANKING,SUCCESS,2026-08-25 09:31:27.720265
T004553,C0486,M0030,29443.25,NET_BANKING,SUCCESS,2026-07-07 02:31:57.610877
T004554,C0458,M0034,40970.13,NET_BANKING,SUCCESS,2026-08-23 00:48:20.897701
T004555,C0266,M0034,28808.86,UPI,SUCCESS,2026-06-09 14:16:19.556182
T004556,C0177,M0025,9650.11,UPI,SUCCESS,2026-06-18 17:45:37.298632
T004557,C0426,M0014,21850.28,NET_BANKING,SUCCESS,2026-07-21 04:57:56.790488
T004558,C0129,M0035,23368.82,UPI,SUCCESS,2026-06-27 10:00:58.501158
T004559,C0265,M0033,17743.21,NET_BANKING,SUCCESS,2026-08-28 09:31:03.147218
T004560,C0326,M0050,2923.11,CARD,SUCCESS,2026-06-22 22:24:35.808259
T004561,C0440,M0026,40836.88,CARD,SUCCESS,2026-06-18 22:44:46.179472
T004562,C0398,M0007,474.06,CARD,SUCCESS,2026-08-31 10:45:31.339489
T004563,C0079,M0042,34313.17,UPI,SUCCESS,2026-06-24 18:24:45.817076
T004564,C0175,M0040,3629.5,WALLET,SUCCESS,2026-07-05 22:56:38.104846
T004565,C0378,M0015,29712.47,UPI,SUCCESS,2026-07-22 19:56:51.440792
T004566,C0332,M0029,63.68,NET_BANKING,SUCCESS,2026-07-30 14:26:50.377198
T004567,C0029,M0021,30981.91,NET_BANKING,SUCCESS,2026-06-10 10:05:17.418042
T004568,C0133,M0039,31211.51,UPI,SUCCESS,2026-07-10 08:34:21.140210
T004569,C0164,M0033,28159.62,NET_BANKING,SUCCESS,2026-06-20 12:41:52.703527
T004570,C0353,M0043,3357.61,CARD,SUCCESS,2026-08-01 11:57:23.317431
T004571,C0342,M0020,29136.72,NET_BANKING,SUCCESS,2026-06-10 12:12:21.686789
T004572,C0249,M0049,23433.28,WALLET,SUCCESS,2026-07-10 06:20:05.702985
T004573,C0448,M0014,18639.76,CARD,SUCCESS,2026-08-31 13:36:02.691046
T004574,C0271,M0033,9130.53,UPI,SUCCESS,2026-07-31 02:57:43.310896
T004575,C0298,M0004,48549.55,UPI,SUCCESS,2026-08-26 08:27:10.475728
T004576,C0400,M0020,31845.67,NET_BANKING,SUCCESS,2026-06-13 04:05:38.925136
T004577,C0451,M0033,29827.58,CARD,SUCCESS,2026-08-11 02:05:30.334851
T004578,C0061,M0042,14031.51,NET_BANKING,SUCCESS,2026-08-12 20:29:56.789391
T004579,C0175,M0008,16713.05,NET_BANKING,SUCCESS,2026-07-12 23:24:47.043896
T004580,C0085,M0047,40970.31,WALLET,SUCCESS,2026-07-06 12:13:32.598978
T004581,C0452,M0018,3323.43,WALLET,SUCCESS,2026-06-25 08:33:33.352971
T004582,C0165,M0024,10007.36,UPI,SUCCESS,2026-08-20 15:53:50.627602
T004583,C0172,M0041,45117.33,NET_BANKING,SUCCESS,2026-08-20 13:51:31.685406
T004584,C0074,M0035,30139.05,NET_BANKING,SUCCESS,2026-08-31 22:40:06.093242
T004585,C0069,M0009,4145.11,WALLET,SUCCESS,2026-07-06 13:47:52.383084
T004586,C0445,M0039,26267.59,WALLET,SUCCESS,2026-07-30 02:36:18.574853
T004587,C0122,M0044,37926.16,UPI,SUCCESS,2026-08-28 16:01:00.616848
T004588,C0069,M0001,22102.06,NET_BANKING,PENDING,2026-07-18 03:44:57.117040
T004589,C0171,M0003,49756.95,WALLET,SUCCESS,2026-06-10 13:48:11.007299
T004590,C0198,M0016,37743.84,UPI,SUCCESS,2026-07-26 07:50:19.604400
T004591,C0285,M0017,29624.71,UPI,SUCCESS,2026-08-29 03:41:50.129428
T004592,C0152,M0031,9882.96,WALLET,SUCCESS,2026-09-03 01:41:33.175229
T004593,C0032,M0003,2926.91,UPI,SUCCESS,2026-06-23 18:41:37.514644
T004594,C0188,M0016,43567.23,NET_BANKING,SUCCESS,2026-09-04 21:37:34.223982
T004595,C0482,M0024,8759.04,CARD,SUCCESS,2026-07-02 07:28:11.308575
T004596,C0015,M0027,34138.73,WALLET,SUCCESS,2026-06-20 12:57:41.450668
T004597,C0047,M0027,47656.52,UPI,SUCCESS,2026-08-10 10:02:09.702746
T004598,C0431,M0035,42954.3,CARD,SUCCESS,2026-06-21 23:04:18.787355
T004599,C0481,M0006,19966.91,NET_BANKING,PENDING,2026-07-13 20:29:02.033011
T004600,C0405,M0035,3116.28,WALLET,SUCCESS,2026-06-11 12:57:51.821645
T004601,C0466,M0022,29354.39,CARD,FAILED,2026-07-27 01:41:47.084067
T004602,C0113,M0050,6269.03,CARD,SUCCESS,2026-07-21 09:35:33.212259
T004603,C0408,M0027,45185.2,UPI,FAILED,2026-08-31 02:11:27.625097
T004604,C0323,M0041,36425.15,UPI,FAILED,2026-09-04 03:16:11.596796
T004605,C0273,M0009,19123.58,CARD,SUCCESS,2026-07-20 19:17:05.965803
T004606,C0381,M0011,22213.09,CARD,SUCCESS,2026-06-16 23:27:10.239072
T004607,C0156,M0015,5939.61,NET_BANKING,PENDING,2026-08-17 15:35:26.704017
T004608,C0091,M0021,33880.92,UPI,SUCCESS,2026-08-09 22:05:39.950461
T004609,C0094,M0043,26710.78,CARD,SUCCESS,2026-08-29 07:42:07.355778
T004610,C0155,M0041,24858.98,UPI,SUCCESS,2026-07-31 15:04:06.173402
T004611,C0272,M0033,37234.43,UPI,SUCCESS,2026-08-27 09:58:58.524317
T004612,C0291,M0013,39549.33,WALLET,SUCCESS,2026-06-16 02:17:27.941657
T004613,C0379,M0043,37339.46,CARD,SUCCESS,2026-06-25 23:43:02.723332
T004614,C0057,M0032,17489.5,UPI,SUCCESS,2026-06-27 17:35:38.596200
T004615,C0157,M0046,13973.68,CARD,SUCCESS,2026-08-16 20:41:02.460408
T004616,C0235,M0002,43006.63,UPI,SUCCESS,2026-09-04 19:32:26.269168
T004617,C0101,M0045,472.06,NET_BANKING,SUCCESS,2026-08-31 08:19:22.484237
T004618,C0004,M0036,5155.9,WALLET,SUCCESS,2026-06-08 01:30:24.788593
T004619,C0338,M0010,25000.11,NET_BANKING,SUCCESS,2026-06-30 17:54:17.683919
T004620,C0075,M0029,31938.51,UPI,SUCCESS,2026-08-22 08:07:53.058459
T004621,C0112,M0048,36938.11,CARD,SUCCESS,2026-08-06 15:45:24.153678
T004622,C0099,M0044,20313.32,NET_BANKING,SUCCESS,2026-07-30 16:03:11.470095
T004623,C0290,M0035,39775.73,CARD,SUCCESS,2026-07-19 03:04:32.447928
T004624,C0446,M0016,26739.84,UPI,SUCCESS,2026-06-14 14:27:25.190145
T004625,C0282,M0043,18715.92,WALLET,SUCCESS,2026-07-28 04:20:40.735796
T004626,C0449,M0005,27033.58,CARD,FAILED,2026-08-03 01:31:03.472753
T004627,C0361,M0045,25186.38,WALLET,FAILED,2026-07-30 15:19:05.912680
T004628,C0022,M0022,40627.87,WALLET,SUCCESS,2026-07-01 07:55:15.141930
T004629,C0236,M0017,47591.05,UPI,SUCCESS,2026-08-10 06:52:22.087228
T004630,C0346,M0045,5131.76,CARD,SUCCESS,2026-07-03 01:24:23.230564
T004631,C0125,M0031,35719.94,NET_BANKING,SUCCESS,2026-06-11 05:17:52.978983
T004632,C0141,M0038,47265.87,CARD,SUCCESS,2026-08-25 21:17:04.623771
T004633,C0102,M0034,39125.84,CARD,SUCCESS,2026-07-20 14:58:10.815532
T004634,C0426,M0040,33414.22,CARD,SUCCESS,2026-06-09 13:52:45.292009
T004635,C0075,M0020,32047.53,UPI,SUCCESS,2026-07-23 03:26:12.472372
T004636,C0415,M0004,48469.26,CARD,FAILED,2026-06-16 15:10:17.068247
T004637,C0314,M0043,1712.04,NET_BANKING,SUCCESS,2026-07-29 05:02:48.015077
T004638,C0058,M0018,11948.72,UPI,FAILED,2026-08-27 11:44:31.081165
T004639,C0446,M0008,39615.46,NET_BANKING,SUCCESS,2026-06-20 05:04:14.794027
T004640,C0334,M0022,18800.77,CARD,SUCCESS,2026-07-29 12:14:59.491116
T004641,C0354,M0026,49812.35,NET_BANKING,SUCCESS,2026-07-21 12:59:27.513985
T004642,C0003,M0037,25172.3,CARD,SUCCESS,2026-09-02 05:58:21.285776
T004643,C0201,M0038,33494.62,WALLET,SUCCESS,2026-07-21 02:57:20.854170
T004644,C0158,M0036,41807.52,CARD,SUCCESS,2026-07-31 05:40:36.260656
T004645,C0425,M0020,24236.45,NET_BANKING,SUCCESS,2026-06-12 03:03:48.412225
T004646,C0340,M0031,45227.41,NET_BANKING,SUCCESS,2026-06-20 07:28:59.445925
T004647,C0290,M0042,10706.06,WALLET,SUCCESS,2026-08-27 06:01:44.561623
T004648,C0011,M0050,21351.43,WALLET,PENDING,2026-07-18 05:22:45.982642
T004649,C0362,M0035,35204.51,UPI,SUCCESS,2026-08-03 17:51:52.176793
T004650,C0490,M0001,24623.55,NET_BANKING,SUCCESS,2026-08-18 21:58:28.459912
T004651,C0331,M0018,19622.87,WALLET,SUCCESS,2026-06-16 20:18:47.325062
T004652,C0474,M0032,3774.85,NET_BANKING,SUCCESS,2026-08-19 08:01:57.679333
T004653,C0436,M0027,32183.12,CARD,SUCCESS,2026-06-23 16:31:40.818414
T004654,C0449,M0020,39301.83,NET_BANKING,SUCCESS,2026-06-22 05:22:20.987545
T004655,C0292,M0037,44225.64,UPI,SUCCESS,2026-08-10 05:38:15.833683
T004656,C0311,M0015,41652.16,WALLET,PENDING,2026-08-07 06:43:08.796982
T004657,C0263,M0047,38746.89,UPI,SUCCESS,2026-06-25 22:15:52.560036
T004658,C0004,M0023,25045.93,WALLET,SUCCESS,2026-06-13 21:16:43.239812
T004659,C0173,M0050,31379.75,NET_BANKING,SUCCESS,2026-06-23 17:27:12.042724
T004660,C0306,M0011,27330.6,WALLET,PENDING,2026-08-14 10:36:27.315762
T004661,C0012,M0043,16466.31,CARD,SUCCESS,2026-08-21 14:57:33.985518
T004662,C0206,M0036,29735.35,UPI,SUCCESS,2026-07-16 14:53:27.050335
T004663,C0147,M0001,31175.13,NET_BANKING,SUCCESS,2026-07-17 05:22:23.464436
T004664,C0109,M0044,14128.07,WALLET,SUCCESS,2026-06-13 18:28:19.551987
T004665,C0119,M0010,40006.14,UPI,SUCCESS,2026-07-09 13:09:38.500945
T004666,C0144,M0028,21555.55,NET_BANKING,SUCCESS,2026-08-29 20:23:35.826144
T004667,C0378,M0016,31400.65,UPI,SUCCESS,2026-08-28 21:17:29.183088
T004668,C0065,M0042,2775.07,CARD,SUCCESS,2026-09-03 08:22:19.995909
T004669,C0040,M0026,31323.11,CARD,SUCCESS,2026-07-05 05:52:43.529662
T004670,C0399,M0022,7669.07,UPI,SUCCESS,2026-09-02 15:08:40.319324
T004671,C0212,M0019,31745.35,CARD,SUCCESS,2026-06-24 08:55:29.990693
T004672,C0157,M0004,48796.87,UPI,SUCCESS,2026-07-17 17:43:08.675352
T004673,C0026,M0038,26443.21,CARD,PENDING,2026-07-12 17:29:58.657844
T004674,C0377,M0014,7961.88,CARD,SUCCESS,2026-06-24 15:52:32.874161
T004675,C0089,M0041,3553.38,NET_BANKING,SUCCESS,2026-09-04 07:38:18.613469
T004676,C0293,M0014,39612.13,WALLET,SUCCESS,2026-06-19 05:24:08.263037
T004677,C0007,M0009,45532.93,UPI,SUCCESS,2026-07-20 10:39:48.045197
T004678,C0124,M0002,3336.87,CARD,FAILED,2026-09-04 06:25:58.402573
T004679,C0366,M0026,29964.62,NET_BANKING,SUCCESS,2026-06-25 18:20:09.468184
T004680,C0441,M0047,11023.23,UPI,SUCCESS,2026-07-02 14:21:03.384161
T004681,C0457,M0043,37706.97,CARD,SUCCESS,2026-08-06 13:00:57.847327
T004682,C0225,M0010,48497.17,CARD,SUCCESS,2026-06-11 08:18:09.764944
T004683,C0171,M0039,20953.31,WALLET,SUCCESS,2026-07-13 08:14:40.687775
T004684,C0449,M0037,45527.07,UPI,SUCCESS,2026-09-04 17:26:14.232455
T004685,C0332,M0024,47301.19,NET_BANKING,SUCCESS,2026-09-01 10:36:33.732801
T004686,C0337,M0040,8354.38,NET_BANKING,FAILED,2026-09-02 11:25:10.808698
T004687,C0333,M0040,45681.37,UPI,SUCCESS,2026-07-19 17:24:39.454453
T004688,C0177,M0027,32277.17,NET_BANKING,FAILED,2026-06-13 19:36:32.146834
T004689,C0372,M0024,34171.68,CARD,SUCCESS,2026-07-21 13:59:43.343003
T004690,C0435,M0045,32351.14,WALLET,SUCCESS,2026-08-24 03:22:41.742520
T004691,C0247,M0038,43889.25,WALLET,FAILED,2026-07-30 03:12:41.017206
T004692,C0426,M0024,6297.73,CARD,SUCCESS,2026-07-25 15:59:03.415476
T004693,C0052,M0033,12553.98,CARD,FAILED,2026-09-03 11:49:10.701007
T004694,C0122,M0015,2448.03,CARD,SUCCESS,2026-08-26 05:43:16.078796
T004695,C0478,M0028,25009.32,NET_BANKING,SUCCESS,2026-06-24 04:13:00.844938
T004696,C0068,M0042,36487.94,CARD,SUCCESS,2026-07-14 13:07:47.372772
T004697,C0486,M0040,4121.24,NET_BANKING,SUCCESS,2026-08-15 06:41:46.202576
T004698,C0178,M0031,48815.24,UPI,SUCCESS,2026-07-17 19:47:03.971888
T004699,C0201,M0008,45242.83,CARD,FAILED,2026-08-05 17:13:39.071005
T004700,C0392,M0045,11376.82,WALLET,SUCCESS,2026-08-06 09:01:24.873272
T004701,C0258,M0031,45073.08,WALLET,SUCCESS,2026-08-10 02:44:59.219490
T004702,C0454,M0036,8523.12,WALLET,FAILED,2026-08-27 14:54:35.866960
T004703,C0018,M0036,24390.12,WALLET,SUCCESS,2026-07-12 05:29:47.200541
T004704,C0460,M0002,4791.68,WALLET,SUCCESS,2026-07-21 01:50:17.507522
T004705,C0065,M0002,5303.49,UPI,SUCCESS,2026-08-15 09:49:53.392152
T004706,C0138,M0042,4002.75,UPI,SUCCESS,2026-06-15 11:48:53.332665
T004707,C0255,M0036,13915.72,CARD,PENDING,2026-07-08 00:13:46.240096
T004708,C0030,M0043,200.48,WALLET,SUCCESS,2026-09-01 20:15:15.806947
T004709,C0031,M0006,14364.69,WALLET,SUCCESS,2026-06-24 01:18:16.419433
T004710,C0402,M0002,21049.42,UPI,FAILED,2026-07-15 07:24:45.449469
T004711,C0440,M0046,39914.01,WALLET,SUCCESS,2026-06-14 17:04:02.818162
T004712,C0128,M0002,19534.44,NET_BANKING,SUCCESS,2026-07-15 17:32:08.342990
T004713,C0065,M0023,27009.5,WALLET,SUCCESS,2026-08-04 09:24:10.394909
T004714,C0463,M0031,35386.87,WALLET,SUCCESS,2026-07-24 20:29:15.662209
T004715,C0115,M0046,13527.83,NET_BANKING,SUCCESS,2026-06-24 03:05:02.835522
T004716,C0156,M0027,14247.03,UPI,SUCCESS,2026-07-26 22:46:28.496992
T004717,C0181,M0024,11723.98,WALLET,SUCCESS,2026-08-30 01:41:30.916384
T004718,C0222,M0037,16316.97,WALLET,SUCCESS,2026-08-22 23:49:16.537738
T004719,C0177,M0039,48474.74,NET_BANKING,SUCCESS,2026-08-18 23:14:56.614259
T004720,C0172,M0040,42441.55,WALLET,SUCCESS,2026-06-27 18:23:46.510046
T004721,C0133,M0043,5296.64,UPI,SUCCESS,2026-07-20 21:10:34.248986
T004722,C0286,M0034,17069.13,WALLET,PENDING,2026-06-19 15:03:47.155405
T004723,C0128,M0025,31249.97,WALLET,SUCCESS,2026-08-17 03:39:04.646157
T004724,C0094,M0005,23767.9,NET_BANKING,SUCCESS,2026-07-22 23:13:30.267617
T004725,C0244,M0032,34864.13,NET_BANKING,FAILED,2026-07-22 15:33:14.520281
T004726,C0334,M0017,16163.37,CARD,SUCCESS,2026-08-25 14:12:48.061864
T004727,C0353,M0025,31645.81,CARD,SUCCESS,2026-07-19 07:14:27.738947
T004728,C0081,M0043,8868.6,UPI,SUCCESS,2026-06-29 12:24:10.999353
T004729,C0208,M0046,36817.12,CARD,SUCCESS,2026-08-07 15:22:42.938780
T004730,C0486,M0005,41063.29,CARD,SUCCESS,2026-08-21 22:11:47.143361
T004731,C0352,M0037,42185.42,NET_BANKING,SUCCESS,2026-08-23 17:24:13.765099
T004732,C0166,M0042,45248.57,CARD,SUCCESS,2026-07-07 02:51:53.720842
T004733,C0220,M0041,44553.72,UPI,SUCCESS,2026-07-06 21:08:52.975937
T004734,C0477,M0014,36111.64,WALLET,SUCCESS,2026-07-27 10:18:24.946028
T004735,C0399,M0040,4850.68,UPI,SUCCESS,2026-07-13 23:50:10.663986
T004736,C0022,M0025,17450.18,UPI,PENDING,2026-09-05 00:01:59.392311
T004737,C0073,M0023,47618.96,WALLET,SUCCESS,2026-08-27 11:33:07.074399
T004738,C0076,M0032,47693.18,UPI,SUCCESS,2026-07-22 16:50:13.686851
T004739,C0336,M0046,26072.73,WALLET,SUCCESS,2026-06-16 10:02:24.177239
T004740,C0056,M0038,30075.43,NET_BANKING,SUCCESS,2026-08-17 09:00:48.743497
T004741,C0378,M0015,33075.53,NET_BANKING,SUCCESS,2026-06-22 11:10:02.898332
T004742,C0353,M0038,35815.06,CARD,SUCCESS,2026-08-09 11:42:45.499377
T004743,C0480,M0034,30193.97,NET_BANKING,SUCCESS,2026-08-30 21:22:40.136520
T004744,C0326,M0040,36150.67,NET_BANKING,SUCCESS,2026-07-17 21:23:55.363141
T004745,C0140,M0027,198.8,CARD,SUCCESS,2026-07-26 21:39:57.278603
T004746,C0288,M0005,24486.45,WALLET,SUCCESS,2026-08-17 22:45:14.126436
T004747,C0177,M0033,16768.93,CARD,SUCCESS,2026-08-03 11:22:23.185219
T004748,C0124,M0017,9605.79,CARD,SUCCESS,2026-08-10 18:49:37.351574
T004749,C0484,M0050,29563.78,NET_BANKING,SUCCESS,2026-08-04 02:33:08.129133
T004750,C0331,M0028,28598.5,WALLET,SUCCESS,2026-06-10 18:06:29.270190
T004751,C0115,M0003,21743.8,UPI,SUCCESS,2026-07-11 15:04:31.509945
T004752,C0409,M0042,24108.81,NET_BANKING,SUCCESS,2026-06-22 23:27:54.499384
T004753,C0434,M0026,2001.92,UPI,SUCCESS,2026-06-10 15:21:56.057084
T004754,C0409,M0012,2782.77,CARD,FAILED,2026-06-10 12:35:05.589856
T004755,C0431,M0035,8471.05,NET_BANKING,SUCCESS,2026-08-14 03:05:35.054067
T004756,C0303,M0013,28890.5,UPI,SUCCESS,2026-08-05 23:24:57.097208
T004757,C0153,M0018,22825.87,UPI,SUCCESS,2026-09-02 04:06:38.281784
T004758,C0289,M0002,33104.71,NET_BANKING,SUCCESS,2026-07-29 00:51:37.595073
T004759,C0068,M0025,49210.0,NET_BANKING,SUCCESS,2026-09-05 08:35:00.390258
T004760,C0449,M0035,31595.71,CARD,SUCCESS,2026-07-24 04:47:22.215558
T004761,C0481,M0041,13453.97,NET_BANKING,SUCCESS,2026-06-26 08:54:37.190753
T004762,C0298,M0025,3645.81,NET_BANKING,SUCCESS,2026-07-05 11:21:07.284847
T004763,C0208,M0033,11238.21,UPI,SUCCESS,2026-07-26 09:55:34.267616
T004764,C0192,M0026,36297.93,UPI,SUCCESS,2026-08-05 22:46:17.283988
T004765,C0009,M0010,30013.25,UPI,SUCCESS,2026-08-22 17:58:55.321896
T004766,C0167,M0013,729.31,CARD,SUCCESS,2026-06-22 18:49:52.952572
T004767,C0288,M0011,33999.24,UPI,SUCCESS,2026-07-16 22:00:43.934077
T004768,C0034,M0016,44913.98,UPI,SUCCESS,2026-07-04 13:57:07.869473
T004769,C0090,M0015,44289.58,WALLET,FAILED,2026-09-05 00:43:40.202593
T004770,C0183,M0004,29921.73,NET_BANKING,PENDING,2026-08-25 15:49:51.075192
T004771,C0441,M0003,5825.91,NET_BANKING,PENDING,2026-07-03 19:49:39.053405
T004772,C0434,M0018,9813.61,CARD,SUCCESS,2026-07-18 15:00:26.243509
T004773,C0037,M0009,34859.93,UPI,SUCCESS,2026-06-17 18:20:04.350015
T004774,C0449,M0028,30699.67,WALLET,FAILED,2026-07-16 18:47:15.607009
T004775,C0189,M0006,1932.68,CARD,FAILED,2026-07-08 19:35:48.477191
T004776,C0496,M0046,28969.35,NET_BANKING,SUCCESS,2026-08-24 09:27:47.284423
T004777,C0109,M0026,29892.54,WALLET,SUCCESS,2026-06-24 02:19:06.540740
T004778,C0071,M0033,42138.41,WALLET,SUCCESS,2026-07-22 10:58:35.549689
T004779,C0391,M0025,36271.47,NET_BANKING,SUCCESS,2026-07-07 22:43:07.112674
T004780,C0448,M0024,17767.43,CARD,SUCCESS,2026-08-16 10:06:01.090597
T004781,C0091,M0021,527.03,WALLET,SUCCESS,2026-07-26 11:43:19.298755
T004782,C0428,M0013,45101.62,UPI,SUCCESS,2026-08-11 12:33:34.100320
T004783,C0112,M0039,27848.63,UPI,SUCCESS,2026-06-13 07:03:57.647583
T004784,C0340,M0030,1121.77,NET_BANKING,SUCCESS,2026-07-22 01:51:50.593091
T004785,C0207,M0049,3404.83,NET_BANKING,SUCCESS,2026-08-27 09:49:36.415151
T004786,C0095,M0028,23237.62,UPI,PENDING,2026-08-28 06:17:46.088361
T004787,C0054,M0012,6501.55,WALLET,SUCCESS,2026-08-22 16:33:42.651010
T004788,C0396,M0033,20240.88,UPI,FAILED,2026-08-25 15:41:36.339399
T004789,C0188,M0020,37142.16,CARD,SUCCESS,2026-08-15 21:35:06.757585
T004790,C0317,M0014,33828.95,NET_BANKING,SUCCESS,2026-07-20 16:48:29.599547
T004791,C0110,M0015,3657.44,CARD,SUCCESS,2026-07-30 04:26:04.755136
T004792,C0285,M0047,17833.83,WALLET,SUCCESS,2026-08-23 01:44:57.313272
T004793,C0287,M0027,33707.55,WALLET,SUCCESS,2026-07-10 09:37:46.164220
T004794,C0090,M0028,16054.5,WALLET,SUCCESS,2026-07-01 00:17:49.216796
T004795,C0329,M0034,22320.1,NET_BANKING,SUCCESS,2026-07-12 11:23:09.744362
T004796,C0308,M0042,3658.74,CARD,SUCCESS,2026-07-26 03:44:30.587089
T004797,C0048,M0035,3318.12,UPI,FAILED,2026-09-02 16:01:14.301520
T004798,C0146,M0013,17233.69,CARD,SUCCESS,2026-07-23 16:09:49.431630
T004799,C0031,M0042,1321.1,WALLET,SUCCESS,2026-08-01 16:57:19.011432
T004800,C0235,M0006,25300.43,UPI,SUCCESS,2026-08-31 04:09:43.107838
T004801,C0285,M0043,10867.25,CARD,SUCCESS,2026-08-29 11:07:22.821488
T004802,C0305,M0028,14312.6,WALLET,SUCCESS,2026-07-09 16:14:18.088484
T004803,C0370,M0021,40922.37,UPI,SUCCESS,2026-07-26 18:45:20.381909
T004804,C0196,M0014,17196.74,UPI,SUCCESS,2026-08-10 23:57:59.379096
T004805,C0330,M0049,19011.3,CARD,SUCCESS,2026-08-02 06:17:25.540424
T004806,C0232,M0035,4736.47,WALLET,SUCCESS,2026-06-30 04:57:56.698735
T004807,C0443,M0027,25349.49,CARD,SUCCESS,2026-06-26 09:02:43.389329
T004808,C0279,M0042,16560.52,NET_BANKING,SUCCESS,2026-06-10 11:36:27.322324
T004809,C0122,M0016,27173.68,UPI,SUCCESS,2026-07-27 13:28:30.839101
T004810,C0130,M0048,36373.27,UPI,SUCCESS,2026-06-28 10:42:54.714345
T004811,C0218,M0034,28491.19,CARD,SUCCESS,2026-06-28 18:05:45.692282
T004812,C0491,M0039,30015.83,CARD,SUCCESS,2026-07-27 21:27:37.322229
T004813,C0224,M0010,12639.35,UPI,SUCCESS,2026-08-20 07:00:25.700898
T004814,C0016,M0016,46024.46,CARD,SUCCESS,2026-08-04 15:15:50.525126
T004815,C0066,M0035,42880.34,UPI,SUCCESS,2026-06-12 00:20:09.732430
T004816,C0021,M0009,48805.4,UPI,SUCCESS,2026-07-09 20:25:35.943276
T004817,C0203,M0015,34318.97,NET_BANKING,SUCCESS,2026-08-16 17:57:25.642893
T004818,C0286,M0046,48155.11,UPI,SUCCESS,2026-06-13 20:40:43.157222
T004819,C0288,M0020,25902.89,UPI,SUCCESS,2026-06-28 01:30:15.067831
T004820,C0303,M0031,4360.87,CARD,SUCCESS,2026-07-29 14:18:32.790467
T004821,C0101,M0027,36915.02,NET_BANKING,SUCCESS,2026-06-17 14:35:44.950571
T004822,C0118,M0045,5266.45,UPI,SUCCESS,2026-06-23 13:09:13.602237
T004823,C0056,M0026,43036.94,CARD,SUCCESS,2026-08-28 08:27:15.815648
T004824,C0145,M0050,5976.61,CARD,SUCCESS,2026-07-24 07:31:31.844778
T004825,C0310,M0045,46561.72,UPI,FAILED,2026-06-17 04:38:34.034795
T004826,C0365,M0013,14542.72,NET_BANKING,SUCCESS,2026-08-03 06:21:09.011715
T004827,C0331,M0005,3432.74,NET_BANKING,FAILED,2026-07-26 07:32:58.913960
T004828,C0250,M0050,39581.03,CARD,SUCCESS,2026-06-16 19:53:43.563376
T004829,C0439,M0028,34842.9,WALLET,SUCCESS,2026-08-18 18:40:38.881572
T004830,C0480,M0009,17252.58,WALLET,SUCCESS,2026-07-24 19:15:14.454985
T004831,C0282,M0037,35250.11,WALLET,SUCCESS,2026-07-07 05:37:10.354475
T004832,C0350,M0039,37825.89,WALLET,SUCCESS,2026-07-18 00:32:37.771279
T004833,C0481,M0050,40269.3,WALLET,SUCCESS,2026-08-14 21:44:57.417672
T004834,C0275,M0034,45232.53,NET_BANKING,SUCCESS,2026-06-10 00:16:08.244716
T004835,C0410,M0046,29549.72,WALLET,PENDING,2026-06-27 05:05:11.176970
T004836,C0289,M0026,27546.2,WALLET,SUCCESS,2026-07-16 01:18:03.594761
T004837,C0042,M0042,22175.58,CARD,FAILED,2026-08-26 23:19:09.177420
T004838,C0340,M0007,33863.31,UPI,SUCCESS,2026-07-20 14:54:39.248544
T004839,C0314,M0002,34261.41,WALLET,SUCCESS,2026-06-17 08:40:45.670105
T004840,C0140,M0001,43555.44,UPI,SUCCESS,2026-07-27 00:03:39.741968
T004841,C0355,M0016,8548.62,WALLET,SUCCESS,2026-08-19 07:32:53.775328
T004842,C0193,M0042,8584.2,UPI,SUCCESS,2026-07-15 11:43:15.178919
T004843,C0013,M0036,29624.62,CARD,SUCCESS,2026-08-23 22:44:41.377948
T004844,C0334,M0023,25583.04,WALLET,SUCCESS,2026-08-20 10:18:24.687262
T004845,C0012,M0029,46304.99,WALLET,FAILED,2026-07-28 17:20:04.464573
T004846,C0267,M0037,2683.35,UPI,SUCCESS,2026-07-25 04:44:01.435064
T004847,C0275,M0022,23594.72,WALLET,SUCCESS,2026-07-11 16:42:00.774606
T004848,C0202,M0033,33718.66,UPI,FAILED,2026-08-04 01:18:43.635365
T004849,C0337,M0005,3158.28,UPI,SUCCESS,2026-08-01 03:42:26.511731
T004850,C0136,M0013,25541.48,WALLET,SUCCESS,2026-08-11 17:06:19.489515
T004851,C0108,M0018,6240.79,NET_BANKING,SUCCESS,2026-07-11 06:09:47.976967
T004852,C0132,M0020,28135.92,UPI,SUCCESS,2026-07-26 12:47:15.489697
T004853,C0459,M0011,13610.88,CARD,FAILED,2026-06-15 00:10:02.170270
T004854,C0348,M0046,45868.37,NET_BANKING,SUCCESS,2026-07-10 00:33:11.049073
T004855,C0195,M0036,27893.25,WALLET,SUCCESS,2026-07-27 12:34:22.590665
T004856,C0367,M0038,11289.96,NET_BANKING,SUCCESS,2026-07-01 23:49:35.598529
T004857,C0348,M0046,43219.18,UPI,SUCCESS,2026-06-18 01:57:14.093189
T004858,C0315,M0002,12017.84,NET_BANKING,SUCCESS,2026-09-01 22:08:52.384959
T004859,C0110,M0041,4212.23,NET_BANKING,SUCCESS,2026-07-30 12:00:26.781975
T004860,C0145,M0034,8573.27,WALLET,SUCCESS,2026-08-09 12:49:09.340864
T004861,C0446,M0026,43099.46,UPI,SUCCESS,2026-08-05 08:16:57.313776
T004862,C0178,M0047,47214.46,WALLET,PENDING,2026-06-21 08:57:53.758847
T004863,C0024,M0034,9975.84,WALLET,SUCCESS,2026-07-05 08:05:16.366182
T004864,C0201,M0018,1853.83,WALLET,SUCCESS,2026-08-10 19:30:51.345933
T004865,C0225,M0012,39018.63,WALLET,SUCCESS,2026-07-20 04:12:26.753707
T004866,C0157,M0038,24324.08,UPI,SUCCESS,2026-06-27 03:53:51.274804
T004867,C0194,M0016,48366.82,CARD,SUCCESS,2026-07-08 22:15:06.080301
T004868,C0066,M0006,22355.31,UPI,SUCCESS,2026-06-14 07:37:32.621770
T004869,C0352,M0018,2366.89,CARD,SUCCESS,2026-07-02 20:24:02.082985
T004870,C0009,M0022,32099.75,CARD,SUCCESS,2026-09-03 02:12:53.307773
T004871,C0456,M0017,28984.18,CARD,SUCCESS,2026-07-26 23:22:10.524738
T004872,C0430,M0021,20006.07,CARD,SUCCESS,2026-06-12 02:42:07.418648
T004873,C0427,M0006,32300.9,UPI,SUCCESS,2026-06-30 03:29:59.240824
T004874,C0060,M0011,29529.18,NET_BANKING,SUCCESS,2026-06-17 04:14:34.683523
T004875,C0003,M0017,21692.52,CARD,SUCCESS,2026-07-30 04:15:32.166454
T004876,C0056,M0045,18525.33,UPI,FAILED,2026-08-25 21:56:26.930802
T004877,C0105,M0047,20299.36,WALLET,SUCCESS,2026-08-02 22:10:36.566149
T004878,C0086,M0025,21754.37,WALLET,SUCCESS,2026-06-14 06:21:09.200776
T004879,C0422,M0043,32400.88,UPI,SUCCESS,2026-08-20 04:44:32.224123
T004880,C0044,M0021,14778.88,NET_BANKING,SUCCESS,2026-06-27 09:35:36.369055
T004881,C0077,M0043,47648.88,NET_BANKING,SUCCESS,2026-06-12 13:25:14.181382
T004882,C0434,M0009,38046.28,NET_BANKING,SUCCESS,2026-07-26 05:14:52.470178
T004883,C0320,M0027,15057.22,UPI,SUCCESS,2026-07-14 01:15:04.341420
T004884,C0405,M0035,7986.21,CARD,SUCCESS,2026-07-06 12:25:02.175864
T004885,C0308,M0049,43526.25,CARD,SUCCESS,2026-06-13 10:54:32.995783
T004886,C0337,M0047,43900.51,UPI,FAILED,2026-07-08 13:41:12.438739
T004887,C0078,M0047,37321.74,UPI,SUCCESS,2026-07-03 05:39:04.362263
T004888,C0461,M0040,47045.46,CARD,SUCCESS,2026-07-02 05:00:31.900929
T004889,C0484,M0050,7389.26,CARD,SUCCESS,2026-08-05 13:23:01.752301
T004890,C0150,M0045,40199.77,NET_BANKING,SUCCESS,2026-07-11 10:27:16.640850
T004891,C0353,M0014,40001.56,CARD,FAILED,2026-08-19 10:29:42.621958
T004892,C0201,M0006,49619.71,CARD,SUCCESS,2026-07-03 12:13:01.388835
T004893,C0024,M0025,5103.61,UPI,SUCCESS,2026-06-13 18:12:43.293461
T004894,C0175,M0012,37743.35,CARD,SUCCESS,2026-06-16 14:42:30.669251
T004895,C0182,M0024,38444.14,WALLET,SUCCESS,2026-07-04 10:03:58.818500
T004896,C0222,M0029,317.82,NET_BANKING,SUCCESS,2026-06-10 12:02:49.692737
T004897,C0271,M0021,3880.25,UPI,SUCCESS,2026-07-23 04:18:05.800961
T004898,C0009,M0020,25876.41,NET_BANKING,SUCCESS,2026-06-16 12:15:42.440280
T004899,C0290,M0025,18697.44,CARD,SUCCESS,2026-08-15 12:13:46.642165
T004900,C0262,M0024,22811.57,NET_BANKING,SUCCESS,2026-07-20 17:19:19.087698
T004901,C0256,M0024,19376.85,CARD,SUCCESS,2026-07-22 02:14:58.994530
T004902,C0143,M0042,37138.67,CARD,SUCCESS,2026-07-18 18:50:51.572857
T004903,C0070,M0041,13385.71,WALLET,SUCCESS,2026-08-24 06:40:06.013721
T004904,C0306,M0041,20443.73,NET_BANKING,SUCCESS,2026-08-30 04:10:10.815491
T004905,C0274,M0033,22135.81,WALLET,SUCCESS,2026-07-13 19:15:34.005703
T004906,C0047,M0023,34723.63,NET_BANKING,SUCCESS,2026-08-18 18:08:01.249211
T004907,C0040,M0023,40416.49,UPI,SUCCESS,2026-07-19 21:00:59.763071
T004908,C0285,M0050,43744.11,CARD,SUCCESS,2026-08-20 00:29:59.563270
T004909,C0367,M0017,48944.36,WALLET,SUCCESS,2026-07-14 01:57:29.699734
T004910,C0353,M0021,33192.29,UPI,SUCCESS,2026-06-13 09:57:52.683251
T004911,C0151,M0026,15856.47,UPI,SUCCESS,2026-07-31 03:33:34.990157
T004912,C0170,M0042,25179.01,NET_BANKING,SUCCESS,2026-07-11 18:18:22.137895
T004913,C0260,M0002,48145.41,UPI,SUCCESS,2026-08-15 02:15:14.816001
T004914,C0473,M0026,38384.36,CARD,SUCCESS,2026-06-29 17:55:25.472300
T004915,C0232,M0018,37487.53,WALLET,SUCCESS,2026-08-11 13:26:45.225652
T004916,C0471,M0048,22380.2,WALLET,SUCCESS,2026-07-03 04:38:56.151484
T004917,C0492,M0020,33130.16,WALLET,SUCCESS,2026-08-27 14:44:20.090131
T004918,C0443,M0031,7858.35,WALLET,SUCCESS,2026-06-13 10:58:12.146495
T004919,C0270,M0031,20206.79,UPI,SUCCESS,2026-07-12 05:52:36.910746
T004920,C0196,M0041,42263.27,CARD,SUCCESS,2026-07-26 11:39:00.849022
T004921,C0369,M0039,26183.85,CARD,SUCCESS,2026-07-31 19:43:59.243178
T004922,C0320,M0022,18490.38,NET_BANKING,SUCCESS,2026-08-26 17:28:11.180102
T004923,C0366,M0006,23524.12,CARD,SUCCESS,2026-06-23 03:07:33.317665
T004924,C0189,M0030,25709.83,WALLET,SUCCESS,2026-07-26 02:16:53.793441
T004925,C0039,M0010,24553.77,CARD,SUCCESS,2026-07-25 19:12:33.120172
T004926,C0348,M0048,28717.1,CARD,PENDING,2026-08-31 22:44:36.030642
T004927,C0498,M0030,12505.89,CARD,SUCCESS,2026-07-04 00:48:32.853563
T004928,C0259,M0046,24330.39,WALLET,SUCCESS,2026-08-14 17:35:39.042709
T004929,C0418,M0012,35571.92,WALLET,SUCCESS,2026-07-25 10:44:41.905453
T004930,C0253,M0039,34813.02,UPI,SUCCESS,2026-06-22 22:27:55.004907
T004931,C0157,M0046,17930.41,UPI,SUCCESS,2026-06-17 05:09:25.247961
T004932,C0006,M0006,17999.32,WALLET,SUCCESS,2026-08-06 21:56:42.037363
T004933,C0010,M0039,290.36,UPI,SUCCESS,2026-07-17 08:38:40.621790
T004934,C0087,M0037,17938.89,NET_BANKING,SUCCESS,2026-08-22 18:27:14.257335
T004935,C0033,M0028,36831.1,WALLET,SUCCESS,2026-06-08 21:27:54.720779
T004936,C0399,M0020,42907.58,UPI,SUCCESS,2026-06-17 15:55:31.086856
T004937,C0293,M0043,27979.52,WALLET,SUCCESS,2026-07-14 21:53:47.621783
T004938,C0044,M0046,22217.01,UPI,SUCCESS,2026-07-01 01:23:57.953551
T004939,C0450,M0026,47576.48,WALLET,SUCCESS,2026-08-27 03:02:46.365254
T004940,C0327,M0045,30331.63,UPI,SUCCESS,2026-07-26 11:16:04.223287
T004941,C0012,M0004,48945.84,CARD,FAILED,2026-07-16 17:37:46.631269
T004942,C0186,M0048,14149.22,CARD,SUCCESS,2026-07-02 13:00:00.666170
T004943,C0372,M0010,31349.14,NET_BANKING,SUCCESS,2026-07-18 06:06:32.125685
T004944,C0221,M0013,43831.98,UPI,SUCCESS,2026-07-17 14:00:38.271023
T004945,C0242,M0039,26388.28,CARD,SUCCESS,2026-08-23 20:58:58.295082
T004946,C0051,M0023,32509.78,CARD,SUCCESS,2026-07-09 22:33:57.741599
T004947,C0306,M0033,7669.86,NET_BANKING,SUCCESS,2026-08-11 17:29:09.678442
T004948,C0379,M0005,20028.3,UPI,SUCCESS,2026-08-02 18:22:58.132674
T004949,C0343,M0036,20095.4,NET_BANKING,SUCCESS,2026-08-01 14:11:23.425594
T004950,C0158,M0001,33700.59,CARD,FAILED,2026-07-25 03:55:34.458292
T004951,C0259,M0032,42323.92,CARD,SUCCESS,2026-08-12 12:12:12.604086
T004952,C0138,M0026,21062.95,CARD,SUCCESS,2026-09-05 11:15:30.599388
T004953,C0449,M0026,32458.15,NET_BANKING,SUCCESS,2026-08-19 06:00:28.933386
T004954,C0212,M0004,36192.19,CARD,SUCCESS,2026-08-21 13:49:14.153028
T004955,C0094,M0043,26770.0,UPI,SUCCESS,2026-06-14 17:19:05.701417
T004956,C0192,M0021,3913.92,CARD,SUCCESS,2026-09-01 21:55:06.818696
T004957,C0167,M0029,42986.85,WALLET,SUCCESS,2026-06-21 15:24:21.424883
T004958,C0401,M0045,41683.18,UPI,SUCCESS,2026-08-13 21:45:28.086294
T004959,C0025,M0046,35801.65,CARD,SUCCESS,2026-08-13 21:44:03.343771
T004960,C0381,M0002,13781.88,CARD,SUCCESS,2026-08-01 15:56:34.925760
T004961,C0064,M0040,22972.94,NET_BANKING,PENDING,2026-09-04 12:15:03.146555
T004962,C0434,M0034,19690.74,CARD,SUCCESS,2026-06-10 18:29:17.757668
T004963,C0317,M0048,17795.48,UPI,SUCCESS,2026-06-16 08:09:49.240998
T004964,C0333,M0012,38055.13,NET_BANKING,SUCCESS,2026-08-26 18:45:54.649216
T004965,C0428,M0002,44541.42,WALLET,SUCCESS,2026-06-15 00:15:10.897355
T004966,C0173,M0040,6758.87,NET_BANKING,SUCCESS,2026-06-20 18:05:39.370071
T004967,C0063,M0034,22924.66,WALLET,SUCCESS,2026-07-01 23:39:19.731124
T004968,C0212,M0049,30972.05,NET_BANKING,SUCCESS,2026-07-25 22:12:28.166139
T004969,C0477,M0045,17151.79,CARD,FAILED,2026-06-09 17:08:14.575187
T004970,C0406,M0007,44174.47,WALLET,SUCCESS,2026-07-25 00:48:57.946789
T004971,C0042,M0003,24395.13,WALLET,SUCCESS,2026-07-02 18:58:06.813004
T004972,C0131,M0044,8551.08,CARD,FAILED,2026-07-05 16:18:38.864533
T004973,C0458,M0038,7128.68,CARD,SUCCESS,2026-07-06 18:49:52.702641
T004974,C0195,M0003,15439.16,UPI,SUCCESS,2026-07-16 19:43:22.542490
T004975,C0189,M0002,3456.65,WALLET,SUCCESS,2026-08-25 17:37:33.675786
T004976,C0084,M0044,14365.16,NET_BANKING,SUCCESS,2026-07-12 11:32:30.193551
T004977,C0118,M0007,40263.5,WALLET,SUCCESS,2026-07-23 19:45:38.808108
T004978,C0334,M0013,31310.42,CARD,SUCCESS,2026-06-23 20:07:32.919295
T004979,C0048,M0014,41031.42,NET_BANKING,SUCCESS,2026-09-03 05:34:04.183234
T004980,C0467,M0027,33068.27,WALLET,SUCCESS,2026-08-11 16:45:02.209220
T004981,C0115,M0025,6196.94,WALLET,SUCCESS,2026-08-19 07:51:13.484563
T004982,C0293,M0024,19412.45,NET_BANKING,SUCCESS,2026-06-17 21:00:41.586641
T004983,C0404,M0010,9704.36,WALLET,SUCCESS,2026-08-16 04:20:34.288726
T004984,C0303,M0028,49826.39,CARD,FAILED,2026-08-15 06:27:14.083881
T004985,C0014,M0030,17554.82,NET_BANKING,PENDING,2026-06-20 07:30:42.941704
T004986,C0047,M0017,43490.37,WALLET,SUCCESS,2026-08-29 23:08:05.119762
T004987,C0254,M0031,30443.61,WALLET,SUCCESS,2026-06-11 01:12:56.004561
T004988,C0082,M0028,20910.96,UPI,SUCCESS,2026-08-31 06:38:21.022414
T004989,C0275,M0034,49186.93,NET_BANKING,SUCCESS,2026-08-05 04:58:44.274546
T004990,C0320,M0032,38705.28,UPI,SUCCESS,2026-08-20 03:56:27.737573
T004991,C0004,M0035,35471.95,CARD,SUCCESS,2026-08-03 20:12:29.045602
T004992,C0220,M0038,21286.16,WALLET,PENDING,2026-08-20 15:30:57.371632
T004993,C0093,M0013,31920.14,WALLET,SUCCESS,2026-07-20 09:26:25.876738
T004994,C0036,M0029,18397.8,CARD,FAILED,2026-08-18 14:58:39.958632
T004995,C0342,M0033,6849.86,WALLET,SUCCESS,2026-06-09 15:19:01.992991
T004996,C0478,M0024,24051.37,NET_BANKING,SUCCESS,2026-07-14 14:19:49.240931
T004997,C0132,M0035,37115.7,UPI,SUCCESS,2026-07-13 07:46:16.354843
T004998,C0424,M0024,45980.2,UPI,SUCCESS,2026-06-24 22:46:29.909134
T004999,C0322,M0007,40883.38,NET_BANKING,SUCCESS,2026-08-26 03:42:29.148751
T005000,C0224,M0034,37604.0,WALLET,SUCCESS,2026-08-06 12:32:47.471511
T005001,C0473,M0048,41656.97,UPI,FAILED,2026-07-02 23:20:32.580719
T005002,C0211,M0048,43199.98,NET_BANKING,SUCCESS,2026-06-09 19:04:06.192145
T005003,C0319,M0039,32022.14,WALLET,SUCCESS,2026-07-01 06:04:35.600704
T005004,C0134,M0049,25070.83,WALLET,SUCCESS,2026-07-15 06:10:56.062460
T005005,C0476,M0029,41977.68,WALLET,SUCCESS,2026-08-27 05:01:45.078987
T005006,C0355,M0009,10254.54,WALLET,SUCCESS,2026-07-15 02:35:39.494402
T005007,C0380,M0014,34959.28,NET_BANKING,SUCCESS,2026-08-24 18:33:09.557672
T005008,C0275,M0034,44291.84,CARD,SUCCESS,2026-08-02 19:36:38.440296
T005009,C0094,M0028,9119.65,WALLET,SUCCESS,2026-06-17 12:03:46.960205
T005010,C0379,M0008,25598.77,CARD,FAILED,2026-07-12 22:41:30.735200
T005011,C0085,M0013,25777.57,WALLET,SUCCESS,2026-07-21 19:25:13.585702
T005012,C0255,M0007,15996.37,NET_BANKING,SUCCESS,2026-08-20 03:53:05.357071
T005013,C0343,M0024,9770.44,WALLET,SUCCESS,2026-06-30 12:22:52.947218
T005014,C0012,M0036,38633.42,UPI,SUCCESS,2026-06-29 16:34:03.271816
T005015,C0185,M0020,43114.55,CARD,FAILED,2026-08-29 20:54:08.866019
T005016,C0157,M0021,7115.81,WALLET,SUCCESS,2026-07-14 11:42:07.612830
T005017,C0137,M0034,16359.37,WALLET,SUCCESS,2026-08-05 00:11:33.174701
T005018,C0058,M0043,16172.73,WALLET,PENDING,2026-06-30 09:06:09.571105
T005019,C0492,M0031,28303.16,CARD,SUCCESS,2026-06-25 23:21:12.384759
T005020,C0243,M0028,3533.92,CARD,SUCCESS,2026-06-28 05:13:47.278939
T005021,C0289,M0008,34173.1,UPI,SUCCESS,2026-07-15 14:28:27.901579
T005022,C0067,M0034,38167.28,UPI,SUCCESS,2026-08-21 14:55:23.660860
T005023,C0478,M0038,39513.85,UPI,SUCCESS,2026-06-20 04:09:12.748956
T005024,C0169,M0011,3766.52,CARD,FAILED,2026-06-17 08:36:26.166423
T005025,C0436,M0002,95.7,UPI,SUCCESS,2026-07-04 11:45:03.459048
T005026,C0426,M0015,14848.47,CARD,SUCCESS,2026-08-26 13:30:19.924805
T005027,C0003,M0050,3235.56,WALLET,SUCCESS,2026-07-26 10:24:19.036282
T005028,C0257,M0046,5167.48,NET_BANKING,SUCCESS,2026-07-16 09:23:24.808174
T005029,C0318,M0048,1945.27,CARD,SUCCESS,2026-09-04 11:36:46.163347
T005030,C0278,M0023,21232.68,CARD,SUCCESS,2026-07-23 20:14:38.634576
T005031,C0079,M0011,2641.93,CARD,SUCCESS,2026-06-19 07:14:49.006858
T005032,C0239,M0032,49263.78,UPI,SUCCESS,2026-07-26 20:30:44.621629
T005033,C0025,M0001,41994.74,UPI,SUCCESS,2026-09-01 20:14:05.693779
T005034,C0411,M0006,33120.55,UPI,FAILED,2026-08-06 22:18:21.926637
T005035,C0379,M0014,46777.48,UPI,SUCCESS,2026-07-29 21:40:30.960653
T005036,C0337,M0038,27238.93,UPI,SUCCESS,2026-08-29 00:44:06.724479
T005037,C0041,M0001,18598.33,WALLET,SUCCESS,2026-07-15 08:02:06.541958
T005038,C0071,M0044,36970.19,UPI,SUCCESS,2026-08-12 08:38:59.049958
T005039,C0097,M0002,17172.66,UPI,SUCCESS,2026-08-26 08:04:10.114927
T005040,C0261,M0012,7942.66,WALLET,SUCCESS,2026-08-12 14:42:18.628935
T005041,C0112,M0040,42396.57,WALLET,SUCCESS,2026-06-19 02:30:37.473269
T005042,C0378,M0037,6031.11,WALLET,SUCCESS,2026-07-05 22:53:05.001650
T005043,C0136,M0027,43735.19,WALLET,SUCCESS,2026-07-08 03:17:21.645076
T005044,C0335,M0047,980.69,WALLET,FAILED,2026-07-05 05:45:59.248301
T005045,C0037,M0023,10367.35,CARD,PENDING,2026-08-08 08:46:07.621644
T005046,C0301,M0042,41386.56,NET_BANKING,SUCCESS,2026-07-29 11:09:37.002194
T005047,C0340,M0028,35889.82,WALLET,SUCCESS,2026-07-01 11:50:50.697986
T005048,C0294,M0025,7605.68,CARD,PENDING,2026-07-29 05:11:34.130086
T005049,C0374,M0014,22660.39,UPI,SUCCESS,2026-07-28 20:48:57.246765
T005050,C0016,M0019,26384.98,UPI,PENDING,2026-06-17 11:01:10.575358
T005051,C0200,M0031,14478.49,WALLET,SUCCESS,2026-07-20 10:06:08.479312
T005052,C0473,M0044,36722.36,CARD,SUCCESS,2026-08-28 08:26:55.425972
T005053,C0444,M0034,46654.36,UPI,SUCCESS,2026-07-18 10:18:49.910375
T005054,C0315,M0046,18743.21,WALLET,SUCCESS,2026-06-23 00:34:51.969095
T005055,C0184,M0006,24767.07,UPI,SUCCESS,2026-08-09 23:32:31.561471
T005056,C0401,M0050,2467.9,CARD,SUCCESS,2026-06-19 20:41:25.843065
T005057,C0277,M0039,29392.08,WALLET,SUCCESS,2026-07-05 07:03:34.760071
T005058,C0132,M0011,9001.83,UPI,SUCCESS,2026-08-23 21:09:15.881465
T005059,C0331,M0047,21082.42,CARD,SUCCESS,2026-06-29 00:11:07.092965
T005060,C0216,M0009,8368.14,CARD,SUCCESS,2026-06-21 23:41:34.386666
T005061,C0050,M0037,46290.24,CARD,SUCCESS,2026-07-20 21:21:47.019351
T005062,C0229,M0027,2794.0,WALLET,SUCCESS,2026-08-04 08:50:29.499462
T005063,C0065,M0046,12940.37,UPI,FAILED,2026-07-10 21:51:38.629267
T005064,C0232,M0019,38245.03,UPI,SUCCESS,2026-06-23 03:09:36.057398
T005065,C0079,M0003,40490.69,WALLET,SUCCESS,2026-06-13 09:04:52.004111
T005066,C0028,M0043,45168.54,WALLET,PENDING,2026-07-25 02:59:23.238510
T005067,C0375,M0045,46708.04,UPI,FAILED,2026-07-09 07:02:06.028179
T005068,C0160,M0008,32038.54,NET_BANKING,SUCCESS,2026-09-01 20:05:06.915389
T005069,C0373,M0006,42919.4,UPI,SUCCESS,2026-07-21 17:41:55.330992
T005070,C0256,M0023,41953.64,CARD,SUCCESS,2026-07-23 13:32:50.308993
T005071,C0455,M0049,45398.79,WALLET,SUCCESS,2026-06-23 08:20:40.433738
T005072,C0357,M0030,49499.69,UPI,FAILED,2026-06-21 16:47:08.575604
T005073,C0192,M0022,30725.19,NET_BANKING,SUCCESS,2026-08-22 08:42:47.293827
T005074,C0194,M0012,16305.71,WALLET,SUCCESS,2026-08-19 18:15:26.282267
T005075,C0184,M0006,6501.52,UPI,SUCCESS,2026-08-09 02:46:40.224908
T005076,C0114,M0033,1801.51,CARD,SUCCESS,2026-06-11 10:46:51.925751
T005077,C0082,M0038,44292.44,NET_BANKING,SUCCESS,2026-06-23 08:42:55.478179
T005078,C0155,M0027,37183.71,CARD,SUCCESS,2026-06-15 05:18:24.111535
T005079,C0491,M0030,24590.37,WALLET,SUCCESS,2026-07-25 23:49:26.377007
T005080,C0009,M0006,3417.18,NET_BANKING,SUCCESS,2026-08-26 05:52:12.740530
T005081,C0295,M0020,16870.75,NET_BANKING,SUCCESS,2026-08-22 19:53:19.909971
T005082,C0273,M0048,49546.33,UPI,SUCCESS,2026-07-21 12:34:56.346303
T005083,C0286,M0042,14953.37,CARD,SUCCESS,2026-08-23 23:24:58.937082
T005084,C0361,M0024,45902.26,WALLET,SUCCESS,2026-08-22 20:47:34.560551
T005085,C0085,M0011,1452.21,NET_BANKING,PENDING,2026-08-28 06:16:30.549989
T005086,C0450,M0049,30662.47,UPI,SUCCESS,2026-08-22 14:53:16.483898
T005087,C0476,M0031,43106.06,UPI,SUCCESS,2026-08-04 23:38:21.082369
T005088,C0272,M0009,15309.73,WALLET,SUCCESS,2026-08-28 20:36:55.166000
T005089,C0443,M0016,34759.49,CARD,SUCCESS,2026-06-21 17:48:10.243513
T005090,C0283,M0011,6921.2,CARD,SUCCESS,2026-07-04 02:30:40.736697
T005091,C0090,M0018,13922.36,WALLET,SUCCESS,2026-07-01 02:01:10.442054
T005092,C0474,M0042,13810.14,NET_BANKING,SUCCESS,2026-07-22 00:28:24.373406
T005093,C0429,M0001,32121.18,CARD,SUCCESS,2026-08-20 16:08:56.366273
T005094,C0259,M0049,22501.63,NET_BANKING,SUCCESS,2026-07-08 02:38:36.474707
T005095,C0379,M0041,16486.74,CARD,SUCCESS,2026-08-03 07:10:04.471101
T005096,C0034,M0044,38166.45,WALLET,SUCCESS,2026-08-14 12:39:00.160082
T005097,C0288,M0007,11266.31,UPI,SUCCESS,2026-07-16 22:41:18.034151
T005098,C0264,M0015,9264.46,CARD,SUCCESS,2026-09-02 22:53:48.774487
T005099,C0204,M0045,37775.92,UPI,SUCCESS,2026-07-23 07:11:50.685323
T005100,C0206,M0007,4593.04,UPI,SUCCESS,2026-07-31 12:49:18.930009
T005101,C0055,M0014,30061.0,NET_BANKING,FAILED,2026-06-15 20:20:07.705549
T005102,C0192,M0017,43474.59,WALLET,SUCCESS,2026-08-07 07:46:03.491434
T005103,C0233,M0028,38565.71,WALLET,SUCCESS,2026-07-12 23:59:13.799249
T005104,C0009,M0026,13861.37,CARD,SUCCESS,2026-06-14 10:10:09.729706
T005105,C0356,M0013,44317.73,WALLET,SUCCESS,2026-08-20 12:19:57.728391
T005106,C0364,M0049,15061.22,NET_BANKING,SUCCESS,2026-08-05 15:43:15.018679
T005107,C0268,M0036,44464.15,WALLET,SUCCESS,2026-06-23 17:50:20.385755
T005108,C0191,M0030,40521.27,CARD,SUCCESS,2026-06-13 23:29:43.253402
T005109,C0364,M0008,21386.24,CARD,SUCCESS,2026-07-18 05:02:28.989834
T005110,C0433,M0032,37483.7,WALLET,PENDING,2026-07-08 13:54:21.256707
T005111,C0270,M0046,26441.36,WALLET,SUCCESS,2026-06-25 15:34:27.610968
T005112,C0208,M0035,32115.33,CARD,SUCCESS,2026-06-29 21:00:37.100134
T005113,C0031,M0029,11425.4,CARD,FAILED,2026-07-18 16:35:38.953496
T005114,C0456,M0046,21956.32,CARD,SUCCESS,2026-07-04 02:40:57.284679
T005115,C0317,M0017,40101.94,UPI,FAILED,2026-08-24 13:14:04.501227
T005116,C0378,M0021,18383.41,NET_BANKING,SUCCESS,2026-06-15 09:19:44.222620
T005117,C0005,M0026,27206.75,NET_BANKING,SUCCESS,2026-07-06 04:52:12.339698
T005118,C0144,M0020,40045.99,CARD,SUCCESS,2026-06-17 07:49:53.751426
T005119,C0138,M0014,41255.62,UPI,SUCCESS,2026-08-04 14:37:53.189336
T005120,C0360,M0035,22017.3,UPI,SUCCESS,2026-08-30 09:16:40.141689
T005121,C0327,M0007,43622.07,UPI,SUCCESS,2026-07-31 01:32:34.464712
T005122,C0242,M0048,23866.0,CARD,SUCCESS,2026-08-09 09:16:12.601531
T005123,C0384,M0049,3214.51,UPI,SUCCESS,2026-07-25 04:21:30.583779
T005124,C0164,M0050,3481.39,UPI,SUCCESS,2026-07-31 03:08:00.538944
T005125,C0215,M0033,7957.64,CARD,SUCCESS,2026-07-05 14:08:13.443338
T005126,C0455,M0035,31018.66,NET_BANKING,SUCCESS,2026-07-27 09:15:52.664822
T005127,C0200,M0010,10304.66,NET_BANKING,SUCCESS,2026-08-09 02:45:43.251873
T005128,C0047,M0024,200.26,CARD,SUCCESS,2026-06-25 03:57:38.975126
T005129,C0236,M0040,18134.75,UPI,FAILED,2026-08-05 18:46:48.246503
T005130,C0102,M0020,10706.27,NET_BANKING,PENDING,2026-06-14 04:33:23.189886
T005131,C0102,M0016,23160.37,UPI,SUCCESS,2026-07-21 10:37:14.604331
T005132,C0277,M0005,27818.46,NET_BANKING,SUCCESS,2026-07-30 04:15:55.346318
T005133,C0103,M0003,49991.83,CARD,SUCCESS,2026-07-08 04:15:14.038274
T005134,C0208,M0029,6560.0,CARD,SUCCESS,2026-06-20 11:33:10.733596
T005135,C0203,M0043,26550.06,NET_BANKING,SUCCESS,2026-06-22 11:17:48.512824
T005136,C0122,M0024,5165.73,WALLET,SUCCESS,2026-06-15 18:35:28.719437
T005137,C0418,M0015,34557.8,UPI,SUCCESS,2026-06-24 18:31:34.935128
T005138,C0225,M0005,10710.25,CARD,SUCCESS,2026-08-05 11:09:46.256470
T005139,C0069,M0024,20409.71,CARD,SUCCESS,2026-08-25 08:31:29.937663
T005140,C0060,M0009,40720.7,UPI,SUCCESS,2026-06-21 02:11:34.888689
T005141,C0338,M0005,10608.91,CARD,SUCCESS,2026-07-12 18:00:00.408237
T005142,C0214,M0023,21104.17,WALLET,SUCCESS,2026-07-09 09:50:04.271000
T005143,C0214,M0002,20072.95,UPI,SUCCESS,2026-09-04 06:36:38.092497
T005144,C0285,M0036,44516.06,NET_BANKING,SUCCESS,2026-08-21 01:26:38.976120
T005145,C0146,M0043,41700.87,UPI,SUCCESS,2026-08-31 19:20:06.109306
T005146,C0291,M0045,29775.77,CARD,FAILED,2026-08-26 03:05:29.125783
T005147,C0053,M0016,17183.0,WALLET,SUCCESS,2026-06-30 05:32:52.213452
T005148,C0183,M0036,42282.45,CARD,SUCCESS,2026-08-08 16:21:21.481291
T005149,C0381,M0018,14936.41,CARD,FAILED,2026-07-28 23:30:01.853857
T005150,C0483,M0016,21997.24,CARD,SUCCESS,2026-07-05 05:08:47.055088
T005151,C0074,M0029,22224.81,WALLET,SUCCESS,2026-08-29 08:03:51.380918
T005152,C0482,M0048,42295.61,UPI,SUCCESS,2026-06-13 19:20:16.211089
T005153,C0214,M0042,39800.62,WALLET,SUCCESS,2026-07-08 11:53:17.927953
T005154,C0187,M0025,5689.98,WALLET,SUCCESS,2026-09-03 08:52:57.173524
T005155,C0261,M0015,47787.32,UPI,SUCCESS,2026-06-11 18:52:04.469547
T005156,C0345,M0013,1179.93,UPI,SUCCESS,2026-08-10 18:15:02.935256
T005157,C0261,M0043,41365.21,UPI,SUCCESS,2026-06-29 16:25:27.291897
T005158,C0052,M0031,40070.83,UPI,SUCCESS,2026-08-23 11:27:36.154319
T005159,C0305,M0007,3599.81,WALLET,SUCCESS,2026-07-05 15:30:00.464578
T005160,C0384,M0034,25100.59,CARD,PENDING,2026-08-06 06:09:03.718980
T005161,C0225,M0008,41615.7,NET_BANKING,SUCCESS,2026-07-08 10:15:50.629317
T005162,C0327,M0021,35713.32,NET_BANKING,SUCCESS,2026-07-25 03:30:37.398779
T005163,C0326,M0047,44532.89,UPI,SUCCESS,2026-08-28 13:06:58.434507
T005164,C0427,M0019,43353.04,UPI,SUCCESS,2026-08-15 01:37:40.344633
T005165,C0212,M0044,17091.82,NET_BANKING,SUCCESS,2026-07-12 13:51:48.673639
T005166,C0180,M0041,26428.38,UPI,SUCCESS,2026-08-07 19:32:29.657414
T005167,C0489,M0030,29365.96,UPI,SUCCESS,2026-08-26 12:08:49.051672
T005168,C0283,M0019,14971.16,WALLET,SUCCESS,2026-08-10 23:05:21.759067
T005169,C0134,M0041,44829.46,WALLET,SUCCESS,2026-06-18 17:18:53.901886
T005170,C0492,M0006,31322.26,WALLET,SUCCESS,2026-08-26 04:08:11.219550
T005171,C0134,M0011,33594.62,CARD,SUCCESS,2026-08-22 22:37:13.137474
T005172,C0389,M0034,12602.5,WALLET,SUCCESS,2026-08-24 15:33:25.268417
T005173,C0411,M0028,41314.4,WALLET,SUCCESS,2026-06-24 07:32:28.850075
T005174,C0002,M0028,7986.73,NET_BANKING,FAILED,2026-08-09 10:01:54.265956
T005175,C0300,M0018,46012.84,NET_BANKING,SUCCESS,2026-06-29 05:50:14.018459
T005176,C0018,M0025,36676.36,WALLET,SUCCESS,2026-07-21 15:26:14.370842
T005177,C0035,M0019,44690.13,UPI,SUCCESS,2026-08-15 22:09:10.940362
T005178,C0477,M0015,15425.96,UPI,SUCCESS,2026-08-19 15:15:44.553370
T005179,C0201,M0030,30859.87,UPI,SUCCESS,2026-09-02 10:34:15.240098
T005180,C0318,M0025,47820.73,UPI,SUCCESS,2026-08-05 16:23:15.546285
T005181,C0413,M0025,25059.29,WALLET,SUCCESS,2026-06-08 06:04:30.404881
T005182,C0454,M0017,9549.55,CARD,SUCCESS,2026-07-09 04:17:08.812251
T005183,C0031,M0037,14590.17,UPI,SUCCESS,2026-07-01 20:34:29.168878
T005184,C0421,M0036,9989.18,NET_BANKING,SUCCESS,2026-08-10 13:09:45.393390
T005185,C0175,M0036,2289.6,CARD,SUCCESS,2026-07-23 21:55:59.346363
T005186,C0159,M0008,5226.32,WALLET,SUCCESS,2026-06-20 03:57:47.934784
T005187,C0418,M0008,48685.7,CARD,SUCCESS,2026-08-12 22:35:37.675218
T005188,C0266,M0030,39790.69,NET_BANKING,PENDING,2026-07-11 01:53:22.279081
T005189,C0192,M0047,41390.06,WALLET,SUCCESS,2026-07-27 08:47:05.813381
T005190,C0174,M0011,38553.46,UPI,SUCCESS,2026-08-28 14:02:24.530651
T005191,C0465,M0048,22992.76,WALLET,SUCCESS,2026-07-04 09:01:45.462788
T005192,C0266,M0044,25400.33,UPI,SUCCESS,2026-08-04 13:49:07.442441
T005193,C0472,M0006,31935.44,UPI,SUCCESS,2026-08-06 21:14:43.480797
T005194,C0349,M0004,4036.69,WALLET,PENDING,2026-06-17 02:32:03.108645
T005195,C0216,M0039,30049.79,CARD,SUCCESS,2026-06-08 17:59:46.246369
T005196,C0481,M0010,44151.25,WALLET,SUCCESS,2026-07-12 09:39:50.351823
T005197,C0070,M0048,14826.14,UPI,FAILED,2026-06-20 22:12:41.361218
T005198,C0450,M0008,4343.55,UPI,SUCCESS,2026-09-01 07:58:23.203426
T005199,C0121,M0023,6115.73,CARD,SUCCESS,2026-07-29 21:53:09.027168
T005200,C0045,M0016,38130.62,WALLET,SUCCESS,2026-07-25 20:37:06.792439
T005201,C0128,M0044,2011.88,CARD,SUCCESS,2026-08-16 12:42:37.397724
T005202,C0154,M0048,18921.88,WALLET,PENDING,2026-06-18 06:34:36.880605
T005203,C0481,M0013,15535.47,WALLET,SUCCESS,2026-07-22 10:37:36.558360
T005204,C0403,M0022,9440.97,NET_BANKING,SUCCESS,2026-08-14 23:02:05.226285
T005205,C0338,M0042,49658.82,CARD,SUCCESS,2026-06-21 18:54:13.892187
T005206,C0009,M0044,11042.24,WALLET,SUCCESS,2026-08-16 17:20:34.361331
T005207,C0358,M0003,49501.58,CARD,SUCCESS,2026-07-25 00:52:44.350809
T005208,C0115,M0041,48904.79,CARD,FAILED,2026-06-17 10:17:55.654757
T005209,C0111,M0030,14179.68,NET_BANKING,SUCCESS,2026-08-18 16:55:15.070236
T005210,C0193,M0024,7080.09,CARD,SUCCESS,2026-06-14 03:28:22.984809
T005211,C0001,M0014,3581.08,CARD,SUCCESS,2026-09-02 14:57:24.417785
T005212,C0076,M0042,19400.69,NET_BANKING,SUCCESS,2026-09-04 20:29:54.983931
T005213,C0441,M0023,48774.02,CARD,SUCCESS,2026-08-17 03:28:32.171856
T005214,C0348,M0005,16580.71,UPI,SUCCESS,2026-07-14 13:10:45.645371
T005215,C0482,M0031,22559.81,UPI,SUCCESS,2026-07-08 16:30:33.690895
T005216,C0247,M0049,26487.36,CARD,FAILED,2026-08-19 02:28:28.107589
T005217,C0115,M0047,9907.12,UPI,SUCCESS,2026-06-27 05:13:14.174910
T005218,C0016,M0042,3012.67,CARD,SUCCESS,2026-07-17 06:50:29.116651
T005219,C0141,M0040,15226.27,UPI,FAILED,2026-06-14 00:56:39.841372
T005220,C0254,M0023,40957.84,UPI,SUCCESS,2026-09-01 03:32:33.365825
T005221,C0381,M0022,46612.18,UPI,SUCCESS,2026-08-29 22:10:49.573752
T005222,C0041,M0003,8735.84,UPI,SUCCESS,2026-08-27 04:28:21.009590
T005223,C0263,M0039,11099.5,WALLET,SUCCESS,2026-06-11 07:00:35.265809
T005224,C0002,M0026,23985.48,NET_BANKING,PENDING,2026-08-29 22:26:15.730363
T005225,C0464,M0040,2828.68,UPI,SUCCESS,2026-07-13 22:07:05.510734
T005226,C0414,M0050,24604.06,UPI,SUCCESS,2026-06-23 06:23:42.940997
T005227,C0487,M0010,36988.62,UPI,SUCCESS,2026-07-18 07:41:35.464867
T005228,C0026,M0013,42905.76,WALLET,SUCCESS,2026-08-24 15:56:41.504944
T005229,C0210,M0024,36871.99,NET_BANKING,SUCCESS,2026-07-24 12:38:09.775820
T005230,C0311,M0006,8864.12,UPI,SUCCESS,2026-09-05 06:41:11.265307
T005231,C0044,M0024,1550.44,WALLET,SUCCESS,2026-09-01 13:22:51.480969
T005232,C0044,M0049,8185.36,NET_BANKING,SUCCESS,2026-08-30 13:09:16.519107
T005233,C0429,M0024,9353.98,NET_BANKING,PENDING,2026-08-15 08:34:51.899391
T005234,C0193,M0016,21488.85,UPI,SUCCESS,2026-09-04 16:27:38.675036
T005235,C0273,M0020,8051.1,UPI,SUCCESS,2026-06-24 14:02:59.209281
T005236,C0347,M0024,45610.58,CARD,SUCCESS,2026-08-04 13:41:37.501423
T005237,C0149,M0029,19253.34,NET_BANKING,SUCCESS,2026-07-09 14:40:00.684997
T005238,C0124,M0027,4688.72,WALLET,SUCCESS,2026-07-29 13:09:20.056114
T005239,C0140,M0030,42150.28,UPI,SUCCESS,2026-06-12 06:49:05.006636
T005240,C0245,M0008,42382.43,WALLET,SUCCESS,2026-06-21 18:43:10.257507
T005241,C0020,M0041,22468.49,UPI,SUCCESS,2026-07-13 01:47:21.983899
T005242,C0305,M0021,41957.23,CARD,SUCCESS,2026-07-28 20:15:52.567020
T005243,C0498,M0010,19084.81,UPI,SUCCESS,2026-07-04 04:33:36.963187
T005244,C0299,M0024,34220.27,UPI,SUCCESS,2026-06-29 01:11:25.090433
T005245,C0025,M0019,47548.39,UPI,SUCCESS,2026-07-02 16:19:56.742853
T005246,C0161,M0040,12009.43,CARD,SUCCESS,2026-07-08 10:32:09.551661
T005247,C0085,M0010,24174.14,WALLET,SUCCESS,2026-06-17 14:56:56.879424
T005248,C0041,M0011,31247.29,UPI,FAILED,2026-08-07 02:36:29.730538
T005249,C0100,M0021,26095.2,CARD,SUCCESS,2026-06-12 14:13:32.062042
T005250,C0155,M0028,11358.15,CARD,SUCCESS,2026-08-08 19:56:45.302205
T005251,C0474,M0017,6046.18,CARD,SUCCESS,2026-08-14 22:56:02.622591
T005252,C0042,M0042,45806.81,WALLET,SUCCESS,2026-06-24 22:47:15.529763
T005253,C0352,M0015,19057.02,WALLET,SUCCESS,2026-08-03 17:05:47.089092
T005254,C0007,M0047,40370.88,UPI,SUCCESS,2026-06-28 15:49:16.545244
T005255,C0122,M0020,5645.93,NET_BANKING,SUCCESS,2026-08-07 17:56:17.788629
T005256,C0373,M0015,47671.15,UPI,SUCCESS,2026-08-05 21:12:40.971757
T005257,C0080,M0032,11325.82,NET_BANKING,SUCCESS,2026-08-26 18:37:41.096978
T005258,C0349,M0016,4208.38,WALLET,SUCCESS,2026-08-28 10:53:45.037317
T005259,C0152,M0018,24099.9,NET_BANKING,SUCCESS,2026-08-01 08:27:32.419114
T005260,C0444,M0013,45976.19,CARD,SUCCESS,2026-06-12 03:42:53.069887
T005261,C0076,M0009,27950.76,WALLET,FAILED,2026-06-22 21:50:37.516116
T005262,C0292,M0013,38081.19,CARD,FAILED,2026-07-28 00:23:27.833631
T005263,C0228,M0040,33913.34,WALLET,SUCCESS,2026-08-04 06:29:19.812629
T005264,C0199,M0033,9703.29,NET_BANKING,SUCCESS,2026-06-10 13:06:56.784234
T005265,C0238,M0023,32997.37,WALLET,SUCCESS,2026-08-18 19:03:34.639732
T005266,C0127,M0049,39097.52,NET_BANKING,SUCCESS,2026-07-29 11:44:46.226265
T005267,C0307,M0020,13671.42,WALLET,SUCCESS,2026-06-26 23:20:45.154549
T005268,C0310,M0004,38878.32,CARD,PENDING,2026-07-07 15:59:44.917891
T005269,C0232,M0015,13520.41,NET_BANKING,PENDING,2026-07-25 12:35:07.217777
T005270,C0486,M0040,36667.7,UPI,SUCCESS,2026-07-17 19:48:29.126237
T005271,C0134,M0008,9925.64,UPI,PENDING,2026-07-23 22:45:02.658896
T005272,C0008,M0023,12375.47,CARD,SUCCESS,2026-08-06 18:57:55.534927
T005273,C0343,M0004,15604.3,CARD,FAILED,2026-06-23 08:02:23.085146
T005274,C0225,M0017,11152.82,UPI,SUCCESS,2026-08-08 01:23:18.503972
T005275,C0332,M0018,37772.16,UPI,SUCCESS,2026-06-17 02:58:37.375620
T005276,C0067,M0032,33326.58,CARD,SUCCESS,2026-08-13 19:54:30.175989
T005277,C0344,M0032,30603.99,WALLET,SUCCESS,2026-08-18 07:42:31.241680
T005278,C0023,M0035,43714.7,WALLET,SUCCESS,2026-08-06 05:38:56.764550
T005279,C0487,M0027,38203.78,NET_BANKING,SUCCESS,2026-07-17 15:14:13.507832
T005280,C0304,M0028,19573.3,UPI,SUCCESS,2026-07-15 01:20:45.274765
T005281,C0215,M0018,40209.56,WALLET,PENDING,2026-07-13 20:43:33.482156
T005282,C0244,M0013,38321.96,NET_BANKING,SUCCESS,2026-06-20 14:19:03.977419
T005283,C0362,M0049,16046.94,WALLET,SUCCESS,2026-07-06 07:59:17.397027
T005284,C0230,M0034,15838.31,NET_BANKING,SUCCESS,2026-07-26 18:54:40.085573
T005285,C0022,M0009,17376.48,NET_BANKING,SUCCESS,2026-08-09 21:46:36.127933
T005286,C0012,M0004,11671.45,CARD,FAILED,2026-07-24 17:27:07.224155
T005287,C0105,M0034,39435.27,CARD,FAILED,2026-08-05 10:21:57.936902
T005288,C0423,M0042,23503.87,CARD,SUCCESS,2026-07-26 05:22:47.966770
T005289,C0427,M0023,9847.7,WALLET,PENDING,2026-08-31 11:40:44.788419
T005290,C0171,M0041,46338.78,NET_BANKING,SUCCESS,2026-07-29 17:18:30.633528
T005291,C0276,M0023,44452.25,WALLET,SUCCESS,2026-08-13 07:21:07.926987
T005292,C0205,M0047,20445.62,CARD,FAILED,2026-08-06 12:18:07.629024
T005293,C0263,M0026,21662.15,NET_BANKING,FAILED,2026-07-03 05:24:15.317422
T005294,C0353,M0023,49764.65,WALLET,SUCCESS,2026-06-14 01:36:32.625550
T005295,C0203,M0027,1911.55,WALLET,SUCCESS,2026-07-02 21:46:08.609466
T005296,C0316,M0035,38597.96,UPI,SUCCESS,2026-07-02 22:02:41.677912
T005297,C0173,M0026,18666.64,CARD,SUCCESS,2026-09-03 19:52:51.368449
T005298,C0374,M0009,27473.05,WALLET,SUCCESS,2026-07-17 14:39:37.284165
T005299,C0376,M0027,43909.23,UPI,SUCCESS,2026-07-31 09:14:54.871442
T005300,C0018,M0010,5188.93,NET_BANKING,SUCCESS,2026-06-11 03:37:05.651297
T005301,C0072,M0001,27714.79,NET_BANKING,SUCCESS,2026-06-16 21:15:26.230198
T005302,C0500,M0001,7364.08,NET_BANKING,SUCCESS,2026-06-15 00:06:29.999868
T005303,C0444,M0023,43430.01,CARD,FAILED,2026-07-05 10:51:04.814280
T005304,C0211,M0017,30870.88,NET_BANKING,SUCCESS,2026-08-12 18:16:32.744202
T005305,C0330,M0036,20318.21,CARD,FAILED,2026-09-05 06:01:46.395383
T005306,C0319,M0006,29023.72,WALLET,SUCCESS,2026-07-23 18:05:17.230310
T005307,C0140,M0032,49953.69,UPI,SUCCESS,2026-08-09 19:49:54.133424
T005308,C0004,M0014,932.92,UPI,FAILED,2026-08-23 13:36:05.586284
T005309,C0429,M0005,11385.71,NET_BANKING,SUCCESS,2026-09-01 19:57:55.729442
T005310,C0028,M0038,16577.21,CARD,SUCCESS,2026-08-15 03:23:38.403027
T005311,C0285,M0018,34668.97,WALLET,PENDING,2026-07-27 00:08:55.730093
T005312,C0461,M0046,19857.76,NET_BANKING,SUCCESS,2026-07-11 02:30:24.615661
T005313,C0014,M0047,6093.58,WALLET,SUCCESS,2026-08-14 13:52:06.254143
T005314,C0374,M0017,27243.82,UPI,SUCCESS,2026-08-06 01:51:44.524742
T005315,C0341,M0027,12040.3,CARD,SUCCESS,2026-08-29 12:22:55.207393
T005316,C0264,M0027,32110.35,WALLET,SUCCESS,2026-08-19 02:32:52.301096
T005317,C0251,M0006,28139.82,UPI,SUCCESS,2026-08-26 13:20:39.671600
T005318,C0322,M0006,36587.38,CARD,SUCCESS,2026-07-04 08:08:47.974995
T005319,C0112,M0008,27283.87,WALLET,SUCCESS,2026-06-26 03:12:35.682695
T005320,C0110,M0040,12027.04,NET_BANKING,SUCCESS,2026-06-23 21:02:31.235486
T005321,C0272,M0007,47019.48,NET_BANKING,SUCCESS,2026-08-21 11:27:37.945981
T005322,C0492,M0032,1062.02,UPI,SUCCESS,2026-06-29 03:19:03.992243
T005323,C0126,M0050,7984.85,CARD,SUCCESS,2026-06-21 12:11:18.606137
T005324,C0452,M0027,45018.89,NET_BANKING,SUCCESS,2026-08-30 20:51:36.608120
T005325,C0430,M0042,14340.81,CARD,SUCCESS,2026-06-20 06:42:14.533080
T005326,C0053,M0039,20855.99,UPI,SUCCESS,2026-08-26 22:51:38.868435
T005327,C0183,M0046,4084.95,WALLET,SUCCESS,2026-07-30 21:04:53.954380
T005328,C0439,M0048,37930.67,CARD,SUCCESS,2026-07-09 02:50:50.479434
T005329,C0235,M0001,1105.18,UPI,SUCCESS,2026-09-02 18:06:40.982756
T005330,C0408,M0048,48520.74,UPI,PENDING,2026-07-17 08:23:41.366206
T005331,C0422,M0027,45068.04,NET_BANKING,SUCCESS,2026-06-14 18:54:50.208837
T005332,C0201,M0048,8203.79,NET_BANKING,SUCCESS,2026-07-06 19:08:15.648063
T005333,C0299,M0011,47540.11,CARD,SUCCESS,2026-08-05 04:33:55.367553
T005334,C0267,M0010,37970.75,NET_BANKING,SUCCESS,2026-07-28 22:55:03.769085
T005335,C0106,M0041,22812.7,CARD,SUCCESS,2026-09-02 13:17:44.911543
T005336,C0484,M0014,21832.28,NET_BANKING,SUCCESS,2026-07-07 16:36:14.493257
T005337,C0189,M0012,19478.01,NET_BANKING,FAILED,2026-06-29 19:17:04.199492
T005338,C0416,M0015,4226.8,CARD,SUCCESS,2026-08-23 06:27:20.621770
T005339,C0258,M0026,17031.11,CARD,SUCCESS,2026-07-16 01:10:58.285220
T005340,C0045,M0030,13486.93,CARD,SUCCESS,2026-07-13 08:03:45.460623
T005341,C0105,M0015,43535.3,WALLET,FAILED,2026-08-25 01:12:14.178979
T005342,C0396,M0021,34237.96,WALLET,SUCCESS,2026-08-27 06:55:52.461883
T005343,C0371,M0005,5310.23,WALLET,SUCCESS,2026-07-25 18:30:32.396913
T005344,C0466,M0030,2196.94,CARD,SUCCESS,2026-06-11 00:22:13.681861
T005345,C0091,M0002,44026.46,NET_BANKING,SUCCESS,2026-08-17 23:13:33.468774
T005346,C0441,M0029,31013.79,NET_BANKING,SUCCESS,2026-08-22 16:07:36.424148
T005347,C0294,M0027,12555.93,WALLET,SUCCESS,2026-08-30 01:59:48.005446
T005348,C0176,M0012,26647.34,UPI,SUCCESS,2026-08-31 04:21:53.623730
T005349,C0419,M0011,18908.79,CARD,SUCCESS,2026-06-30 00:26:04.224671
T005350,C0274,M0042,15833.35,UPI,SUCCESS,2026-06-28 08:07:21.914166
T005351,C0103,M0043,7146.68,UPI,SUCCESS,2026-06-16 04:02:39.047437
T005352,C0428,M0004,39149.84,UPI,PENDING,2026-07-17 20:14:21.741487
T005353,C0382,M0049,21099.59,UPI,SUCCESS,2026-08-28 10:43:49.057803
T005354,C0271,M0010,18146.85,WALLET,SUCCESS,2026-07-15 06:21:17.397467
T005355,C0068,M0036,23849.3,UPI,SUCCESS,2026-08-09 11:32:15.572128
T005356,C0026,M0009,1772.55,NET_BANKING,FAILED,2026-07-02 03:31:24.777074
T005357,C0345,M0041,8377.72,UPI,SUCCESS,2026-07-17 15:13:18.285378
T005358,C0412,M0022,8853.56,WALLET,SUCCESS,2026-08-21 21:01:03.473251
T005359,C0436,M0010,42086.58,CARD,SUCCESS,2026-08-29 14:49:05.580646
T005360,C0362,M0006,19736.04,UPI,SUCCESS,2026-06-12 20:35:34.444767
T005361,C0011,M0019,8112.0,WALLET,SUCCESS,2026-07-11 01:21:22.338968
T005362,C0135,M0010,26485.52,UPI,SUCCESS,2026-06-23 09:36:36.164548
T005363,C0134,M0031,39144.75,UPI,SUCCESS,2026-08-07 10:19:08.355084
T005364,C0229,M0042,33039.99,NET_BANKING,SUCCESS,2026-06-11 11:53:58.799661
T005365,C0362,M0050,20898.47,UPI,SUCCESS,2026-08-30 08:50:45.467545
T005366,C0213,M0027,18083.39,WALLET,SUCCESS,2026-07-03 22:05:36.839217
T005367,C0336,M0003,32794.65,CARD,SUCCESS,2026-08-04 01:14:56.852897
T005368,C0359,M0004,4215.03,UPI,SUCCESS,2026-07-19 15:35:53.303627
T005369,C0191,M0005,14780.44,CARD,PENDING,2026-07-05 07:41:18.990368
T005370,C0492,M0040,4166.67,CARD,FAILED,2026-07-30 18:20:33.554239
T005371,C0449,M0031,9305.28,UPI,SUCCESS,2026-08-17 02:52:52.312649
T005372,C0005,M0007,48892.84,WALLET,SUCCESS,2026-08-11 18:15:50.284703
T005373,C0128,M0039,35961.0,NET_BANKING,SUCCESS,2026-08-15 02:13:24.390400
T005374,C0394,M0021,21035.7,UPI,FAILED,2026-08-29 07:17:41.302229
T005375,C0308,M0034,15131.82,NET_BANKING,SUCCESS,2026-08-16 09:55:16.677868
T005376,C0081,M0022,10240.32,NET_BANKING,FAILED,2026-08-18 00:01:38.179944
T005377,C0135,M0044,16686.79,NET_BANKING,SUCCESS,2026-07-05 00:50:16.274260
T005378,C0313,M0033,19145.44,WALLET,SUCCESS,2026-07-31 20:27:19.895638
T005379,C0186,M0029,31434.28,CARD,SUCCESS,2026-07-04 11:12:40.449044
T005380,C0489,M0048,26714.48,CARD,SUCCESS,2026-08-18 18:48:08.455732
T005381,C0125,M0019,16104.17,WALLET,SUCCESS,2026-07-18 03:53:24.589455
T005382,C0452,M0038,8588.93,UPI,SUCCESS,2026-09-03 14:45:40.925791
T005383,C0301,M0022,40217.42,UPI,SUCCESS,2026-09-01 11:15:49.762598
T005384,C0318,M0031,46077.06,NET_BANKING,SUCCESS,2026-06-30 20:45:25.817490
T005385,C0434,M0029,46441.29,UPI,SUCCESS,2026-06-24 20:41:59.158386
T005386,C0481,M0025,6197.36,CARD,SUCCESS,2026-06-18 11:17:17.192580
T005387,C0312,M0036,2788.15,NET_BANKING,SUCCESS,2026-08-31 10:23:12.821252
T005388,C0117,M0020,13103.99,CARD,SUCCESS,2026-06-17 01:47:01.148041
T005389,C0276,M0030,46614.49,UPI,SUCCESS,2026-07-02 18:04:04.187917
T005390,C0492,M0006,30591.06,CARD,SUCCESS,2026-06-24 20:48:47.531095
T005391,C0426,M0021,5543.25,CARD,SUCCESS,2026-06-23 16:53:55.644662
T005392,C0422,M0040,49447.63,WALLET,SUCCESS,2026-07-21 06:24:29.495791
T005393,C0453,M0040,3362.36,NET_BANKING,SUCCESS,2026-06-26 01:13:49.374309
T005394,C0425,M0028,36230.39,WALLET,SUCCESS,2026-06-30 08:41:08.594387
T005395,C0047,M0035,38012.55,CARD,FAILED,2026-08-27 20:58:25.567941
T005396,C0081,M0044,28917.33,UPI,SUCCESS,2026-08-19 19:59:20.451599
T005397,C0178,M0029,888.9,CARD,SUCCESS,2026-08-23 23:14:49.721724
T005398,C0211,M0028,37997.26,UPI,PENDING,2026-08-31 14:05:11.536374
T005399,C0395,M0049,18590.54,WALLET,SUCCESS,2026-08-28 03:24:51.701198
T005400,C0291,M0028,42191.74,WALLET,SUCCESS,2026-08-23 19:18:24.860459
T005401,C0416,M0042,41674.16,UPI,SUCCESS,2026-07-19 13:34:15.056445
T005402,C0268,M0046,11751.05,NET_BANKING,SUCCESS,2026-07-28 11:58:14.648368
T005403,C0346,M0022,45232.32,WALLET,SUCCESS,2026-07-29 19:00:16.738742
T005404,C0133,M0030,29642.55,WALLET,SUCCESS,2026-08-22 05:58:17.012670
T005405,C0238,M0013,27851.65,NET_BANKING,SUCCESS,2026-07-25 00:18:36.800085
T005406,C0211,M0047,2810.57,UPI,SUCCESS,2026-08-09 16:01:30.796496
T005407,C0092,M0047,25794.19,UPI,SUCCESS,2026-07-25 04:26:01.215410
T005408,C0323,M0001,3698.04,CARD,SUCCESS,2026-07-23 06:21:56.254154
T005409,C0078,M0013,8169.25,NET_BANKING,SUCCESS,2026-09-05 11:49:23.183562
T005410,C0159,M0013,4678.33,CARD,SUCCESS,2026-08-28 21:14:06.526975
T005411,C0178,M0029,19230.33,UPI,SUCCESS,2026-07-14 11:42:40.857741
T005412,C0403,M0033,42956.95,CARD,SUCCESS,2026-08-30 17:13:40.603873
T005413,C0398,M0033,36893.93,CARD,SUCCESS,2026-07-12 20:24:54.271478
T005414,C0085,M0007,40775.74,NET_BANKING,SUCCESS,2026-08-27 10:23:00.447682
T005415,C0271,M0023,25341.49,CARD,SUCCESS,2026-08-20 19:08:22.900795
T005416,C0050,M0013,39979.04,CARD,SUCCESS,2026-08-22 04:10:01.285234
T005417,C0321,M0003,15410.83,WALLET,SUCCESS,2026-08-05 15:01:00.173929
T005418,C0050,M0049,5914.46,UPI,SUCCESS,2026-08-09 22:31:47.319669
T005419,C0474,M0004,5565.74,WALLET,SUCCESS,2026-07-08 01:36:15.187910
T005420,C0005,M0019,32720.78,NET_BANKING,SUCCESS,2026-09-03 18:31:52.394880
T005421,C0483,M0038,5228.14,UPI,SUCCESS,2026-07-15 04:43:21.982589
T005422,C0151,M0027,35346.72,WALLET,SUCCESS,2026-06-30 18:18:05.310470
T005423,C0100,M0021,37230.79,NET_BANKING,FAILED,2026-07-05 20:23:58.737477
T005424,C0285,M0011,47076.07,WALLET,PENDING,2026-07-01 17:23:32.405522
T005425,C0300,M0044,27563.37,NET_BANKING,SUCCESS,2026-09-04 18:43:24.233343
T005426,C0316,M0021,46371.82,WALLET,SUCCESS,2026-08-18 06:23:00.285310
T005427,C0357,M0013,479.52,UPI,SUCCESS,2026-07-12 13:00:29.750305
T005428,C0149,M0032,11563.61,CARD,SUCCESS,2026-08-30 21:11:37.015923
T005429,C0488,M0021,35260.75,UPI,SUCCESS,2026-08-02 15:24:46.037247
T005430,C0364,M0011,3367.83,CARD,SUCCESS,2026-08-30 08:23:38.809870
T005431,C0070,M0007,42155.68,NET_BANKING,SUCCESS,2026-08-12 01:46:53.209618
T005432,C0329,M0014,705.93,CARD,SUCCESS,2026-06-19 22:32:18.781445
T005433,C0199,M0024,1311.25,NET_BANKING,SUCCESS,2026-07-03 03:23:13.362717
T005434,C0049,M0043,43642.42,NET_BANKING,SUCCESS,2026-08-14 13:37:10.088027
T005435,C0232,M0042,36795.61,UPI,FAILED,2026-06-18 10:52:44.952797
T005436,C0458,M0049,24893.35,CARD,SUCCESS,2026-07-28 20:38:01.203475
T005437,C0183,M0036,9445.58,CARD,PENDING,2026-08-21 13:49:35.754451
T005438,C0130,M0023,49771.23,WALLET,SUCCESS,2026-08-29 13:17:02.620888
T005439,C0134,M0015,29298.75,WALLET,SUCCESS,2026-08-07 05:46:04.016671
T005440,C0366,M0005,36474.12,CARD,PENDING,2026-07-18 14:42:41.715930
T005441,C0406,M0045,28433.29,NET_BANKING,FAILED,2026-06-20 09:47:55.427154
T005442,C0332,M0050,37128.47,UPI,SUCCESS,2026-08-10 21:19:12.205200
T005443,C0426,M0042,44979.92,NET_BANKING,SUCCESS,2026-07-03 13:17:34.847680
T005444,C0403,M0001,16848.08,CARD,SUCCESS,2026-08-21 22:22:22.862959
T005445,C0027,M0031,20822.55,WALLET,SUCCESS,2026-07-22 13:10:39.580243
T005446,C0493,M0027,41801.75,UPI,SUCCESS,2026-07-22 15:42:13.208553
T005447,C0304,M0048,27539.72,NET_BANKING,SUCCESS,2026-06-22 19:33:30.952226
T005448,C0199,M0028,45121.34,UPI,SUCCESS,2026-08-06 12:01:40.658539
T005449,C0320,M0024,4997.99,CARD,SUCCESS,2026-06-15 03:07:14.483464
T005450,C0279,M0048,36601.65,CARD,SUCCESS,2026-06-09 23:25:51.801150
T005451,C0318,M0030,2809.86,NET_BANKING,SUCCESS,2026-07-21 21:47:20.582448
T005452,C0115,M0022,36464.91,WALLET,SUCCESS,2026-07-04 05:09:04.141982
T005453,C0457,M0003,8010.95,WALLET,SUCCESS,2026-09-03 17:36:08.724311
T005454,C0309,M0016,39395.22,WALLET,SUCCESS,2026-07-17 14:51:42.122064
T005455,C0212,M0013,38674.03,WALLET,SUCCESS,2026-06-28 04:36:20.566430
T005456,C0407,M0029,20456.86,WALLET,FAILED,2026-07-13 19:08:41.176482
T005457,C0233,M0041,24615.31,CARD,SUCCESS,2026-07-19 22:37:57.157109
T005458,C0267,M0037,34592.83,NET_BANKING,SUCCESS,2026-08-10 21:30:24.407567
T005459,C0285,M0013,46078.95,NET_BANKING,SUCCESS,2026-08-25 19:24:09.334961
T005460,C0034,M0024,9528.53,CARD,SUCCESS,2026-07-15 14:31:28.333397
T005461,C0242,M0016,7569.98,NET_BANKING,SUCCESS,2026-08-10 15:20:27.614617
T005462,C0458,M0014,29582.18,NET_BANKING,FAILED,2026-07-13 11:04:09.746516
T005463,C0356,M0003,30125.86,WALLET,SUCCESS,2026-08-30 07:14:58.153921
T005464,C0270,M0029,26050.38,WALLET,SUCCESS,2026-07-31 05:46:04.415256
T005465,C0090,M0013,21481.22,NET_BANKING,SUCCESS,2026-08-06 12:23:07.146516
T005466,C0480,M0048,19514.29,UPI,SUCCESS,2026-07-06 16:41:39.075434
T005467,C0027,M0012,23991.63,NET_BANKING,SUCCESS,2026-06-16 20:00:15.141668
T005468,C0361,M0035,34754.17,CARD,SUCCESS,2026-07-20 17:44:00.300812
T005469,C0271,M0022,16457.99,UPI,SUCCESS,2026-06-27 07:24:02.736378
T005470,C0342,M0046,14475.09,WALLET,FAILED,2026-07-20 05:00:46.850869
T005471,C0487,M0035,14270.93,CARD,SUCCESS,2026-06-22 09:36:47.899847
T005472,C0416,M0034,3807.03,WALLET,SUCCESS,2026-07-22 17:41:44.403610
T005473,C0373,M0013,23594.38,WALLET,SUCCESS,2026-07-23 05:16:24.128266
T005474,C0464,M0033,10436.91,NET_BANKING,SUCCESS,2026-09-02 07:15:51.032306
T005475,C0142,M0038,28360.27,WALLET,SUCCESS,2026-07-17 04:20:07.852325
T005476,C0270,M0010,29099.41,WALLET,SUCCESS,2026-07-03 18:39:28.183029
T005477,C0073,M0039,19976.59,UPI,SUCCESS,2026-06-22 14:41:59.486494
T005478,C0086,M0045,15285.5,WALLET,SUCCESS,2026-07-24 22:32:41.617668
T005479,C0473,M0017,21839.18,UPI,SUCCESS,2026-08-09 23:05:22.827240
T005480,C0249,M0022,47711.59,UPI,SUCCESS,2026-07-30 03:37:51.631456
T005481,C0418,M0033,29277.85,NET_BANKING,SUCCESS,2026-06-08 07:38:01.503667
T005482,C0197,M0020,3649.87,NET_BANKING,SUCCESS,2026-07-27 19:04:02.871415
T005483,C0428,M0031,3014.7,CARD,FAILED,2026-07-03 03:15:59.347884
T005484,C0278,M0044,5420.42,NET_BANKING,SUCCESS,2026-07-07 18:39:56.631885
T005485,C0123,M0038,47495.37,NET_BANKING,SUCCESS,2026-08-16 19:51:16.022713
T005486,C0003,M0014,43485.55,WALLET,SUCCESS,2026-08-05 22:45:55.137240
T005487,C0319,M0015,7794.94,UPI,PENDING,2026-07-14 01:40:48.125050
T005488,C0170,M0028,4402.57,WALLET,SUCCESS,2026-08-02 14:55:35.131969
T005489,C0149,M0041,15233.98,CARD,SUCCESS,2026-07-26 15:16:13.265975
T005490,C0364,M0044,43924.76,CARD,SUCCESS,2026-09-03 12:49:06.271272
T005491,C0070,M0044,32297.32,CARD,SUCCESS,2026-08-08 21:55:53.420526
T005492,C0442,M0043,21432.27,UPI,SUCCESS,2026-06-29 18:53:11.356503
T005493,C0139,M0018,2915.69,CARD,SUCCESS,2026-07-09 01:06:10.901318
T005494,C0037,M0034,30115.9,UPI,SUCCESS,2026-07-04 05:58:50.325996
T005495,C0456,M0045,29115.4,CARD,SUCCESS,2026-07-17 01:30:44.051329
T005496,C0282,M0046,42726.39,CARD,SUCCESS,2026-07-07 10:10:34.618238
T005497,C0392,M0048,7650.28,WALLET,SUCCESS,2026-08-23 19:30:58.195328
T005498,C0052,M0001,13412.45,UPI,SUCCESS,2026-07-22 04:18:20.598565
T005499,C0174,M0026,28417.46,UPI,SUCCESS,2026-08-07 02:00:13.162342
T005500,C0490,M0044,9219.56,UPI,SUCCESS,2026-08-21 23:36:17.939056
T005501,C0400,M0024,37831.03,CARD,SUCCESS,2026-06-27 01:16:11.572034
T005502,C0159,M0027,24545.34,CARD,SUCCESS,2026-07-19 21:30:26.729495
T005503,C0135,M0012,45904.83,WALLET,SUCCESS,2026-08-26 01:11:51.493044
T005504,C0300,M0016,27029.05,WALLET,PENDING,2026-07-13 23:05:06.057267
T005505,C0035,M0009,43882.39,NET_BANKING,SUCCESS,2026-06-13 10:15:34.847188
T005506,C0132,M0004,15061.31,WALLET,SUCCESS,2026-08-30 04:27:59.540014
T005507,C0301,M0006,9414.82,UPI,SUCCESS,2026-08-15 00:06:31.773359
T005508,C0126,M0010,21751.7,UPI,SUCCESS,2026-08-25 07:01:24.732287
T005509,C0442,M0047,24593.09,UPI,SUCCESS,2026-08-06 01:40:48.921409
T005510,C0146,M0029,14545.2,WALLET,SUCCESS,2026-06-28 16:48:16.148864
T005511,C0122,M0018,39394.26,CARD,SUCCESS,2026-08-04 19:36:10.976229
T005512,C0121,M0023,20951.28,WALLET,SUCCESS,2026-06-27 18:34:04.742665
T005513,C0052,M0028,19518.53,UPI,SUCCESS,2026-06-22 09:42:39.095876
T005514,C0020,M0027,29448.36,CARD,SUCCESS,2026-07-19 20:34:59.961911
T005515,C0250,M0016,42578.48,CARD,SUCCESS,2026-06-16 23:37:21.258538
T005516,C0162,M0032,691.92,WALLET,SUCCESS,2026-06-29 22:15:25.650340
T005517,C0418,M0009,3092.67,CARD,SUCCESS,2026-07-16 00:43:22.915721
T005518,C0268,M0035,41914.64,NET_BANKING,SUCCESS,2026-08-01 14:52:40.248776
T005519,C0333,M0048,20752.62,WALLET,PENDING,2026-07-24 07:30:55.762589
T005520,C0491,M0047,46679.36,NET_BANKING,SUCCESS,2026-08-26 05:26:20.502045
T005521,C0224,M0016,35565.41,UPI,SUCCESS,2026-06-23 11:58:53.944693
T005522,C0068,M0016,31117.37,WALLET,SUCCESS,2026-07-27 13:55:53.668670
T005523,C0220,M0036,20622.57,UPI,SUCCESS,2026-07-30 23:31:01.052043
T005524,C0192,M0010,30705.92,WALLET,SUCCESS,2026-07-29 04:28:39.155308
T005525,C0081,M0006,16851.37,WALLET,SUCCESS,2026-08-25 22:56:48.828557
T005526,C0031,M0003,33379.56,WALLET,FAILED,2026-06-12 12:31:13.081039
T005527,C0219,M0010,49991.13,WALLET,FAILED,2026-06-19 06:31:55.464049
T005528,C0453,M0008,3269.89,UPI,SUCCESS,2026-06-27 22:34:50.924195
T005529,C0113,M0004,32855.42,WALLET,FAILED,2026-06-09 04:34:01.796885
T005530,C0440,M0003,28494.51,UPI,SUCCESS,2026-08-31 02:56:28.209986
T005531,C0115,M0050,33165.4,WALLET,FAILED,2026-07-01 16:21:35.512899
T005532,C0333,M0041,31947.47,NET_BANKING,SUCCESS,2026-06-10 21:59:00.679518
T005533,C0089,M0023,9554.31,NET_BANKING,SUCCESS,2026-07-11 01:57:58.195740
T005534,C0241,M0017,20400.27,UPI,SUCCESS,2026-07-02 02:34:37.826000
T005535,C0355,M0014,6703.31,NET_BANKING,SUCCESS,2026-08-29 07:18:15.278369
T005536,C0046,M0010,28760.59,CARD,SUCCESS,2026-07-28 19:33:21.327092
T005537,C0094,M0015,7920.96,CARD,SUCCESS,2026-07-25 13:31:34.440078
T005538,C0472,M0022,43989.25,CARD,FAILED,2026-07-17 08:21:31.104774
T005539,C0231,M0041,27698.23,CARD,SUCCESS,2026-06-22 01:28:56.834838
T005540,C0291,M0035,47094.33,UPI,FAILED,2026-07-11 05:11:45.676563
T005541,C0399,M0023,44273.32,NET_BANKING,SUCCESS,2026-07-31 11:42:01.370791
T005542,C0152,M0014,28515.9,CARD,SUCCESS,2026-06-29 15:04:08.371279
T005543,C0380,M0029,8932.41,CARD,SUCCESS,2026-07-31 05:37:34.404670
T005544,C0031,M0039,38611.66,CARD,SUCCESS,2026-07-17 08:59:55.069105
T005545,C0348,M0040,19591.75,CARD,SUCCESS,2026-06-27 02:46:18.216802
T005546,C0014,M0046,45511.44,CARD,SUCCESS,2026-06-24 15:17:15.524118
T005547,C0460,M0047,4135.24,WALLET,SUCCESS,2026-08-15 03:46:00.690966
T005548,C0443,M0049,26831.15,NET_BANKING,SUCCESS,2026-08-19 11:15:28.897039
T005549,C0432,M0008,4541.94,UPI,SUCCESS,2026-06-29 15:44:56.905098
T005550,C0038,M0040,39457.45,CARD,SUCCESS,2026-07-04 02:03:39.521417
T005551,C0303,M0016,1198.33,WALLET,SUCCESS,2026-06-19 14:37:15.674563
T005552,C0192,M0019,1905.47,UPI,PENDING,2026-08-27 05:55:03.199130
T005553,C0202,M0012,38247.64,CARD,SUCCESS,2026-06-19 22:21:51.893049
T005554,C0221,M0049,24756.21,NET_BANKING,SUCCESS,2026-07-22 01:29:43.538786
T005555,C0494,M0034,554.44,CARD,SUCCESS,2026-06-16 05:20:03.152139
T005556,C0010,M0037,21535.85,NET_BANKING,SUCCESS,2026-08-14 16:53:43.129863
T005557,C0373,M0021,43733.75,CARD,SUCCESS,2026-08-28 23:58:21.722605
T005558,C0310,M0020,29431.21,WALLET,SUCCESS,2026-06-22 18:26:31.961786
T005559,C0394,M0001,33284.98,WALLET,FAILED,2026-07-10 03:36:42.696133
T005560,C0045,M0050,13362.15,CARD,SUCCESS,2026-06-30 08:13:52.511674
T005561,C0020,M0049,26055.05,CARD,SUCCESS,2026-07-26 08:16:24.321321
T005562,C0138,M0039,5038.11,WALLET,SUCCESS,2026-06-27 21:36:56.952289
T005563,C0147,M0044,27292.69,UPI,SUCCESS,2026-09-01 21:42:58.920924
T005564,C0195,M0045,25466.62,NET_BANKING,SUCCESS,2026-08-29 15:22:04.711112
T005565,C0406,M0005,33184.53,WALLET,SUCCESS,2026-08-13 16:35:12.823492
T005566,C0207,M0012,18881.36,WALLET,SUCCESS,2026-08-31 03:04:39.736983
T005567,C0255,M0029,742.38,UPI,SUCCESS,2026-06-11 04:04:28.342116
T005568,C0125,M0003,27430.01,UPI,FAILED,2026-07-14 04:47:30.752845
T005569,C0367,M0044,10490.68,WALLET,SUCCESS,2026-08-27 08:59:50.067762
T005570,C0121,M0011,38948.17,WALLET,SUCCESS,2026-07-25 12:10:30.501530
T005571,C0138,M0041,39641.16,WALLET,SUCCESS,2026-07-04 05:21:24.187976
T005572,C0340,M0028,21649.56,NET_BANKING,SUCCESS,2026-06-29 14:45:51.690390
T005573,C0034,M0009,45174.45,NET_BANKING,SUCCESS,2026-06-16 08:42:02.719487
T005574,C0317,M0027,10386.53,NET_BANKING,SUCCESS,2026-07-09 11:30:10.466678
T005575,C0275,M0012,39593.37,WALLET,SUCCESS,2026-08-16 14:26:13.714637
T005576,C0009,M0017,47029.47,UPI,SUCCESS,2026-08-07 01:57:19.392181
T005577,C0337,M0050,17387.81,WALLET,SUCCESS,2026-07-02 16:02:11.647433
T005578,C0282,M0001,26272.85,CARD,SUCCESS,2026-06-28 20:20:02.969312
T005579,C0244,M0034,36438.52,CARD,SUCCESS,2026-08-15 16:52:08.302227
T005580,C0308,M0004,44618.27,WALLET,SUCCESS,2026-06-24 14:57:04.578124
T005581,C0301,M0022,39289.3,WALLET,SUCCESS,2026-06-12 21:49:28.349532
T005582,C0038,M0035,10770.47,NET_BANKING,SUCCESS,2026-08-13 15:40:28.423670
T005583,C0469,M0012,5564.66,UPI,SUCCESS,2026-06-11 21:10:35.557634
T005584,C0397,M0021,11832.95,NET_BANKING,SUCCESS,2026-06-12 08:06:12.031170
T005585,C0330,M0035,25535.47,NET_BANKING,SUCCESS,2026-06-25 21:08:06.076916
T005586,C0005,M0041,574.5,WALLET,SUCCESS,2026-07-20 08:01:03.308522
T005587,C0232,M0023,37220.02,WALLET,SUCCESS,2026-07-19 07:59:45.725004
T005588,C0346,M0017,2014.65,CARD,SUCCESS,2026-06-19 03:26:18.539032
T005589,C0197,M0026,996.96,NET_BANKING,SUCCESS,2026-08-26 08:43:45.291877
T005590,C0073,M0017,4462.61,UPI,SUCCESS,2026-08-28 04:54:50.548249
T005591,C0086,M0033,15159.94,CARD,SUCCESS,2026-06-21 18:19:14.689701
T005592,C0473,M0034,9528.98,WALLET,SUCCESS,2026-06-26 06:15:18.855425
T005593,C0281,M0036,602.38,CARD,FAILED,2026-07-04 19:09:04.590944
T005594,C0030,M0037,12329.17,NET_BANKING,SUCCESS,2026-06-25 10:41:34.052779
T005595,C0032,M0045,4223.3,CARD,SUCCESS,2026-06-10 23:59:06.838265
T005596,C0150,M0042,12148.23,CARD,SUCCESS,2026-07-06 01:07:41.697387
T005597,C0459,M0032,21537.05,NET_BANKING,SUCCESS,2026-09-04 05:16:07.427239
T005598,C0138,M0009,22527.41,NET_BANKING,FAILED,2026-08-06 04:33:47.498772
T005599,C0065,M0022,33677.54,NET_BANKING,SUCCESS,2026-08-28 12:28:17.709833
T005600,C0066,M0009,27686.75,WALLET,SUCCESS,2026-06-15 04:26:05.231362
T005601,C0314,M0046,8865.11,CARD,SUCCESS,2026-08-12 21:02:15.139516
T005602,C0008,M0010,2707.24,CARD,SUCCESS,2026-08-02 14:52:00.900889
T005603,C0322,M0046,36474.35,UPI,SUCCESS,2026-08-28 18:10:25.640929
T005604,C0177,M0029,26223.59,NET_BANKING,SUCCESS,2026-06-26 17:54:18.202934
T005605,C0177,M0038,32596.49,NET_BANKING,SUCCESS,2026-07-27 06:45:06.741685
T005606,C0408,M0002,3934.69,NET_BANKING,SUCCESS,2026-06-22 00:51:00.950517
T005607,C0022,M0042,36193.72,WALLET,SUCCESS,2026-06-16 15:14:17.679413
T005608,C0489,M0015,45323.29,WALLET,SUCCESS,2026-08-08 09:59:53.073159
T005609,C0286,M0017,32385.27,CARD,SUCCESS,2026-07-01 07:49:19.691406
T005610,C0035,M0006,40726.87,UPI,SUCCESS,2026-07-01 00:36:39.086846
T005611,C0387,M0050,47093.77,NET_BANKING,SUCCESS,2026-08-02 17:46:22.160767
T005612,C0342,M0021,6603.42,NET_BANKING,FAILED,2026-07-13 04:49:18.019989
T005613,C0088,M0037,35014.15,CARD,SUCCESS,2026-07-10 18:46:35.096910
T005614,C0415,M0027,9640.5,CARD,SUCCESS,2026-08-25 05:27:40.375871
T005615,C0212,M0037,29320.39,UPI,SUCCESS,2026-07-31 08:05:06.164516
T005616,C0205,M0031,31472.14,NET_BANKING,SUCCESS,2026-08-14 13:41:41.712451
T005617,C0352,M0006,5524.79,UPI,SUCCESS,2026-07-31 14:08:37.226332
T005618,C0481,M0050,13964.06,NET_BANKING,SUCCESS,2026-06-28 11:45:08.916976
T005619,C0389,M0031,555.51,UPI,SUCCESS,2026-06-28 06:20:49.242923
T005620,C0034,M0028,32806.91,UPI,FAILED,2026-08-03 14:46:49.455857
T005621,C0492,M0004,44705.43,WALLET,PENDING,2026-07-28 22:52:16.655828
T005622,C0147,M0023,45880.2,WALLET,SUCCESS,2026-06-14 09:31:10.093730
T005623,C0079,M0008,44828.55,CARD,SUCCESS,2026-07-14 10:23:43.862707
T005624,C0325,M0007,30926.75,CARD,FAILED,2026-07-15 15:30:07.652678
T005625,C0435,M0038,21221.75,WALLET,SUCCESS,2026-07-24 02:55:36.347658
T005626,C0145,M0046,13546.81,CARD,SUCCESS,2026-08-28 10:51:56.539402
T005627,C0410,M0005,47355.35,UPI,SUCCESS,2026-08-28 18:03:26.980960
T005628,C0332,M0018,12168.06,UPI,SUCCESS,2026-06-25 18:33:18.910470
T005629,C0093,M0037,44496.4,UPI,SUCCESS,2026-07-29 02:59:09.296906
T005630,C0401,M0001,7777.39,WALLET,SUCCESS,2026-07-22 15:40:07.173666
T005631,C0020,M0013,30482.24,UPI,SUCCESS,2026-07-02 15:39:11.816161
T005632,C0146,M0014,7346.8,CARD,SUCCESS,2026-09-02 11:12:35.313280
T005633,C0112,M0020,46819.87,WALLET,SUCCESS,2026-07-09 20:57:41.209835
T005634,C0151,M0046,14142.52,UPI,SUCCESS,2026-08-29 20:52:51.714817
T005635,C0411,M0006,5910.57,UPI,SUCCESS,2026-07-30 06:02:02.881162
T005636,C0322,M0033,42706.75,UPI,SUCCESS,2026-08-08 07:28:27.835977
T005637,C0399,M0020,23876.31,CARD,FAILED,2026-07-18 01:58:47.744554
T005638,C0289,M0020,12333.05,UPI,SUCCESS,2026-06-14 17:36:11.355922
T005639,C0121,M0041,46188.65,NET_BANKING,PENDING,2026-07-27 10:09:24.870504
T005640,C0089,M0014,20094.69,UPI,SUCCESS,2026-09-05 05:22:23.301334
T005641,C0178,M0038,45679.62,WALLET,SUCCESS,2026-08-18 14:28:15.226871
T005642,C0367,M0049,15230.06,UPI,PENDING,2026-07-01 07:44:06.705282
T005643,C0176,M0022,42678.81,NET_BANKING,SUCCESS,2026-07-05 05:46:47.769715
T005644,C0433,M0049,17607.03,NET_BANKING,SUCCESS,2026-06-23 23:19:36.850665
T005645,C0176,M0006,28279.11,NET_BANKING,SUCCESS,2026-08-25 12:30:21.449915
T005646,C0401,M0046,34023.71,NET_BANKING,SUCCESS,2026-08-06 07:04:55.743986
T005647,C0377,M0043,26546.29,CARD,SUCCESS,2026-08-03 08:57:15.907206
T005648,C0370,M0050,45683.68,UPI,SUCCESS,2026-06-29 02:38:31.252119
T005649,C0500,M0015,28613.0,UPI,SUCCESS,2026-08-05 21:56:03.034229
T005650,C0375,M0013,1932.19,UPI,SUCCESS,2026-08-17 23:52:29.858141
T005651,C0287,M0044,8881.39,UPI,SUCCESS,2026-07-01 16:28:25.785875
T005652,C0255,M0010,3641.23,UPI,SUCCESS,2026-08-07 19:29:51.152134
T005653,C0224,M0026,17314.13,CARD,SUCCESS,2026-07-05 09:57:25.664773
T005654,C0248,M0005,30385.26,NET_BANKING,SUCCESS,2026-08-31 20:25:30.362364
T005655,C0136,M0023,42458.64,UPI,SUCCESS,2026-08-03 18:59:44.838857
T005656,C0498,M0025,25753.26,WALLET,SUCCESS,2026-06-09 18:21:43.000465
T005657,C0067,M0010,22650.21,UPI,SUCCESS,2026-08-29 18:18:53.016535
T005658,C0388,M0013,41822.67,NET_BANKING,FAILED,2026-07-03 03:15:01.427758
T005659,C0139,M0037,7669.86,UPI,SUCCESS,2026-09-02 16:59:08.370607
T005660,C0177,M0030,26428.92,WALLET,PENDING,2026-08-02 07:50:03.223068
T005661,C0308,M0020,32458.49,CARD,SUCCESS,2026-07-30 21:52:47.499546
T005662,C0163,M0049,8674.86,CARD,SUCCESS,2026-07-30 07:57:00.750636
T005663,C0205,M0050,30534.37,WALLET,SUCCESS,2026-08-30 14:27:02.479204
T005664,C0138,M0020,19185.2,CARD,SUCCESS,2026-07-04 07:38:31.631091
T005665,C0164,M0009,18890.98,NET_BANKING,SUCCESS,2026-06-29 02:44:43.897273
T005666,C0434,M0015,39850.37,NET_BANKING,FAILED,2026-08-05 20:30:40.760150
T005667,C0100,M0003,45568.37,CARD,PENDING,2026-07-21 21:16:53.833241
T005668,C0221,M0030,37505.56,CARD,SUCCESS,2026-08-01 12:57:35.702156
T005669,C0178,M0033,12321.69,NET_BANKING,SUCCESS,2026-06-26 21:26:10.421912
T005670,C0234,M0036,43942.46,NET_BANKING,SUCCESS,2026-07-13 12:35:44.293112
T005671,C0436,M0001,11848.2,CARD,SUCCESS,2026-06-26 00:29:47.784533
T005672,C0158,M0013,36790.03,WALLET,SUCCESS,2026-06-09 22:40:16.954952
T005673,C0385,M0024,784.1,UPI,SUCCESS,2026-08-23 11:32:50.029016
T005674,C0398,M0042,15364.98,CARD,SUCCESS,2026-06-10 04:47:10.274817
T005675,C0281,M0042,33451.33,UPI,SUCCESS,2026-06-11 00:16:57.745679
T005676,C0128,M0044,33080.69,UPI,SUCCESS,2026-07-21 12:12:00.458764
T005677,C0287,M0044,39086.43,UPI,SUCCESS,2026-06-27 23:06:43.585375
T005678,C0132,M0020,27786.95,UPI,SUCCESS,2026-07-17 16:41:30.893745
T005679,C0463,M0013,46278.89,UPI,SUCCESS,2026-07-19 11:14:17.242295
T005680,C0213,M0028,22202.76,CARD,SUCCESS,2026-07-06 20:30:50.311687
T005681,C0019,M0012,37962.35,CARD,SUCCESS,2026-08-02 05:53:36.997367
T005682,C0468,M0048,3279.69,CARD,SUCCESS,2026-07-22 00:55:01.570193
T005683,C0015,M0026,43040.93,UPI,PENDING,2026-09-02 10:36:03.739089
T005684,C0460,M0036,40738.64,UPI,SUCCESS,2026-08-19 18:33:11.255735
T005685,C0228,M0038,23426.77,NET_BANKING,SUCCESS,2026-06-27 01:39:35.605348
T005686,C0065,M0018,49822.7,CARD,PENDING,2026-07-10 20:23:45.332090
T005687,C0395,M0024,7611.6,NET_BANKING,SUCCESS,2026-07-21 20:43:45.621972
T005688,C0010,M0007,22154.9,CARD,SUCCESS,2026-07-24 16:11:33.520129
T005689,C0097,M0026,36821.47,UPI,SUCCESS,2026-08-13 05:44:13.829615
T005690,C0267,M0029,982.61,WALLET,SUCCESS,2026-06-28 11:05:34.227134
T005691,C0302,M0039,35039.65,UPI,SUCCESS,2026-08-31 15:40:03.883466
T005692,C0384,M0007,45842.32,CARD,SUCCESS,2026-07-14 23:44:59.790981
T005693,C0131,M0036,49201.23,WALLET,SUCCESS,2026-07-23 18:08:49.592762
T005694,C0016,M0038,10590.8,CARD,SUCCESS,2026-08-17 07:24:26.265275
T005695,C0201,M0030,36782.67,CARD,SUCCESS,2026-08-31 05:59:31.395335
T005696,C0439,M0022,40935.67,NET_BANKING,SUCCESS,2026-08-15 19:43:41.478288
T005697,C0051,M0002,10962.72,UPI,SUCCESS,2026-08-14 19:50:56.601536
T005698,C0416,M0035,41755.25,UPI,SUCCESS,2026-09-03 03:54:27.745606
T005699,C0015,M0039,39766.02,WALLET,PENDING,2026-06-21 08:14:55.204140
T005700,C0471,M0012,17276.08,CARD,SUCCESS,2026-07-04 03:39:30.712627
T005701,C0106,M0013,33506.47,CARD,SUCCESS,2026-07-03 19:28:30.149649
T005702,C0023,M0007,45779.25,WALLET,SUCCESS,2026-07-23 22:31:57.971737
T005703,C0222,M0021,13926.97,WALLET,SUCCESS,2026-07-04 12:10:21.029240
T005704,C0044,M0016,49696.27,WALLET,SUCCESS,2026-08-13 06:14:46.094770
T005705,C0411,M0002,40037.22,NET_BANKING,FAILED,2026-08-09 09:17:22.401559
T005706,C0294,M0009,25834.7,UPI,FAILED,2026-08-31 14:56:37.709434
T005707,C0169,M0021,4621.34,CARD,SUCCESS,2026-06-14 18:57:19.082430
T005708,C0100,M0039,32707.56,WALLET,FAILED,2026-06-14 08:27:10.894524
T005709,C0306,M0022,48492.6,NET_BANKING,SUCCESS,2026-06-29 02:15:48.593454
T005710,C0448,M0015,7294.32,CARD,SUCCESS,2026-08-11 09:57:52.959416
T005711,C0331,M0026,36703.91,NET_BANKING,SUCCESS,2026-07-16 18:52:03.466465
T005712,C0321,M0033,48619.21,UPI,SUCCESS,2026-07-29 05:11:50.746969
T005713,C0497,M0004,48319.51,CARD,SUCCESS,2026-07-22 14:21:16.314885
T005714,C0430,M0041,16468.84,UPI,SUCCESS,2026-07-03 20:25:06.305325
T005715,C0372,M0050,5038.79,UPI,SUCCESS,2026-07-12 19:48:26.806662
T005716,C0308,M0049,17510.71,UPI,SUCCESS,2026-07-03 19:42:40.686642
T005717,C0468,M0046,12666.82,WALLET,SUCCESS,2026-08-31 15:43:25.553892
T005718,C0112,M0009,1680.4,UPI,SUCCESS,2026-08-07 09:39:55.402349
T005719,C0025,M0035,41756.27,CARD,SUCCESS,2026-07-31 20:34:31.862673
T005720,C0158,M0009,48268.89,UPI,FAILED,2026-08-06 17:34:45.014590
T005721,C0381,M0045,37657.55,CARD,SUCCESS,2026-06-13 11:17:18.276334
T005722,C0205,M0018,11556.05,CARD,SUCCESS,2026-06-09 06:44:34.260043
T005723,C0455,M0005,31583.78,NET_BANKING,SUCCESS,2026-07-24 02:15:43.484282
T005724,C0275,M0011,17993.09,CARD,SUCCESS,2026-07-21 02:18:03.278021
T005725,C0323,M0001,21463.58,CARD,SUCCESS,2026-08-21 21:18:39.691407
T005726,C0147,M0048,45636.43,NET_BANKING,SUCCESS,2026-07-17 05:44:32.906689
T005727,C0484,M0012,7393.21,WALLET,SUCCESS,2026-06-14 12:33:04.113836
T005728,C0276,M0029,41689.42,CARD,SUCCESS,2026-08-12 12:37:10.316746
T005729,C0204,M0043,31894.17,NET_BANKING,SUCCESS,2026-08-18 09:11:58.371295
T005730,C0278,M0035,7209.61,UPI,SUCCESS,2026-07-21 15:55:47.471199
T005731,C0058,M0023,32907.91,UPI,FAILED,2026-07-29 12:33:36.287388
T005732,C0484,M0039,15016.63,WALLET,SUCCESS,2026-07-08 14:53:56.442521
T005733,C0227,M0042,11101.05,CARD,SUCCESS,2026-06-11 23:51:23.508430
T005734,C0392,M0009,347.6,NET_BANKING,SUCCESS,2026-06-14 04:07:47.409087
T005735,C0183,M0004,13655.21,UPI,SUCCESS,2026-08-24 23:19:49.588905
T005736,C0446,M0006,4510.44,UPI,SUCCESS,2026-09-05 04:50:12.525097
T005737,C0198,M0004,6910.78,UPI,SUCCESS,2026-08-15 15:14:52.831235
T005738,C0112,M0039,5133.22,UPI,SUCCESS,2026-08-01 03:43:53.640480
T005739,C0219,M0011,13987.72,WALLET,SUCCESS,2026-07-28 05:00:37.719428
T005740,C0075,M0034,33376.59,CARD,SUCCESS,2026-06-22 09:52:19.871601
T005741,C0357,M0046,42222.9,CARD,SUCCESS,2026-07-08 14:46:14.009007
T005742,C0452,M0031,49139.92,CARD,FAILED,2026-06-08 15:51:32.368757
T005743,C0439,M0020,1704.38,WALLET,SUCCESS,2026-07-22 09:10:34.174012
T005744,C0064,M0038,19621.39,UPI,SUCCESS,2026-07-09 02:03:10.662264
T005745,C0442,M0010,47772.62,CARD,SUCCESS,2026-06-29 20:28:51.166100
T005746,C0127,M0039,23712.63,CARD,SUCCESS,2026-06-19 20:13:52.791076
T005747,C0074,M0011,6840.08,CARD,SUCCESS,2026-07-04 11:19:49.287221
T005748,C0258,M0012,29097.03,UPI,SUCCESS,2026-07-25 02:02:53.853500
T005749,C0249,M0022,29656.08,CARD,SUCCESS,2026-08-08 07:25:03.553505
T005750,C0076,M0019,16037.17,UPI,SUCCESS,2026-07-29 14:37:58.895525
T005751,C0239,M0031,9502.53,UPI,SUCCESS,2026-06-27 18:11:23.045826
T005752,C0183,M0017,19663.42,CARD,SUCCESS,2026-06-26 01:30:00.075559
T005753,C0491,M0045,15085.41,NET_BANKING,SUCCESS,2026-09-05 03:54:57.304887
T005754,C0375,M0046,38316.66,CARD,SUCCESS,2026-08-04 04:20:17.802082
T005755,C0304,M0002,48867.97,NET_BANKING,SUCCESS,2026-08-26 20:24:04.470259
T005756,C0085,M0004,20617.72,CARD,FAILED,2026-07-21 03:11:19.750150
T005757,C0242,M0045,8289.56,CARD,SUCCESS,2026-07-27 11:19:51.246333
T005758,C0094,M0031,32559.37,UPI,SUCCESS,2026-07-22 03:44:11.427140
T005759,C0373,M0013,16319.2,NET_BANKING,SUCCESS,2026-08-17 23:22:55.866383
T005760,C0394,M0021,19954.3,UPI,SUCCESS,2026-06-18 20:56:09.274027
T005761,C0310,M0014,26832.86,NET_BANKING,FAILED,2026-08-01 17:53:54.393432
T005762,C0082,M0023,21786.05,CARD,SUCCESS,2026-07-02 17:59:42.889427
T005763,C0341,M0024,23236.39,UPI,SUCCESS,2026-06-12 14:57:04.647669
T005764,C0129,M0037,45036.68,UPI,SUCCESS,2026-08-10 21:21:07.525366
T005765,C0492,M0047,44021.55,CARD,SUCCESS,2026-08-09 02:26:24.373101
T005766,C0352,M0002,14883.3,WALLET,SUCCESS,2026-08-25 02:02:59.053149
T005767,C0305,M0022,391.33,WALLET,SUCCESS,2026-07-17 18:42:26.318635
T005768,C0498,M0001,397.62,CARD,SUCCESS,2026-07-15 22:06:26.777533
T005769,C0389,M0025,30374.98,NET_BANKING,SUCCESS,2026-08-27 00:42:50.286361
T005770,C0357,M0024,25421.31,WALLET,SUCCESS,2026-07-20 17:21:14.852806
T005771,C0295,M0043,5535.71,WALLET,SUCCESS,2026-07-07 00:56:00.500386
T005772,C0445,M0047,37262.14,NET_BANKING,FAILED,2026-07-07 01:20:42.493973
T005773,C0246,M0046,49429.49,NET_BANKING,SUCCESS,2026-08-25 01:38:23.259436
T005774,C0136,M0044,37365.11,NET_BANKING,SUCCESS,2026-07-30 15:44:53.612440
T005775,C0031,M0002,11365.41,NET_BANKING,SUCCESS,2026-06-25 12:34:08.608088
T005776,C0206,M0021,46066.07,UPI,SUCCESS,2026-08-11 17:08:02.409477
T005777,C0286,M0026,38942.99,CARD,SUCCESS,2026-07-07 14:36:31.123676
T005778,C0244,M0030,8031.24,UPI,FAILED,2026-08-21 17:06:27.660248
T005779,C0265,M0035,10237.42,CARD,SUCCESS,2026-07-09 11:23:49.662923
T005780,C0301,M0045,15162.97,CARD,FAILED,2026-06-25 05:46:59.322183
T005781,C0459,M0047,41029.95,WALLET,SUCCESS,2026-07-27 17:46:12.973770
T005782,C0408,M0048,18434.31,UPI,SUCCESS,2026-08-24 01:33:48.951386
T005783,C0191,M0050,22446.97,NET_BANKING,FAILED,2026-06-11 07:56:11.829420
T005784,C0042,M0026,48758.08,CARD,SUCCESS,2026-07-21 15:15:51.872914
T005785,C0372,M0025,21427.52,NET_BANKING,SUCCESS,2026-07-27 06:20:55.872152
T005786,C0141,M0037,11209.07,WALLET,SUCCESS,2026-07-04 17:17:14.176393
T005787,C0077,M0022,34333.66,UPI,SUCCESS,2026-06-13 08:39:46.279330
T005788,C0048,M0040,5426.89,CARD,SUCCESS,2026-07-20 10:43:58.111454
T005789,C0269,M0039,47147.16,NET_BANKING,SUCCESS,2026-08-22 19:15:12.051459
T005790,C0157,M0030,3951.08,CARD,SUCCESS,2026-08-04 07:21:19.890711
T005791,C0341,M0016,12889.52,UPI,SUCCESS,2026-06-30 22:13:22.763081
T005792,C0347,M0037,38482.91,UPI,SUCCESS,2026-09-04 02:06:15.898588
T005793,C0314,M0009,4927.42,UPI,SUCCESS,2026-08-19 06:32:03.161197
T005794,C0078,M0047,46765.37,WALLET,SUCCESS,2026-06-20 22:57:06.085244
T005795,C0337,M0010,37662.31,UPI,SUCCESS,2026-07-13 13:10:50.419349
T005796,C0047,M0027,43954.71,UPI,SUCCESS,2026-06-25 18:57:58.071768
T005797,C0252,M0013,44686.59,WALLET,SUCCESS,2026-08-02 16:36:52.523243
T005798,C0426,M0002,42573.49,UPI,SUCCESS,2026-07-26 13:51:55.739588
T005799,C0245,M0033,37908.43,UPI,SUCCESS,2026-06-16 08:49:01.486792
T005800,C0141,M0028,1480.19,WALLET,FAILED,2026-07-08 16:50:31.089682
T005801,C0068,M0048,48737.08,WALLET,SUCCESS,2026-07-21 08:23:31.296003
T005802,C0438,M0003,17649.28,UPI,SUCCESS,2026-07-18 07:35:56.864473
T005803,C0130,M0038,11348.66,CARD,SUCCESS,2026-09-01 13:30:47.010447
T005804,C0367,M0035,32864.34,WALLET,SUCCESS,2026-08-25 19:24:39.318936
T005805,C0432,M0015,9188.03,NET_BANKING,SUCCESS,2026-07-07 02:52:58.371194
T005806,C0312,M0012,41148.04,CARD,SUCCESS,2026-08-31 08:20:03.661429
T005807,C0254,M0033,12933.55,NET_BANKING,SUCCESS,2026-08-05 00:28:35.217261
T005808,C0411,M0031,31842.63,NET_BANKING,SUCCESS,2026-06-26 00:46:08.810705
T005809,C0049,M0021,26185.05,NET_BANKING,SUCCESS,2026-07-05 09:32:35.997461
T005810,C0466,M0044,4776.68,WALLET,SUCCESS,2026-07-10 05:01:18.333854
T005811,C0303,M0047,15077.12,UPI,FAILED,2026-06-26 14:11:45.033777
T005812,C0310,M0034,10976.07,CARD,SUCCESS,2026-08-16 07:47:30.643099
T005813,C0130,M0003,13354.53,WALLET,PENDING,2026-08-20 08:19:57.765291
T005814,C0165,M0043,949.64,NET_BANKING,SUCCESS,2026-07-29 10:31:24.637614
T005815,C0193,M0046,48790.46,WALLET,SUCCESS,2026-08-13 21:54:03.419330
T005816,C0194,M0042,34422.37,CARD,SUCCESS,2026-07-13 10:01:11.497644
T005817,C0050,M0010,31361.57,CARD,SUCCESS,2026-06-23 07:16:38.491798
T005818,C0142,M0022,4992.12,CARD,FAILED,2026-08-27 12:21:01.382254
T005819,C0386,M0036,26245.13,UPI,SUCCESS,2026-07-01 15:23:15.263221
T005820,C0083,M0043,10319.08,UPI,PENDING,2026-07-06 11:04:24.952675
T005821,C0360,M0002,30137.06,NET_BANKING,SUCCESS,2026-07-17 07:46:17.556684
T005822,C0472,M0044,32103.52,WALLET,SUCCESS,2026-08-19 16:49:25.147549
T005823,C0482,M0041,20237.78,NET_BANKING,SUCCESS,2026-07-20 11:23:46.987889
T005824,C0095,M0006,47430.97,CARD,SUCCESS,2026-08-23 05:37:35.251809
T005825,C0003,M0018,28321.18,CARD,SUCCESS,2026-07-30 04:57:27.317836
T005826,C0254,M0037,29771.75,WALLET,SUCCESS,2026-08-06 15:07:14.891108
T005827,C0427,M0050,665.5,WALLET,SUCCESS,2026-08-27 03:38:39.858245
T005828,C0484,M0005,25943.85,WALLET,SUCCESS,2026-09-05 11:17:00.462534
T005829,C0176,M0024,19873.42,UPI,SUCCESS,2026-08-22 19:39:32.245876
T005830,C0006,M0003,46253.6,CARD,SUCCESS,2026-06-25 15:50:06.351482
T005831,C0463,M0021,1641.57,NET_BANKING,SUCCESS,2026-07-20 00:55:31.348358
T005832,C0468,M0046,29979.05,WALLET,SUCCESS,2026-07-14 13:54:11.506741
T005833,C0166,M0013,29225.29,WALLET,SUCCESS,2026-06-12 20:20:26.747944
T005834,C0368,M0022,15930.47,CARD,SUCCESS,2026-06-21 18:48:39.762175
T005835,C0269,M0003,38010.59,CARD,PENDING,2026-08-18 00:29:36.639671
T005836,C0486,M0047,2486.58,WALLET,SUCCESS,2026-06-22 05:53:46.605253
T005837,C0271,M0005,11857.92,NET_BANKING,SUCCESS,2026-06-28 05:05:02.239532
T005838,C0300,M0037,28334.56,CARD,SUCCESS,2026-06-25 01:55:56.755459
T005839,C0166,M0021,28443.39,NET_BANKING,SUCCESS,2026-07-20 11:29:12.727640
T005840,C0011,M0028,5019.93,WALLET,SUCCESS,2026-06-29 02:53:38.158358
T005841,C0432,M0047,48761.61,UPI,SUCCESS,2026-07-04 07:37:20.589476
T005842,C0015,M0032,38928.85,UPI,SUCCESS,2026-06-09 01:36:03.789870
T005843,C0026,M0010,23491.52,WALLET,SUCCESS,2026-06-16 23:53:06.683925
T005844,C0365,M0031,2554.9,CARD,SUCCESS,2026-07-09 16:09:19.793424
T005845,C0240,M0024,33883.93,UPI,SUCCESS,2026-06-20 03:32:26.070001
T005846,C0331,M0025,98.74,UPI,FAILED,2026-08-01 03:29:58.761489
T005847,C0084,M0039,16419.46,CARD,FAILED,2026-08-08 12:50:06.967532
T005848,C0156,M0033,49737.73,UPI,SUCCESS,2026-08-23 11:57:26.367194
T005849,C0388,M0002,5565.76,NET_BANKING,SUCCESS,2026-07-26 01:38:09.497545
T005850,C0424,M0004,12570.7,NET_BANKING,SUCCESS,2026-07-27 14:00:52.629886
T005851,C0365,M0015,15455.35,NET_BANKING,SUCCESS,2026-07-31 13:35:08.099270
T005852,C0033,M0047,18888.26,UPI,SUCCESS,2026-08-02 20:53:53.148812
T005853,C0355,M0008,29495.59,CARD,PENDING,2026-09-01 17:34:41.192568
T005854,C0006,M0012,43909.67,WALLET,SUCCESS,2026-07-10 17:35:53.002901
T005855,C0252,M0049,30835.51,WALLET,SUCCESS,2026-08-13 04:46:03.378234
T005856,C0164,M0050,15555.9,NET_BANKING,SUCCESS,2026-08-23 02:27:16.901894
T005857,C0094,M0012,37828.21,WALLET,SUCCESS,2026-06-12 12:20:16.262525
T005858,C0223,M0044,18702.87,CARD,SUCCESS,2026-08-26 02:14:06.420870
T005859,C0156,M0023,20283.47,WALLET,SUCCESS,2026-06-24 13:15:24.483106
T005860,C0146,M0013,7007.79,CARD,SUCCESS,2026-06-13 07:52:05.042189
T005861,C0106,M0010,27423.29,UPI,FAILED,2026-07-19 04:14:32.798134
T005862,C0148,M0003,40437.19,NET_BANKING,SUCCESS,2026-06-22 11:44:15.246231
T005863,C0133,M0045,28060.3,UPI,SUCCESS,2026-07-26 20:24:10.525599
T005864,C0378,M0038,46801.02,NET_BANKING,SUCCESS,2026-07-17 15:10:32.881068
T005865,C0462,M0044,33180.56,NET_BANKING,SUCCESS,2026-08-20 21:08:21.732888
T005866,C0145,M0006,3767.68,UPI,FAILED,2026-06-23 02:34:28.800541
T005867,C0486,M0027,36481.6,UPI,SUCCESS,2026-07-08 15:29:38.789685
T005868,C0090,M0049,48343.59,UPI,SUCCESS,2026-06-21 01:55:06.785991
T005869,C0345,M0048,20033.36,NET_BANKING,SUCCESS,2026-08-14 22:09:24.581661
T005870,C0073,M0034,539.75,WALLET,SUCCESS,2026-08-11 17:01:10.194633
T005871,C0210,M0027,17534.31,WALLET,SUCCESS,2026-08-06 19:55:07.989003
T005872,C0117,M0015,18693.74,NET_BANKING,FAILED,2026-08-16 06:20:02.661207
T005873,C0097,M0022,23280.83,NET_BANKING,SUCCESS,2026-08-18 13:50:30.836598
T005874,C0023,M0032,18913.36,WALLET,SUCCESS,2026-08-26 09:35:23.728560
T005875,C0159,M0037,3826.36,WALLET,SUCCESS,2026-07-30 14:51:47.956312
T005876,C0209,M0022,19436.05,CARD,SUCCESS,2026-08-19 11:46:57.616615
T005877,C0468,M0014,38341.47,WALLET,SUCCESS,2026-08-23 08:03:24.555701
T005878,C0243,M0043,36677.81,NET_BANKING,SUCCESS,2026-08-06 19:49:27.368366
T005879,C0420,M0028,40924.5,WALLET,SUCCESS,2026-06-26 20:08:42.872567
T005880,C0170,M0002,41825.06,WALLET,SUCCESS,2026-06-09 22:01:17.825840
T005881,C0139,M0035,45199.02,UPI,SUCCESS,2026-07-20 10:24:03.871618
T005882,C0448,M0040,47604.8,CARD,SUCCESS,2026-08-16 09:38:59.771120
T005883,C0306,M0005,5529.68,NET_BANKING,SUCCESS,2026-07-08 12:17:40.343084
T005884,C0278,M0035,33771.44,WALLET,SUCCESS,2026-08-21 08:56:29.757330
T005885,C0125,M0026,42992.08,CARD,FAILED,2026-08-22 02:50:13.839530
T005886,C0293,M0002,13792.26,UPI,SUCCESS,2026-07-17 16:57:01.406314
T005887,C0308,M0006,16032.7,UPI,SUCCESS,2026-07-30 08:02:29.685176
T005888,C0314,M0026,38138.45,UPI,SUCCESS,2026-08-28 02:02:59.706906
T005889,C0037,M0032,15179.38,NET_BANKING,SUCCESS,2026-06-13 07:02:26.790697
T005890,C0229,M0027,34854.48,WALLET,SUCCESS,2026-06-18 12:56:39.750468
T005891,C0459,M0015,14451.95,UPI,FAILED,2026-07-09 12:58:22.831491
T005892,C0014,M0025,39107.89,UPI,FAILED,2026-07-28 15:13:34.241711
T005893,C0130,M0002,37438.65,CARD,SUCCESS,2026-08-02 19:49:43.661622
T005894,C0205,M0013,28948.01,UPI,FAILED,2026-07-28 05:14:06.519976
T005895,C0118,M0017,22478.81,UPI,SUCCESS,2026-08-17 11:21:29.509197
T005896,C0131,M0046,20431.03,CARD,PENDING,2026-08-09 21:22:36.955160
T005897,C0101,M0026,47889.0,WALLET,SUCCESS,2026-06-23 15:39:39.519159
T005898,C0231,M0047,32352.0,NET_BANKING,SUCCESS,2026-06-09 05:30:23.007168
T005899,C0225,M0041,14383.04,CARD,SUCCESS,2026-09-03 07:00:50.413240
T005900,C0207,M0030,12666.21,NET_BANKING,SUCCESS,2026-06-22 06:10:39.177320
T005901,C0079,M0001,7139.71,WALLET,SUCCESS,2026-08-15 17:26:53.564153
T005902,C0022,M0038,41761.49,NET_BANKING,SUCCESS,2026-08-02 02:00:07.563784
T005903,C0022,M0045,28062.21,WALLET,SUCCESS,2026-07-24 05:50:50.305802
T005904,C0481,M0046,32733.95,WALLET,SUCCESS,2026-07-05 03:39:36.465650
T005905,C0092,M0028,10381.46,NET_BANKING,SUCCESS,2026-08-02 22:53:32.724835
T005906,C0181,M0008,34311.37,NET_BANKING,SUCCESS,2026-06-25 02:54:11.212777
T005907,C0296,M0030,48153.53,WALLET,FAILED,2026-06-11 07:18:02.834246
T005908,C0282,M0035,42723.89,UPI,FAILED,2026-07-13 06:06:11.932716
T005909,C0130,M0044,13244.06,UPI,SUCCESS,2026-07-07 20:48:04.848806
T005910,C0221,M0002,14434.59,NET_BANKING,SUCCESS,2026-07-21 14:27:12.494606
T005911,C0094,M0002,39324.8,CARD,SUCCESS,2026-06-25 16:37:41.046137
T005912,C0215,M0022,21062.51,NET_BANKING,SUCCESS,2026-07-27 21:55:23.043295
T005913,C0291,M0002,15702.05,NET_BANKING,SUCCESS,2026-06-21 11:06:20.436333
T005914,C0427,M0035,40930.18,WALLET,SUCCESS,2026-07-06 23:17:09.335309
T005915,C0170,M0041,579.76,UPI,SUCCESS,2026-06-18 23:00:44.372845
T005916,C0341,M0025,40991.44,CARD,FAILED,2026-07-20 19:37:33.549263
T005917,C0275,M0025,24405.99,UPI,SUCCESS,2026-06-28 06:42:26.431293
T005918,C0105,M0007,16812.86,CARD,SUCCESS,2026-08-19 14:17:48.373518
T005919,C0275,M0005,47102.97,WALLET,FAILED,2026-07-10 10:57:04.546047
T005920,C0485,M0036,10078.36,WALLET,SUCCESS,2026-06-13 20:09:16.507876
T005921,C0404,M0039,3303.59,WALLET,SUCCESS,2026-07-15 20:15:30.999316
T005922,C0377,M0015,2294.97,NET_BANKING,FAILED,2026-07-30 05:32:45.627539
T005923,C0009,M0033,38168.32,CARD,SUCCESS,2026-06-28 14:24:13.094928
T005924,C0065,M0012,32906.92,CARD,SUCCESS,2026-08-03 00:19:51.386973
T005925,C0375,M0036,28882.14,CARD,SUCCESS,2026-08-26 13:32:22.393675
T005926,C0183,M0050,33374.74,WALLET,SUCCESS,2026-06-27 22:15:15.624460
T005927,C0327,M0037,1937.91,CARD,SUCCESS,2026-08-16 21:23:20.198859
T005928,C0294,M0040,27342.09,CARD,SUCCESS,2026-07-05 17:01:45.864342
T005929,C0044,M0048,12694.26,WALLET,SUCCESS,2026-07-06 20:04:18.527554
T005930,C0358,M0042,14446.56,NET_BANKING,SUCCESS,2026-06-24 14:13:52.014735
T005931,C0168,M0019,7472.79,NET_BANKING,SUCCESS,2026-06-24 10:09:40.568211
T005932,C0439,M0026,31325.48,NET_BANKING,SUCCESS,2026-06-19 11:19:48.374137
T005933,C0223,M0048,33694.91,NET_BANKING,SUCCESS,2026-08-23 15:47:24.239480
T005934,C0095,M0007,31568.2,NET_BANKING,SUCCESS,2026-08-07 19:05:20.122392
T005935,C0363,M0015,46894.08,WALLET,SUCCESS,2026-06-10 07:43:26.527074
T005936,C0044,M0004,4025.09,UPI,SUCCESS,2026-08-10 23:21:58.648657
T005937,C0142,M0021,24461.95,UPI,SUCCESS,2026-06-28 22:35:16.042104
T005938,C0250,M0026,12563.83,NET_BANKING,SUCCESS,2026-06-29 18:26:31.917899
T005939,C0474,M0007,3988.63,NET_BANKING,SUCCESS,2026-08-11 05:58:43.044330
T005940,C0427,M0008,448.44,CARD,SUCCESS,2026-09-05 04:06:08.099091
T005941,C0431,M0012,22375.97,WALLET,SUCCESS,2026-06-21 05:02:47.307108
T005942,C0004,M0020,12258.71,WALLET,FAILED,2026-06-28 10:57:40.746877
T005943,C0234,M0024,20834.72,CARD,SUCCESS,2026-07-06 14:33:31.586813
T005944,C0323,M0002,7808.86,WALLET,PENDING,2026-07-07 13:01:30.776357
T005945,C0310,M0035,44785.32,WALLET,SUCCESS,2026-07-16 15:19:11.805278
T005946,C0343,M0002,20917.59,CARD,FAILED,2026-06-12 13:56:22.570216
T005947,C0484,M0027,42853.64,WALLET,SUCCESS,2026-06-23 02:23:09.119596
T005948,C0143,M0005,4303.28,UPI,SUCCESS,2026-07-23 10:27:41.659443
T005949,C0429,M0019,45377.64,NET_BANKING,SUCCESS,2026-07-05 11:21:53.764503
T005950,C0412,M0002,10418.79,UPI,SUCCESS,2026-07-24 20:04:44.653265
T005951,C0080,M0008,38442.09,CARD,SUCCESS,2026-06-20 23:28:38.234972
T005952,C0347,M0016,30327.33,UPI,SUCCESS,2026-08-07 17:36:54.473467
T005953,C0042,M0005,40155.83,CARD,SUCCESS,2026-07-04 10:16:42.185478
T005954,C0243,M0027,14472.91,CARD,SUCCESS,2026-09-01 16:51:16.382361
T005955,C0380,M0002,32577.86,CARD,SUCCESS,2026-07-09 13:44:13.214374
T005956,C0025,M0016,36563.97,WALLET,SUCCESS,2026-07-30 09:29:05.235010
T005957,C0146,M0009,41625.62,CARD,FAILED,2026-06-27 13:55:15.573698
T005958,C0499,M0020,47637.41,CARD,SUCCESS,2026-08-09 08:28:37.862087
T005959,C0420,M0034,43162.84,CARD,SUCCESS,2026-07-23 12:33:31.472262
T005960,C0193,M0039,15342.06,WALLET,SUCCESS,2026-06-09 08:19:35.819690
T005961,C0195,M0046,28044.12,UPI,SUCCESS,2026-08-04 01:27:27.578468
T005962,C0467,M0045,30496.83,WALLET,SUCCESS,2026-07-31 16:27:05.241228
T005963,C0123,M0043,33884.65,UPI,SUCCESS,2026-09-03 17:17:05.327271
T005964,C0312,M0005,17868.94,NET_BANKING,FAILED,2026-07-21 23:09:48.789999
T005965,C0437,M0038,22649.32,CARD,SUCCESS,2026-08-16 03:27:34.340123
T005966,C0257,M0024,23607.57,UPI,SUCCESS,2026-07-12 08:56:12.123720
T005967,C0004,M0028,48181.86,NET_BANKING,SUCCESS,2026-07-02 17:46:05.908160
T005968,C0189,M0038,49034.49,WALLET,SUCCESS,2026-06-19 20:17:21.501812
T005969,C0160,M0035,23522.36,CARD,SUCCESS,2026-07-14 12:16:46.268086
T005970,C0487,M0007,22444.22,NET_BANKING,SUCCESS,2026-07-31 04:46:51.479883
T005971,C0153,M0028,19783.82,UPI,SUCCESS,2026-07-18 13:32:54.144138
T005972,C0404,M0035,33411.21,NET_BANKING,PENDING,2026-08-18 22:11:06.778937
T005973,C0069,M0014,34732.74,WALLET,SUCCESS,2026-09-01 22:07:30.285127
T005974,C0300,M0036,7704.62,WALLET,PENDING,2026-08-28 00:44:11.414992
T005975,C0133,M0028,37283.85,WALLET,FAILED,2026-06-20 09:11:13.724717
T005976,C0308,M0031,16942.4,UPI,PENDING,2026-06-09 11:02:38.194004
T005977,C0339,M0013,39166.51,CARD,SUCCESS,2026-08-08 23:50:40.498352
T005978,C0131,M0026,45638.36,WALLET,SUCCESS,2026-07-27 06:46:34.796924
T005979,C0225,M0011,31637.29,CARD,SUCCESS,2026-06-12 15:26:55.536206
T005980,C0174,M0043,25525.55,CARD,SUCCESS,2026-06-27 04:27:23.777919
T005981,C0380,M0040,20822.44,NET_BANKING,SUCCESS,2026-08-28 08:32:53.329764
T005982,C0146,M0029,33387.43,CARD,SUCCESS,2026-08-03 16:00:06.225039
T005983,C0102,M0037,48962.56,UPI,SUCCESS,2026-09-02 17:59:23.336915
T005984,C0272,M0044,679.74,UPI,FAILED,2026-07-05 09:35:11.994779
T005985,C0026,M0044,48576.96,CARD,FAILED,2026-09-03 21:31:08.781337
T005986,C0020,M0012,48563.79,UPI,SUCCESS,2026-07-27 01:48:18.194115
T005987,C0235,M0037,30739.2,UPI,SUCCESS,2026-06-22 18:37:58.347789
T005988,C0490,M0018,38553.07,NET_BANKING,SUCCESS,2026-08-15 10:59:38.701184
T005989,C0300,M0024,37444.99,UPI,SUCCESS,2026-07-18 23:14:46.711154
T005990,C0254,M0003,36661.49,NET_BANKING,SUCCESS,2026-08-03 09:18:45.328662
T005991,C0098,M0039,10323.78,NET_BANKING,SUCCESS,2026-06-30 22:51:29.159565
T005992,C0360,M0036,21999.57,WALLET,SUCCESS,2026-08-12 01:52:25.938328
T005993,C0199,M0034,40771.44,NET_BANKING,SUCCESS,2026-08-01 13:25:04.088945
T005994,C0101,M0030,27545.68,CARD,SUCCESS,2026-07-30 22:19:07.090152
T005995,C0464,M0037,37273.2,UPI,SUCCESS,2026-07-25 19:36:42.145025
T005996,C0473,M0008,13844.79,CARD,SUCCESS,2026-07-20 12:47:40.996430
T005997,C0308,M0031,36817.74,NET_BANKING,SUCCESS,2026-06-17 17:34:46.497030
T005998,C0095,M0047,21391.75,CARD,SUCCESS,2026-08-13 22:18:40.410850
T005999,C0182,M0023,27284.72,NET_BANKING,SUCCESS,2026-08-25 12:20:14.018309
T006000,C0323,M0022,3416.42,UPI,SUCCESS,2026-06-16 00:00:03.504776
T006001,C0044,M0029,49790.31,NET_BANKING,SUCCESS,2026-06-27 12:15:20.605052
T006002,C0190,M0028,34757.75,NET_BANKING,SUCCESS,2026-09-01 10:55:27.546729
T006003,C0120,M0020,28738.35,WALLET,FAILED,2026-06-30 16:15:54.014670
T006004,C0186,M0045,44640.78,WALLET,PENDING,2026-08-19 23:45:14.297358
T006005,C0324,M0023,44499.36,UPI,SUCCESS,2026-06-11 16:00:02.238557
T006006,C0058,M0050,35344.56,NET_BANKING,SUCCESS,2026-08-07 03:48:57.870941
T006007,C0480,M0023,10170.26,CARD,SUCCESS,2026-06-11 07:56:41.879868
T006008,C0186,M0016,13902.63,UPI,SUCCESS,2026-07-06 13:20:00.937413
T006009,C0492,M0031,8300.74,WALLET,SUCCESS,2026-08-04 08:32:36.219390
T006010,C0474,M0018,48233.72,WALLET,SUCCESS,2026-07-09 17:29:22.081106
T006011,C0240,M0024,41809.7,NET_BANKING,PENDING,2026-08-01 03:19:35.954751
T006012,C0251,M0012,18582.86,NET_BANKING,SUCCESS,2026-09-02 12:18:05.644195
T006013,C0358,M0038,28192.81,UPI,SUCCESS,2026-07-26 02:34:00.392689
T006014,C0426,M0014,8904.78,NET_BANKING,FAILED,2026-07-15 16:26:51.575783
T006015,C0379,M0019,1538.43,UPI,FAILED,2026-06-13 22:57:17.723948
T006016,C0024,M0044,14651.94,CARD,PENDING,2026-07-18 17:00:04.751360
T006017,C0441,M0029,6137.1,WALLET,SUCCESS,2026-08-06 09:13:40.619303
T006018,C0053,M0048,40748.58,CARD,SUCCESS,2026-08-19 04:35:58.174347
T006019,C0228,M0017,4738.25,UPI,SUCCESS,2026-07-24 20:34:03.331476
T006020,C0437,M0027,8879.18,WALLET,SUCCESS,2026-06-14 10:25:06.376537
T006021,C0213,M0049,28450.48,NET_BANKING,SUCCESS,2026-07-26 11:57:50.522317
T006022,C0051,M0045,4614.84,CARD,PENDING,2026-06-20 09:25:08.660977
T006023,C0073,M0028,13450.6,CARD,SUCCESS,2026-06-25 15:56:08.417256
T006024,C0073,M0035,26604.81,WALLET,FAILED,2026-07-29 07:51:19.919829
T006025,C0142,M0007,220.97,NET_BANKING,SUCCESS,2026-07-21 22:57:22.166353
T006026,C0017,M0043,37827.77,NET_BANKING,SUCCESS,2026-06-08 14:25:58.289858
T006027,C0474,M0050,23155.29,CARD,SUCCESS,2026-06-08 03:47:22.188994
T006028,C0317,M0022,40638.66,CARD,SUCCESS,2026-08-04 13:32:04.379007
T006029,C0471,M0046,10729.2,CARD,SUCCESS,2026-08-31 04:51:14.671461
T006030,C0069,M0039,41357.86,WALLET,SUCCESS,2026-06-08 03:15:12.395999
T006031,C0325,M0016,17005.34,NET_BANKING,SUCCESS,2026-06-14 09:59:25.138131
T006032,C0195,M0022,33056.89,NET_BANKING,SUCCESS,2026-07-05 08:37:33.741183
T006033,C0175,M0019,23684.36,UPI,SUCCESS,2026-08-08 16:48:32.254648
T006034,C0320,M0024,14015.9,CARD,SUCCESS,2026-08-11 16:58:27.980461
T006035,C0225,M0010,11678.04,WALLET,SUCCESS,2026-09-05 01:57:35.491493
T006036,C0456,M0048,39759.63,UPI,SUCCESS,2026-08-27 19:42:46.589398
T006037,C0175,M0048,10659.06,UPI,SUCCESS,2026-07-05 07:08:29.114626
T006038,C0002,M0037,33565.18,NET_BANKING,SUCCESS,2026-08-22 08:58:59.098491
T006039,C0196,M0050,41900.42,CARD,PENDING,2026-07-10 02:03:04.832417
T006040,C0329,M0021,6030.83,CARD,SUCCESS,2026-09-05 18:56:48.593817
T006041,C0348,M0009,44852.08,CARD,SUCCESS,2026-06-13 04:02:47.613812
T006042,C0381,M0007,16088.96,NET_BANKING,SUCCESS,2026-06-10 03:57:54.769938
T006043,C0360,M0039,43295.72,NET_BANKING,SUCCESS,2026-08-06 11:41:59.552693
T006044,C0497,M0018,17189.09,NET_BANKING,SUCCESS,2026-07-16 04:23:27.794186
T006045,C0153,M0049,45834.76,NET_BANKING,SUCCESS,2026-09-05 16:32:27.012372
T006046,C0025,M0042,26056.56,UPI,SUCCESS,2026-07-15 12:14:50.111218
T006047,C0180,M0020,24078.14,CARD,SUCCESS,2026-07-19 13:27:34.503134
T006048,C0500,M0001,19783.66,CARD,PENDING,2026-07-26 02:34:16.958983
T006049,C0141,M0033,49865.65,WALLET,FAILED,2026-08-01 00:22:58.343914
T006050,C0451,M0041,45293.06,NET_BANKING,SUCCESS,2026-06-22 12:09:29.871485
T006051,C0274,M0011,30546.33,NET_BANKING,SUCCESS,2026-08-05 15:46:58.729487
T006052,C0490,M0049,12758.35,WALLET,FAILED,2026-08-21 23:21:51.155166
T006053,C0361,M0020,3446.81,WALLET,SUCCESS,2026-08-26 06:33:14.430669
T006054,C0240,M0005,44499.7,WALLET,SUCCESS,2026-07-20 13:41:15.386302
T006055,C0492,M0050,12408.75,CARD,SUCCESS,2026-07-04 01:51:45.308837
T006056,C0337,M0033,22046.29,UPI,SUCCESS,2026-08-05 20:27:26.094227
T006057,C0238,M0033,39238.1,WALLET,SUCCESS,2026-06-29 17:29:32.352111
T006058,C0210,M0037,11621.5,CARD,SUCCESS,2026-07-06 11:05:30.119350
T006059,C0083,M0038,16549.2,NET_BANKING,SUCCESS,2026-08-31 18:14:23.756744
T006060,C0028,M0009,27850.61,CARD,SUCCESS,2026-08-31 06:17:28.210037
T006061,C0336,M0034,15480.9,NET_BANKING,SUCCESS,2026-07-22 12:07:26.066587
T006062,C0275,M0007,7235.3,UPI,FAILED,2026-08-07 12:14:18.373240
T006063,C0251,M0048,5021.0,NET_BANKING,SUCCESS,2026-07-22 14:27:28.603770
T006064,C0311,M0044,31683.01,UPI,FAILED,2026-06-13 00:27:48.235738
T006065,C0452,M0019,49036.33,NET_BANKING,SUCCESS,2026-08-10 22:47:05.929051
T006066,C0265,M0001,15118.77,WALLET,SUCCESS,2026-06-20 03:19:35.814770
T006067,C0487,M0050,25300.18,CARD,SUCCESS,2026-08-06 12:46:31.372560
T006068,C0154,M0018,43633.59,NET_BANKING,SUCCESS,2026-08-01 00:22:44.251596
T006069,C0259,M0045,28743.7,UPI,SUCCESS,2026-06-26 16:11:59.541926
T006070,C0481,M0003,49469.29,CARD,PENDING,2026-08-03 06:45:24.306711
T006071,C0238,M0021,26790.36,UPI,SUCCESS,2026-08-28 06:59:29.299676
T006072,C0185,M0048,15605.66,UPI,SUCCESS,2026-06-10 12:13:06.125878
T006073,C0087,M0008,47497.12,UPI,SUCCESS,2026-08-09 19:48:56.151253
T006074,C0235,M0038,20464.35,UPI,SUCCESS,2026-07-30 04:12:00.063778
T006075,C0127,M0011,34810.13,NET_BANKING,SUCCESS,2026-06-25 07:53:35.919110
T006076,C0395,M0004,15576.66,NET_BANKING,FAILED,2026-08-03 07:36:25.880965
T006077,C0373,M0023,29916.7,WALLET,SUCCESS,2026-09-05 05:53:30.905696
T006078,C0304,M0032,18558.76,NET_BANKING,SUCCESS,2026-06-16 00:29:16.774375
T006079,C0289,M0028,39814.37,NET_BANKING,SUCCESS,2026-06-12 12:23:10.658120
T006080,C0388,M0004,32615.15,NET_BANKING,SUCCESS,2026-07-31 10:26:25.696554
T006081,C0245,M0031,24356.31,WALLET,SUCCESS,2026-08-19 13:22:56.459605
T006082,C0488,M0010,3717.26,CARD,SUCCESS,2026-07-21 02:09:33.751074
T006083,C0035,M0046,41539.51,WALLET,PENDING,2026-07-19 10:28:37.818497
T006084,C0353,M0040,9287.39,UPI,SUCCESS,2026-07-30 09:48:20.349101
T006085,C0360,M0032,43626.2,CARD,SUCCESS,2026-06-16 11:03:02.532071
T006086,C0074,M0011,41578.63,NET_BANKING,SUCCESS,2026-06-29 18:25:33.298617
T006087,C0008,M0050,40263.97,CARD,SUCCESS,2026-06-16 00:47:41.806458
T006088,C0076,M0033,28202.79,CARD,SUCCESS,2026-09-05 18:00:46.488378
T006089,C0320,M0035,30732.31,WALLET,SUCCESS,2026-06-24 15:21:53.756071
T006090,C0057,M0007,22397.53,CARD,SUCCESS,2026-08-11 16:15:14.953202
T006091,C0398,M0032,33263.54,WALLET,SUCCESS,2026-08-07 04:21:28.779184
T006092,C0340,M0015,5473.52,NET_BANKING,SUCCESS,2026-08-14 15:47:11.708411
T006093,C0084,M0047,12327.05,UPI,SUCCESS,2026-07-24 14:34:47.462634
T006094,C0097,M0017,19689.78,UPI,SUCCESS,2026-08-29 21:37:13.617573
T006095,C0481,M0047,6334.87,WALLET,SUCCESS,2026-06-16 07:33:45.113826
T006096,C0398,M0016,21695.41,WALLET,SUCCESS,2026-08-08 20:30:31.797226
T006097,C0026,M0050,43930.85,UPI,SUCCESS,2026-07-02 18:44:12.797995
T006098,C0326,M0041,23702.47,UPI,SUCCESS,2026-06-19 20:12:04.306414
T006099,C0472,M0032,22595.7,NET_BANKING,SUCCESS,2026-07-20 15:46:49.917146
T006100,C0378,M0033,45821.86,CARD,SUCCESS,2026-06-22 00:47:49.882756
T006101,C0016,M0016,10118.45,NET_BANKING,PENDING,2026-06-30 03:54:40.412582
T006102,C0406,M0006,18485.53,CARD,SUCCESS,2026-07-19 16:38:05.358468
T006103,C0355,M0009,45313.87,WALLET,SUCCESS,2026-08-20 12:44:58.145482
T006104,C0007,M0032,15055.85,UPI,SUCCESS,2026-08-27 17:23:29.906153
T006105,C0428,M0003,49333.38,UPI,SUCCESS,2026-06-14 19:02:37.361112
T006106,C0238,M0048,4656.88,CARD,FAILED,2026-06-21 16:57:48.477951
T006107,C0095,M0004,37086.87,NET_BANKING,SUCCESS,2026-08-15 06:35:36.070438
T006108,C0317,M0018,30611.2,WALLET,SUCCESS,2026-08-11 15:03:01.588471
T006109,C0246,M0004,25681.75,CARD,SUCCESS,2026-07-22 15:37:59.523214
T006110,C0449,M0022,23720.13,UPI,SUCCESS,2026-08-13 06:50:40.280089
T006111,C0366,M0006,32707.63,NET_BANKING,SUCCESS,2026-08-29 21:40:21.240479
T006112,C0316,M0009,9793.5,CARD,SUCCESS,2026-06-10 16:35:22.407888
T006113,C0419,M0039,2498.49,NET_BANKING,FAILED,2026-08-14 11:23:29.107876
T006114,C0217,M0020,12169.94,NET_BANKING,SUCCESS,2026-07-11 03:54:56.827859
T006115,C0291,M0010,17440.91,NET_BANKING,SUCCESS,2026-06-20 03:49:19.700521
T006116,C0029,M0021,5361.19,CARD,PENDING,2026-06-25 19:39:36.722733
T006117,C0213,M0039,26227.3,WALLET,SUCCESS,2026-07-21 05:35:56.748513
T006118,C0260,M0037,10967.87,WALLET,SUCCESS,2026-08-03 20:38:26.681715
T006119,C0022,M0038,41581.14,NET_BANKING,SUCCESS,2026-06-09 19:38:40.918984
T006120,C0475,M0033,40056.36,CARD,SUCCESS,2026-08-15 02:36:01.895417
T006121,C0417,M0013,37944.6,UPI,SUCCESS,2026-07-05 00:55:10.239801
T006122,C0040,M0028,9104.91,WALLET,SUCCESS,2026-06-27 09:57:42.984762
T006123,C0187,M0021,1044.52,CARD,SUCCESS,2026-07-11 04:46:44.079221
T006124,C0119,M0018,35078.25,CARD,SUCCESS,2026-09-02 16:52:48.167655
T006125,C0323,M0050,42574.07,NET_BANKING,SUCCESS,2026-07-02 23:35:23.775313
T006126,C0268,M0030,117.1,CARD,SUCCESS,2026-08-06 14:59:09.093381
T006127,C0344,M0023,43623.89,WALLET,SUCCESS,2026-08-25 21:18:00.138625
T006128,C0243,M0026,14127.16,UPI,SUCCESS,2026-09-01 11:56:12.000204
T006129,C0212,M0032,31731.5,CARD,SUCCESS,2026-07-18 17:07:17.999701
T006130,C0006,M0024,10612.76,CARD,SUCCESS,2026-08-14 19:43:08.117356
T006131,C0067,M0006,48037.89,CARD,SUCCESS,2026-08-06 07:22:22.863358
T006132,C0399,M0030,23912.77,CARD,SUCCESS,2026-08-09 07:53:32.189771
T006133,C0314,M0021,15673.5,CARD,SUCCESS,2026-07-02 01:14:06.058062
T006134,C0489,M0031,34886.02,CARD,SUCCESS,2026-07-14 06:30:39.410108
T006135,C0302,M0034,41338.82,WALLET,SUCCESS,2026-06-23 00:47:40.337106
T006136,C0109,M0023,46686.79,UPI,SUCCESS,2026-06-11 18:32:10.689628
T006137,C0202,M0040,956.04,CARD,SUCCESS,2026-08-06 20:26:14.624109
T006138,C0253,M0031,13709.79,UPI,SUCCESS,2026-06-10 18:38:04.443443
T006139,C0170,M0038,12340.31,CARD,SUCCESS,2026-06-12 15:03:15.173398
T006140,C0402,M0003,34077.45,CARD,SUCCESS,2026-08-05 18:00:32.825407
T006141,C0087,M0016,33125.28,CARD,SUCCESS,2026-09-03 02:07:55.256834
T006142,C0348,M0041,17427.86,CARD,SUCCESS,2026-07-19 04:58:28.611626
T006143,C0423,M0033,43729.96,CARD,SUCCESS,2026-07-03 23:06:48.682615
T006144,C0084,M0011,31440.56,WALLET,SUCCESS,2026-09-05 12:24:18.430620
T006145,C0128,M0048,18185.62,UPI,FAILED,2026-07-11 13:25:21.171919
T006146,C0193,M0045,22734.27,CARD,SUCCESS,2026-08-08 12:11:23.200776
T006147,C0341,M0035,31481.17,NET_BANKING,SUCCESS,2026-07-01 09:00:18.412303
T006148,C0392,M0006,37127.72,CARD,SUCCESS,2026-09-01 08:10:58.262609
T006149,C0139,M0018,28349.64,WALLET,SUCCESS,2026-08-09 22:50:37.215183
T006150,C0364,M0031,8508.45,UPI,SUCCESS,2026-08-22 14:56:09.597434
T006151,C0211,M0011,20685.22,NET_BANKING,SUCCESS,2026-08-20 15:29:45.329147
T006152,C0017,M0048,43825.82,WALLET,SUCCESS,2026-07-06 10:01:49.703053
T006153,C0473,M0003,5268.38,WALLET,SUCCESS,2026-06-14 22:58:49.044036
T006154,C0455,M0002,18945.69,NET_BANKING,SUCCESS,2026-06-21 18:29:23.147447
T006155,C0495,M0008,8218.97,WALLET,SUCCESS,2026-09-01 18:07:52.923564
T006156,C0281,M0047,23005.24,CARD,SUCCESS,2026-07-04 08:15:52.200831
T006157,C0078,M0035,17170.3,CARD,SUCCESS,2026-06-20 20:18:49.310297
T006158,C0445,M0004,25476.18,UPI,FAILED,2026-08-21 05:57:04.361346
T006159,C0016,M0030,28839.87,WALLET,FAILED,2026-07-31 07:25:23.534863
T006160,C0393,M0026,13083.21,NET_BANKING,SUCCESS,2026-08-03 18:35:28.942737
T006161,C0287,M0036,2568.95,CARD,SUCCESS,2026-06-21 06:29:04.326081
T006162,C0400,M0004,1856.79,CARD,SUCCESS,2026-08-29 16:43:58.800895
T006163,C0025,M0005,15930.05,NET_BANKING,SUCCESS,2026-06-10 03:18:17.423068
T006164,C0424,M0041,37514.39,NET_BANKING,FAILED,2026-07-21 00:27:49.111046
T006165,C0477,M0036,6157.48,CARD,SUCCESS,2026-08-14 03:20:04.767922
T006166,C0373,M0045,31171.57,NET_BANKING,SUCCESS,2026-07-02 21:05:52.842018
T006167,C0221,M0021,546.19,NET_BANKING,SUCCESS,2026-08-12 10:18:17.171669
T006168,C0128,M0049,28260.14,UPI,SUCCESS,2026-06-16 08:14:59.242964
T006169,C0382,M0016,13964.84,UPI,SUCCESS,2026-06-28 08:37:07.426952
T006170,C0368,M0043,47580.44,CARD,SUCCESS,2026-08-10 10:38:53.142914
T006171,C0102,M0031,33237.81,NET_BANKING,SUCCESS,2026-09-05 05:35:42.802942
T006172,C0174,M0015,12936.22,CARD,SUCCESS,2026-07-28 18:15:28.304256
T006173,C0023,M0023,17071.03,NET_BANKING,SUCCESS,2026-08-06 09:10:15.139582
T006174,C0002,M0004,44473.68,NET_BANKING,SUCCESS,2026-08-11 12:56:32.282372
T006175,C0384,M0027,11454.74,NET_BANKING,FAILED,2026-07-14 13:01:10.604239
T006176,C0285,M0006,15984.87,NET_BANKING,SUCCESS,2026-08-18 14:43:24.602077
T006177,C0143,M0042,32879.13,UPI,SUCCESS,2026-08-13 06:18:25.746454
T006178,C0077,M0044,28115.58,NET_BANKING,SUCCESS,2026-07-04 13:56:37.182574
T006179,C0441,M0034,3459.94,CARD,SUCCESS,2026-08-02 07:07:40.981253
T006180,C0086,M0044,3030.54,NET_BANKING,PENDING,2026-08-21 02:24:03.492002
T006181,C0458,M0028,36873.35,UPI,SUCCESS,2026-08-01 18:31:02.835506
T006182,C0285,M0015,2437.04,WALLET,PENDING,2026-06-08 14:20:49.127710
T006183,C0476,M0038,39746.92,CARD,SUCCESS,2026-08-24 11:36:27.198406
T006184,C0080,M0003,26504.78,NET_BANKING,SUCCESS,2026-09-01 20:57:22.038943
T006185,C0132,M0023,36506.84,UPI,SUCCESS,2026-06-19 13:39:54.747719
T006186,C0075,M0034,17964.69,WALLET,SUCCESS,2026-08-28 07:26:04.028756
T006187,C0424,M0031,22134.75,WALLET,SUCCESS,2026-07-23 00:00:51.940284
T006188,C0143,M0034,46669.52,WALLET,SUCCESS,2026-06-12 11:49:25.593198
T006189,C0384,M0020,14600.47,UPI,SUCCESS,2026-08-24 11:33:19.231741
T006190,C0370,M0014,30962.78,NET_BANKING,SUCCESS,2026-06-13 19:57:39.443613
T006191,C0091,M0033,45944.38,CARD,SUCCESS,2026-08-15 07:06:50.297230
T006192,C0283,M0050,6731.31,UPI,SUCCESS,2026-08-06 05:44:05.025237
T006193,C0413,M0019,43289.14,WALLET,SUCCESS,2026-08-03 05:25:46.880279
T006194,C0186,M0030,22653.1,CARD,FAILED,2026-07-22 12:55:21.882901
T006195,C0144,M0026,10062.59,WALLET,SUCCESS,2026-07-19 20:09:31.471259
T006196,C0118,M0034,38010.9,UPI,SUCCESS,2026-08-07 04:46:55.149832
T006197,C0155,M0046,6788.18,WALLET,SUCCESS,2026-08-04 00:42:59.837699
T006198,C0403,M0035,32367.22,CARD,SUCCESS,2026-09-04 08:30:52.390248
T006199,C0305,M0046,25973.07,CARD,SUCCESS,2026-06-21 05:15:28.378726
T006200,C0180,M0015,7274.6,NET_BANKING,SUCCESS,2026-06-25 03:45:15.947821
T006201,C0200,M0029,457.19,CARD,PENDING,2026-08-05 17:27:11.345310
T006202,C0423,M0016,23539.9,UPI,SUCCESS,2026-07-05 17:56:28.166674
T006203,C0117,M0049,5407.73,WALLET,SUCCESS,2026-06-13 06:53:42.689526
T006204,C0381,M0025,32232.62,CARD,SUCCESS,2026-08-22 22:54:54.286684
T006205,C0455,M0043,9524.23,NET_BANKING,SUCCESS,2026-07-02 19:57:59.452251
T006206,C0465,M0034,47275.91,CARD,SUCCESS,2026-06-14 03:44:19.188111
T006207,C0374,M0046,3896.9,UPI,SUCCESS,2026-07-25 22:49:28.002432
T006208,C0474,M0018,10773.93,WALLET,FAILED,2026-07-25 00:03:46.049206
T006209,C0171,M0007,32098.64,NET_BANKING,FAILED,2026-06-18 17:16:14.557710
T006210,C0282,M0023,10782.33,UPI,SUCCESS,2026-07-19 01:56:10.350881
T006211,C0396,M0031,17747.36,CARD,SUCCESS,2026-09-04 21:48:54.677138
T006212,C0256,M0027,43862.76,NET_BANKING,SUCCESS,2026-09-03 03:22:35.249158
T006213,C0313,M0004,48499.92,NET_BANKING,SUCCESS,2026-08-03 07:43:04.546633
T006214,C0280,M0039,28208.17,UPI,SUCCESS,2026-08-03 17:46:29.349132
T006215,C0348,M0016,7676.69,WALLET,SUCCESS,2026-07-08 20:53:39.302768
T006216,C0055,M0039,45605.38,NET_BANKING,SUCCESS,2026-07-28 22:21:41.880656
T006217,C0438,M0029,4080.9,NET_BANKING,SUCCESS,2026-07-30 16:06:48.387210
T006218,C0236,M0041,38053.89,NET_BANKING,SUCCESS,2026-09-05 15:26:34.492851
T006219,C0081,M0004,35487.9,NET_BANKING,SUCCESS,2026-06-14 16:47:52.697245
T006220,C0128,M0046,14893.23,UPI,SUCCESS,2026-08-22 00:01:32.547797
T006221,C0491,M0014,41422.4,CARD,FAILED,2026-08-23 23:50:52.637009
T006222,C0248,M0042,11544.95,WALLET,SUCCESS,2026-07-24 17:17:45.740611
T006223,C0425,M0015,46961.29,UPI,SUCCESS,2026-09-02 09:59:23.579430
T006224,C0184,M0036,43517.13,CARD,SUCCESS,2026-08-31 21:13:49.234721
T006225,C0006,M0005,31545.68,UPI,PENDING,2026-07-19 12:30:19.584168
T006226,C0393,M0004,39383.85,WALLET,SUCCESS,2026-06-20 22:43:23.590924
T006227,C0018,M0046,11930.74,NET_BANKING,SUCCESS,2026-07-29 10:28:45.452839
T006228,C0438,M0030,42597.1,NET_BANKING,SUCCESS,2026-06-25 06:32:19.992067
T006229,C0354,M0020,43728.04,NET_BANKING,SUCCESS,2026-07-28 01:09:33.515948
T006230,C0280,M0044,2374.65,UPI,SUCCESS,2026-07-02 01:09:36.528791
T006231,C0386,M0022,34560.85,NET_BANKING,FAILED,2026-07-08 15:44:53.076798
T006232,C0364,M0017,26124.82,WALLET,SUCCESS,2026-08-27 22:32:12.645927
T006233,C0271,M0042,17486.92,CARD,SUCCESS,2026-08-03 22:16:07.491038
T006234,C0355,M0020,14444.76,UPI,SUCCESS,2026-08-16 01:20:28.068826
T006235,C0121,M0048,18694.43,WALLET,SUCCESS,2026-08-14 04:07:18.808872
T006236,C0342,M0028,23350.95,WALLET,SUCCESS,2026-07-03 18:42:13.326523
T006237,C0123,M0019,30392.29,NET_BANKING,SUCCESS,2026-08-16 01:26:44.922024
T006238,C0196,M0028,15690.55,UPI,FAILED,2026-08-09 21:40:27.432498
T006239,C0406,M0013,36179.21,NET_BANKING,SUCCESS,2026-08-06 17:23:30.097746
T006240,C0356,M0014,34196.38,UPI,SUCCESS,2026-06-10 01:37:55.173189
T006241,C0500,M0035,13692.59,WALLET,SUCCESS,2026-08-14 09:00:34.053478
T006242,C0363,M0013,45110.71,CARD,SUCCESS,2026-07-31 04:14:14.355631
T006243,C0169,M0032,4488.55,NET_BANKING,SUCCESS,2026-07-19 14:28:21.168404
T006244,C0257,M0037,35098.51,CARD,FAILED,2026-07-21 08:02:32.928746
T006245,C0029,M0030,21252.04,NET_BANKING,SUCCESS,2026-08-24 21:35:37.350024
T006246,C0220,M0029,17705.02,WALLET,SUCCESS,2026-08-22 04:13:31.001255
T006247,C0369,M0007,41502.83,CARD,SUCCESS,2026-06-14 17:06:57.951523
T006248,C0449,M0031,119.41,WALLET,SUCCESS,2026-07-16 10:23:11.272454
T006249,C0236,M0001,27146.69,WALLET,SUCCESS,2026-09-02 07:59:30.495051
T006250,C0310,M0042,44606.85,WALLET,SUCCESS,2026-06-29 07:24:58.097056
T006251,C0420,M0008,29425.39,NET_BANKING,SUCCESS,2026-08-26 04:06:48.508006
T006252,C0113,M0040,5821.11,UPI,PENDING,2026-06-26 15:03:12.580679
T006253,C0415,M0033,34919.45,WALLET,SUCCESS,2026-09-05 03:37:22.082091
T006254,C0069,M0034,24149.99,NET_BANKING,SUCCESS,2026-08-08 22:54:57.713545
T006255,C0299,M0007,25373.01,UPI,SUCCESS,2026-06-22 02:13:56.733660
T006256,C0274,M0012,14794.17,UPI,SUCCESS,2026-06-11 13:29:41.790869
T006257,C0425,M0043,11432.55,UPI,SUCCESS,2026-08-17 19:12:14.245417
T006258,C0330,M0014,4979.28,UPI,SUCCESS,2026-07-09 03:31:11.978140
T006259,C0037,M0015,4888.53,CARD,SUCCESS,2026-07-25 08:36:29.514488
T006260,C0170,M0045,43850.62,NET_BANKING,FAILED,2026-06-27 22:45:15.032224
T006261,C0300,M0024,35132.76,WALLET,SUCCESS,2026-09-03 00:54:37.414757
T006262,C0002,M0044,40604.04,NET_BANKING,FAILED,2026-06-09 02:08:56.037027
T006263,C0146,M0046,30973.28,CARD,SUCCESS,2026-07-04 09:12:51.459060
T006264,C0329,M0034,27452.63,UPI,SUCCESS,2026-07-12 19:07:59.158237
T006265,C0347,M0007,34655.41,NET_BANKING,SUCCESS,2026-06-12 07:08:55.154591
T006266,C0483,M0029,44035.41,CARD,FAILED,2026-08-11 07:31:10.935712
T006267,C0022,M0015,5046.89,NET_BANKING,SUCCESS,2026-06-21 11:05:49.797585
T006268,C0243,M0024,33481.12,WALLET,SUCCESS,2026-08-27 06:05:06.367039
T006269,C0178,M0040,49134.97,NET_BANKING,FAILED,2026-09-05 11:35:43.255323
T006270,C0065,M0014,42365.58,NET_BANKING,FAILED,2026-08-11 17:43:21.936154
T006271,C0147,M0011,9961.8,CARD,SUCCESS,2026-07-30 00:22:58.663331
T006272,C0239,M0024,16258.27,UPI,SUCCESS,2026-07-14 04:47:42.910897
T006273,C0115,M0049,20906.03,CARD,SUCCESS,2026-06-08 14:45:16.971936
T006274,C0456,M0021,35269.71,WALLET,SUCCESS,2026-07-17 16:10:44.244757
T006275,C0084,M0049,38547.92,NET_BANKING,SUCCESS,2026-06-14 12:35:57.366333
T006276,C0221,M0004,20314.79,NET_BANKING,SUCCESS,2026-06-30 10:50:31.789591
T006277,C0361,M0003,17353.64,WALLET,SUCCESS,2026-06-09 20:26:17.375121
T006278,C0384,M0016,43779.31,NET_BANKING,SUCCESS,2026-06-09 22:51:57.155076
T006279,C0386,M0050,44921.61,NET_BANKING,SUCCESS,2026-08-27 23:05:21.421717
T006280,C0150,M0004,20341.55,UPI,FAILED,2026-06-22 05:10:31.227069
T006281,C0244,M0004,21600.52,CARD,SUCCESS,2026-08-09 01:30:17.013939
T006282,C0181,M0049,27608.97,WALLET,SUCCESS,2026-07-07 12:04:53.800179
T006283,C0175,M0032,12257.47,NET_BANKING,SUCCESS,2026-07-01 02:57:15.062591
T006284,C0220,M0048,6329.66,UPI,SUCCESS,2026-08-05 19:47:41.423221
T006285,C0160,M0038,10836.93,UPI,SUCCESS,2026-06-27 03:19:36.128929
T006286,C0042,M0039,28993.06,WALLET,SUCCESS,2026-08-25 07:22:32.289328
T006287,C0416,M0009,4368.08,WALLET,SUCCESS,2026-08-18 12:13:25.956237
T006288,C0462,M0034,9030.07,CARD,SUCCESS,2026-07-21 09:05:20.728170
T006289,C0399,M0044,14843.18,NET_BANKING,SUCCESS,2026-08-15 09:47:49.979056
T006290,C0011,M0050,19104.57,CARD,FAILED,2026-08-25 03:23:29.614987
T006291,C0153,M0016,36725.53,UPI,SUCCESS,2026-07-16 14:06:24.316478
T006292,C0422,M0004,48535.21,CARD,FAILED,2026-08-27 18:19:45.396366
T006293,C0347,M0023,7996.25,WALLET,SUCCESS,2026-06-13 08:01:09.848002
T006294,C0169,M0026,35972.62,WALLET,SUCCESS,2026-09-04 09:07:39.474841
T006295,C0454,M0025,13567.1,WALLET,SUCCESS,2026-07-13 21:08:42.932549
T006296,C0488,M0034,16951.41,CARD,FAILED,2026-06-15 08:01:01.625376
T006297,C0235,M0045,24686.42,WALLET,SUCCESS,2026-07-12 05:06:55.861373
T006298,C0242,M0037,46838.2,CARD,SUCCESS,2026-06-16 14:06:49.308824
T006299,C0101,M0025,14189.12,UPI,SUCCESS,2026-06-13 08:58:56.153368
T006300,C0264,M0005,4366.31,NET_BANKING,SUCCESS,2026-06-11 05:40:57.242390
T006301,C0298,M0012,8671.01,UPI,SUCCESS,2026-07-31 00:52:39.718147
T006302,C0133,M0046,12665.73,NET_BANKING,SUCCESS,2026-07-04 15:13:18.438423
T006303,C0368,M0025,266.17,UPI,SUCCESS,2026-07-29 03:19:44.130164
T006304,C0359,M0046,42072.14,CARD,SUCCESS,2026-07-29 17:50:37.839693
T006305,C0033,M0042,579.15,WALLET,SUCCESS,2026-07-01 16:35:45.632484
T006306,C0266,M0026,15814.21,CARD,SUCCESS,2026-07-21 12:20:21.549506
T006307,C0237,M0023,25823.45,CARD,SUCCESS,2026-08-01 19:52:32.665603
T006308,C0132,M0030,25237.16,CARD,PENDING,2026-07-19 01:21:38.446748
T006309,C0457,M0015,119.46,UPI,SUCCESS,2026-07-17 06:53:26.546856
T006310,C0210,M0046,45713.59,CARD,PENDING,2026-06-13 21:27:41.906185
T006311,C0466,M0016,40944.58,NET_BANKING,SUCCESS,2026-07-09 04:49:39.161823
T006312,C0412,M0048,19131.96,UPI,SUCCESS,2026-08-02 06:09:41.909758
T006313,C0356,M0035,27281.39,UPI,FAILED,2026-08-27 06:04:04.066535
T006314,C0216,M0034,40404.89,UPI,SUCCESS,2026-07-15 13:13:14.994653
T006315,C0230,M0035,26225.29,CARD,SUCCESS,2026-07-27 05:49:43.661385
T006316,C0037,M0011,6359.16,CARD,SUCCESS,2026-08-21 23:26:17.712564
T006317,C0369,M0027,17880.42,WALLET,SUCCESS,2026-06-21 03:49:34.387236
T006318,C0012,M0031,4471.2,CARD,SUCCESS,2026-08-08 21:36:35.077354
T006319,C0173,M0036,41190.5,WALLET,SUCCESS,2026-08-17 14:00:07.394155
T006320,C0245,M0029,1158.18,CARD,SUCCESS,2026-07-09 11:12:11.022576
T006321,C0454,M0047,43682.82,NET_BANKING,PENDING,2026-08-01 16:54:31.771400
T006322,C0413,M0015,26728.06,UPI,SUCCESS,2026-06-27 03:39:15.588630
T006323,C0232,M0006,33856.16,WALLET,SUCCESS,2026-08-21 21:41:27.999910
T006324,C0257,M0038,5472.64,NET_BANKING,SUCCESS,2026-09-05 05:13:39.182289
T006325,C0034,M0050,48098.6,UPI,FAILED,2026-07-04 08:02:50.978110
T006326,C0184,M0016,44990.55,UPI,SUCCESS,2026-08-30 03:24:30.778126
T006327,C0132,M0016,38368.26,NET_BANKING,SUCCESS,2026-08-13 00:42:07.785886
T006328,C0142,M0002,19767.59,NET_BANKING,SUCCESS,2026-06-25 19:14:34.766475
T006329,C0037,M0002,43985.62,UPI,SUCCESS,2026-07-05 00:15:34.498919
T006330,C0131,M0038,49175.39,UPI,SUCCESS,2026-08-26 13:23:25.395375
T006331,C0031,M0031,44778.32,WALLET,SUCCESS,2026-06-27 01:32:01.631571
T006332,C0298,M0028,17882.35,NET_BANKING,SUCCESS,2026-07-13 09:23:32.329364
T006333,C0197,M0006,37615.93,UPI,SUCCESS,2026-06-08 11:43:10.967114
T006334,C0149,M0023,1964.04,CARD,SUCCESS,2026-07-13 22:45:34.742074
T006335,C0141,M0014,46750.31,NET_BANKING,SUCCESS,2026-07-11 19:30:20.269797
T006336,C0434,M0022,47464.35,CARD,SUCCESS,2026-07-20 03:10:50.730657
T006337,C0001,M0043,20894.04,WALLET,SUCCESS,2026-07-15 20:16:00.988941
T006338,C0231,M0035,27637.47,UPI,SUCCESS,2026-06-12 23:39:57.884171
T006339,C0391,M0037,2715.7,CARD,SUCCESS,2026-07-10 04:44:38.182006
T006340,C0053,M0028,48088.13,WALLET,SUCCESS,2026-07-27 07:30:33.802242
T006341,C0354,M0028,42774.96,UPI,SUCCESS,2026-09-03 15:28:05.713289
T006342,C0453,M0027,7177.47,CARD,FAILED,2026-06-25 13:31:11.008795
T006343,C0374,M0017,42547.83,CARD,SUCCESS,2026-06-18 19:16:41.242006
T006344,C0019,M0040,40649.22,CARD,SUCCESS,2026-07-10 21:43:36.075366
T006345,C0029,M0016,28827.93,WALLET,SUCCESS,2026-07-19 09:15:11.029595
T006346,C0229,M0032,662.78,UPI,SUCCESS,2026-07-12 15:23:24.271533
T006347,C0187,M0027,33694.47,UPI,SUCCESS,2026-08-31 19:30:37.435088
T006348,C0010,M0032,47790.73,CARD,SUCCESS,2026-06-09 03:09:49.261708
T006349,C0030,M0021,43334.66,NET_BANKING,SUCCESS,2026-08-21 08:33:48.834095
T006350,C0301,M0004,37846.68,UPI,SUCCESS,2026-07-21 02:34:10.996542
T006351,C0403,M0050,29443.65,CARD,SUCCESS,2026-09-05 13:38:51.824043
T006352,C0438,M0030,39556.73,NET_BANKING,SUCCESS,2026-07-25 10:45:24.133816
T006353,C0091,M0012,38209.97,CARD,PENDING,2026-08-07 07:17:27.234744
T006354,C0417,M0039,45092.92,UPI,SUCCESS,2026-08-30 07:13:11.550316
T006355,C0279,M0026,47361.86,NET_BANKING,SUCCESS,2026-06-12 16:58:56.327971
T006356,C0026,M0022,19132.95,UPI,SUCCESS,2026-06-18 06:40:58.265920
T006357,C0184,M0007,18347.03,NET_BANKING,SUCCESS,2026-08-29 17:31:35.300117
T006358,C0097,M0014,26653.28,NET_BANKING,FAILED,2026-08-01 04:02:10.218856
T006359,C0486,M0050,9128.09,NET_BANKING,SUCCESS,2026-08-17 21:17:55.095080
T006360,C0251,M0023,39478.66,NET_BANKING,SUCCESS,2026-08-01 11:33:29.008342
T006361,C0357,M0040,28012.37,CARD,SUCCESS,2026-07-24 17:16:10.874089
T006362,C0117,M0022,17349.75,CARD,SUCCESS,2026-07-23 07:02:52.876300
T006363,C0053,M0011,47862.2,CARD,SUCCESS,2026-08-16 09:18:28.771816
T006364,C0302,M0002,39639.73,WALLET,SUCCESS,2026-06-29 08:07:48.665492
T006365,C0090,M0027,32386.44,NET_BANKING,SUCCESS,2026-07-31 09:24:25.530496
T006366,C0323,M0009,20628.95,NET_BANKING,PENDING,2026-06-17 20:56:25.266637
T006367,C0466,M0020,9051.57,WALLET,SUCCESS,2026-08-13 19:16:40.163249
T006368,C0148,M0037,19556.65,NET_BANKING,SUCCESS,2026-06-26 14:52:33.182651
T006369,C0018,M0025,7191.81,CARD,SUCCESS,2026-08-13 12:42:27.550688
T006370,C0181,M0040,33657.86,WALLET,SUCCESS,2026-08-26 02:32:09.375058
T006371,C0344,M0004,36411.95,WALLET,SUCCESS,2026-08-02 03:53:06.568553
T006372,C0229,M0001,3953.47,UPI,FAILED,2026-08-08 00:13:38.926516
T006373,C0194,M0025,20099.23,NET_BANKING,FAILED,2026-08-21 19:19:53.806160
T006374,C0475,M0040,5609.76,NET_BANKING,SUCCESS,2026-06-13 07:33:23.857311
T006375,C0187,M0028,6451.39,CARD,SUCCESS,2026-07-07 19:36:39.262274
T006376,C0021,M0049,20796.72,NET_BANKING,SUCCESS,2026-08-10 16:27:21.843828
T006377,C0208,M0002,34433.02,WALLET,SUCCESS,2026-08-08 21:23:05.587131
T006378,C0121,M0008,182.02,CARD,SUCCESS,2026-08-06 22:12:34.386927
T006379,C0290,M0010,46343.29,UPI,SUCCESS,2026-08-15 15:49:23.121449
T006380,C0446,M0033,27739.88,UPI,SUCCESS,2026-06-26 06:44:53.145537
T006381,C0288,M0018,35900.01,CARD,SUCCESS,2026-09-03 07:02:30.012094
T006382,C0463,M0041,28521.53,WALLET,SUCCESS,2026-06-30 02:11:58.881735
T006383,C0042,M0013,6790.36,NET_BANKING,SUCCESS,2026-07-13 20:49:07.039854
T006384,C0142,M0020,24021.27,UPI,PENDING,2026-08-19 16:11:49.548679
T006385,C0302,M0046,22957.54,UPI,SUCCESS,2026-08-03 20:30:40.660591
T006386,C0432,M0045,11322.25,WALLET,SUCCESS,2026-09-05 11:09:17.159082
T006387,C0057,M0001,15088.22,WALLET,SUCCESS,2026-08-11 08:06:40.392956
T006388,C0376,M0049,1525.94,UPI,SUCCESS,2026-06-09 23:58:09.691439
T006389,C0495,M0010,8818.84,CARD,SUCCESS,2026-06-28 21:50:10.936063
T006390,C0337,M0006,24093.37,CARD,PENDING,2026-07-30 20:47:36.382626
T006391,C0331,M0006,41906.61,WALLET,SUCCESS,2026-07-28 09:45:58.448882
T006392,C0460,M0049,3019.25,NET_BANKING,SUCCESS,2026-06-15 05:52:30.660215
T006393,C0311,M0008,3223.86,WALLET,SUCCESS,2026-07-15 18:12:10.321383
T006394,C0489,M0036,45385.63,WALLET,SUCCESS,2026-07-30 08:20:02.567153
T006395,C0079,M0033,23295.77,NET_BANKING,SUCCESS,2026-07-20 12:41:26.795555
T006396,C0353,M0005,5824.66,WALLET,SUCCESS,2026-08-09 20:09:12.890254
T006397,C0149,M0048,31091.29,NET_BANKING,SUCCESS,2026-06-27 14:34:56.230216
T006398,C0301,M0016,28580.94,UPI,SUCCESS,2026-06-12 01:21:30.238505
T006399,C0190,M0001,46024.22,WALLET,SUCCESS,2026-07-27 08:33:55.658142
T006400,C0264,M0017,48996.87,WALLET,SUCCESS,2026-07-18 12:11:26.470522
T006401,C0351,M0021,3386.63,UPI,SUCCESS,2026-07-31 23:21:24.539594
T006402,C0338,M0048,20479.54,WALLET,SUCCESS,2026-07-21 11:39:41.110739
T006403,C0230,M0041,14830.29,CARD,SUCCESS,2026-08-28 11:34:13.404345
T006404,C0210,M0022,18517.39,UPI,SUCCESS,2026-07-04 05:24:25.906490
T006405,C0366,M0005,27678.21,WALLET,SUCCESS,2026-07-28 05:26:50.680198
T006406,C0020,M0028,33255.79,WALLET,FAILED,2026-08-30 01:23:45.891637
T006407,C0422,M0018,45138.28,WALLET,SUCCESS,2026-07-29 04:39:29.666353
T006408,C0037,M0006,37949.28,NET_BANKING,SUCCESS,2026-07-13 09:49:52.398249
T006409,C0102,M0022,25902.05,UPI,SUCCESS,2026-08-14 09:18:38.662720
T006410,C0085,M0016,31440.35,WALLET,PENDING,2026-08-26 16:05:53.571979
T006411,C0413,M0030,42316.51,WALLET,SUCCESS,2026-08-17 20:38:04.565914
T006412,C0493,M0002,7333.01,CARD,PENDING,2026-08-27 15:27:16.036705
T006413,C0052,M0033,10545.1,NET_BANKING,SUCCESS,2026-06-27 23:08:29.768762
T006414,C0436,M0029,2435.01,NET_BANKING,SUCCESS,2026-07-21 02:21:44.330090
T006415,C0378,M0033,4889.18,WALLET,SUCCESS,2026-09-02 18:11:52.885029
T006416,C0485,M0048,16002.44,CARD,SUCCESS,2026-07-08 14:56:46.566866
T006417,C0395,M0043,40213.36,WALLET,FAILED,2026-06-11 00:24:48.323142
T006418,C0173,M0002,10060.82,NET_BANKING,PENDING,2026-08-02 09:15:37.256436
T006419,C0181,M0034,23815.07,WALLET,FAILED,2026-07-08 21:23:19.826917
T006420,C0119,M0003,437.24,WALLET,SUCCESS,2026-06-27 13:28:40.614518
T006421,C0332,M0023,16273.75,NET_BANKING,SUCCESS,2026-06-22 07:36:30.891403
T006422,C0254,M0049,27214.08,CARD,SUCCESS,2026-07-07 03:44:17.082273
T006423,C0211,M0022,5701.72,NET_BANKING,SUCCESS,2026-06-24 13:06:53.606342
T006424,C0139,M0019,41614.05,NET_BANKING,SUCCESS,2026-06-19 18:42:45.037438
T006425,C0225,M0013,13980.88,UPI,SUCCESS,2026-08-19 05:11:02.621152
T006426,C0337,M0027,45220.21,CARD,FAILED,2026-07-26 04:32:17.628393
T006427,C0161,M0041,8085.77,UPI,FAILED,2026-08-19 14:25:49.829674
T006428,C0471,M0006,11275.33,UPI,SUCCESS,2026-06-27 04:09:14.066353
T006429,C0490,M0003,23498.19,NET_BANKING,SUCCESS,2026-07-10 20:41:53.839937
T006430,C0402,M0041,26613.96,UPI,SUCCESS,2026-08-11 05:59:48.649977
T006431,C0428,M0038,11393.72,WALLET,SUCCESS,2026-06-15 11:37:23.587035
T006432,C0193,M0033,38931.6,WALLET,SUCCESS,2026-08-23 16:56:14.225165
T006433,C0103,M0011,14296.58,NET_BANKING,PENDING,2026-06-27 14:55:28.065749
T006434,C0211,M0029,5041.87,WALLET,SUCCESS,2026-08-19 13:04:36.074246
T006435,C0410,M0041,33377.55,UPI,PENDING,2026-08-18 17:13:42.991475
T006436,C0346,M0045,33831.26,NET_BANKING,SUCCESS,2026-07-11 10:11:03.231189
T006437,C0444,M0044,27534.72,UPI,FAILED,2026-08-04 19:37:16.516963
T006438,C0495,M0038,45708.66,NET_BANKING,SUCCESS,2026-06-13 04:02:11.330468
T006439,C0333,M0017,25601.59,NET_BANKING,SUCCESS,2026-09-04 08:22:45.790831
T006440,C0038,M0045,5223.76,WALLET,SUCCESS,2026-06-13 10:30:13.182590
T006441,C0016,M0043,43826.73,NET_BANKING,SUCCESS,2026-07-03 05:46:48.707259
T006442,C0264,M0005,31269.88,UPI,SUCCESS,2026-08-09 05:34:46.073484
T006443,C0337,M0002,23680.88,NET_BANKING,SUCCESS,2026-09-03 14:37:25.151154
T006444,C0435,M0040,47083.35,UPI,SUCCESS,2026-07-13 08:04:10.289995
T006445,C0303,M0004,31284.45,UPI,SUCCESS,2026-07-16 19:14:56.739580
T006446,C0031,M0014,38879.59,UPI,SUCCESS,2026-06-15 04:44:14.070249
T006447,C0496,M0011,41016.47,UPI,SUCCESS,2026-08-08 17:52:28.677952
T006448,C0201,M0024,9333.18,CARD,SUCCESS,2026-06-24 12:46:16.954863
T006449,C0043,M0005,47509.48,NET_BANKING,SUCCESS,2026-08-21 10:13:09.629319
T006450,C0311,M0004,23725.17,NET_BANKING,SUCCESS,2026-06-19 12:06:10.560178
T006451,C0032,M0027,39166.13,CARD,SUCCESS,2026-08-10 00:24:32.833311
T006452,C0204,M0010,1160.88,CARD,SUCCESS,2026-06-10 05:21:22.506964
T006453,C0333,M0009,48786.5,WALLET,SUCCESS,2026-07-23 09:55:04.527809
T006454,C0291,M0007,11113.19,NET_BANKING,SUCCESS,2026-07-16 16:39:42.174948
T006455,C0217,M0014,3290.78,NET_BANKING,SUCCESS,2026-08-24 11:27:22.270448
T006456,C0014,M0015,35667.79,CARD,SUCCESS,2026-08-24 12:59:35.317306
T006457,C0229,M0004,22500.31,WALLET,SUCCESS,2026-07-26 14:27:41.287480
T006458,C0319,M0036,41345.19,CARD,SUCCESS,2026-07-19 15:39:38.199270
T006459,C0354,M0011,17712.7,UPI,SUCCESS,2026-06-22 16:45:30.530802
T006460,C0197,M0040,38711.55,NET_BANKING,SUCCESS,2026-08-07 02:08:01.796052
T006461,C0306,M0017,32954.04,WALLET,FAILED,2026-09-02 03:57:33.615253
T006462,C0359,M0041,47988.86,UPI,SUCCESS,2026-07-03 10:49:21.585838
T006463,C0318,M0010,5911.25,UPI,SUCCESS,2026-08-20 21:45:25.946087
T006464,C0476,M0042,21441.65,WALLET,SUCCESS,2026-07-02 00:32:27.670985
T006465,C0269,M0030,10060.11,UPI,SUCCESS,2026-08-19 08:35:54.094169
T006466,C0265,M0034,11374.73,UPI,SUCCESS,2026-09-02 10:14:13.001182
T006467,C0268,M0009,21839.18,WALLET,SUCCESS,2026-08-14 10:02:59.114957
T006468,C0363,M0044,994.66,WALLET,SUCCESS,2026-06-18 04:19:28.624274
T006469,C0488,M0032,4482.9,UPI,SUCCESS,2026-08-04 10:30:46.589076
T006470,C0021,M0010,32816.1,UPI,SUCCESS,2026-07-25 13:08:15.457235
T006471,C0033,M0011,5292.81,NET_BANKING,SUCCESS,2026-08-25 11:55:19.914648
T006472,C0290,M0024,25107.17,CARD,FAILED,2026-07-28 23:43:46.124794
T006473,C0073,M0002,20247.86,UPI,SUCCESS,2026-08-24 11:27:40.593162
T006474,C0249,M0018,47573.3,NET_BANKING,SUCCESS,2026-06-25 10:12:35.649087
T006475,C0485,M0030,2889.82,WALLET,SUCCESS,2026-07-09 14:03:44.605960
T006476,C0411,M0032,15288.52,CARD,SUCCESS,2026-08-10 11:09:07.495473
T006477,C0103,M0049,37509.66,CARD,SUCCESS,2026-06-08 20:05:05.513205
T006478,C0425,M0037,13672.69,UPI,SUCCESS,2026-08-10 13:28:51.345363
T006479,C0006,M0029,12039.71,NET_BANKING,PENDING,2026-07-27 17:18:26.245908
T006480,C0107,M0029,18701.84,NET_BANKING,SUCCESS,2026-07-25 05:56:09.925958
T006481,C0249,M0044,28725.52,CARD,SUCCESS,2026-07-11 08:08:44.435277
T006482,C0363,M0001,22602.43,CARD,SUCCESS,2026-06-28 12:56:29.412248
T006483,C0198,M0011,25669.31,WALLET,PENDING,2026-07-01 17:15:16.920093
T006484,C0108,M0021,26332.9,WALLET,SUCCESS,2026-06-26 23:40:01.168656
T006485,C0150,M0045,18071.21,CARD,SUCCESS,2026-07-27 21:17:24.430212
T006486,C0215,M0044,25018.21,CARD,SUCCESS,2026-07-13 21:07:41.192331
T006487,C0403,M0045,18980.24,UPI,SUCCESS,2026-07-23 18:52:04.597558
T006488,C0440,M0025,32136.23,UPI,SUCCESS,2026-06-16 14:42:58.694921
T006489,C0249,M0038,9875.2,WALLET,SUCCESS,2026-06-23 03:41:05.035016
T006490,C0080,M0011,43007.96,CARD,SUCCESS,2026-06-17 07:53:39.181970
T006491,C0408,M0007,43656.64,UPI,SUCCESS,2026-08-31 10:23:42.565469
T006492,C0026,M0017,28885.67,NET_BANKING,SUCCESS,2026-06-14 17:33:45.042930
T006493,C0470,M0019,29158.11,NET_BANKING,SUCCESS,2026-06-26 04:46:51.524433
T006494,C0165,M0006,15135.82,CARD,SUCCESS,2026-07-31 06:01:09.806228
T006495,C0349,M0014,4384.83,UPI,SUCCESS,2026-06-09 16:14:42.609963
T006496,C0419,M0023,19739.67,UPI,SUCCESS,2026-08-07 10:36:51.019049
T006497,C0057,M0025,28810.26,UPI,SUCCESS,2026-08-09 19:10:14.451514
T006498,C0124,M0027,36049.08,CARD,SUCCESS,2026-06-13 20:53:25.720432
T006499,C0232,M0033,43551.8,WALLET,SUCCESS,2026-06-16 00:36:31.848265
T006500,C0188,M0042,34958.69,NET_BANKING,SUCCESS,2026-07-10 05:47:59.199837
T006501,C0202,M0029,38663.34,WALLET,SUCCESS,2026-06-13 20:27:23.984160
T006502,C0281,M0001,25197.71,NET_BANKING,SUCCESS,2026-07-24 11:55:10.841450
T006503,C0082,M0043,40790.52,NET_BANKING,PENDING,2026-08-15 18:02:22.027745
T006504,C0119,M0047,15642.25,UPI,SUCCESS,2026-08-22 11:30:38.955952
T006505,C0478,M0022,1400.1,CARD,SUCCESS,2026-06-25 05:38:30.050261
T006506,C0390,M0046,2504.82,UPI,FAILED,2026-07-11 18:22:41.216473
T006507,C0386,M0027,18616.03,NET_BANKING,SUCCESS,2026-07-28 15:04:57.101447
T006508,C0293,M0046,46983.73,UPI,FAILED,2026-08-16 09:25:26.929025
T006509,C0175,M0018,35729.37,NET_BANKING,SUCCESS,2026-06-08 09:09:07.636349
T006510,C0423,M0026,6513.85,UPI,SUCCESS,2026-08-17 00:21:58.373733
T006511,C0068,M0026,7293.73,CARD,SUCCESS,2026-09-04 05:24:55.273969
T006512,C0334,M0011,39874.36,UPI,SUCCESS,2026-06-19 12:05:56.086403
T006513,C0390,M0032,21783.69,UPI,SUCCESS,2026-06-12 18:47:24.127126
T006514,C0080,M0038,28465.54,NET_BANKING,SUCCESS,2026-06-19 03:02:49.846476
T006515,C0250,M0020,47491.63,WALLET,SUCCESS,2026-06-17 00:12:22.709515
T006516,C0201,M0014,21041.83,CARD,SUCCESS,2026-07-29 12:39:44.705514
T006517,C0359,M0027,10878.15,WALLET,SUCCESS,2026-08-08 21:30:29.209166
T006518,C0382,M0045,49682.38,UPI,SUCCESS,2026-06-26 05:32:43.841314
T006519,C0448,M0012,26746.46,CARD,SUCCESS,2026-09-04 08:34:15.376017
T006520,C0282,M0004,12524.78,UPI,FAILED,2026-06-09 22:27:46.045178
T006521,C0440,M0048,3583.83,NET_BANKING,SUCCESS,2026-07-11 01:35:04.808579
T006522,C0005,M0031,48803.82,NET_BANKING,FAILED,2026-07-02 18:01:03.962356
T006523,C0424,M0030,39446.62,CARD,SUCCESS,2026-07-23 22:29:17.930590
T006524,C0465,M0050,2939.39,WALLET,SUCCESS,2026-08-01 20:28:46.348003
T006525,C0238,M0050,21916.23,WALLET,SUCCESS,2026-07-01 03:23:31.461334
T006526,C0105,M0001,24534.11,NET_BANKING,SUCCESS,2026-07-11 01:27:51.385318
T006527,C0477,M0002,18230.61,UPI,SUCCESS,2026-08-23 09:56:01.244761
T006528,C0490,M0046,4051.98,WALLET,SUCCESS,2026-08-20 07:51:51.489952
T006529,C0092,M0035,38013.48,WALLET,SUCCESS,2026-07-07 08:59:59.047578
T006530,C0469,M0006,12478.57,NET_BANKING,SUCCESS,2026-08-10 09:42:38.896226
T006531,C0291,M0021,41577.48,WALLET,SUCCESS,2026-07-29 23:10:15.732366
T006532,C0392,M0026,12309.71,WALLET,SUCCESS,2026-07-21 21:19:26.037611
T006533,C0119,M0006,42589.83,NET_BANKING,SUCCESS,2026-06-29 09:32:23.842589
T006534,C0020,M0025,36965.14,UPI,SUCCESS,2026-06-29 19:15:04.976388
T006535,C0438,M0002,28729.6,WALLET,SUCCESS,2026-06-29 17:39:19.719725
T006536,C0362,M0003,26977.44,CARD,SUCCESS,2026-06-22 20:49:11.986178
T006537,C0064,M0004,27330.6,NET_BANKING,SUCCESS,2026-06-30 17:22:01.829258
T006538,C0097,M0029,48287.81,UPI,SUCCESS,2026-07-31 22:30:35.473594
T006539,C0301,M0021,18509.52,NET_BANKING,SUCCESS,2026-09-05 08:55:46.771745
T006540,C0377,M0007,38485.24,UPI,SUCCESS,2026-07-22 16:54:50.578452
T006541,C0132,M0015,13497.27,UPI,SUCCESS,2026-07-23 19:06:56.219411
T006542,C0150,M0028,13876.95,WALLET,SUCCESS,2026-09-02 05:18:39.492383
T006543,C0240,M0025,14131.9,WALLET,SUCCESS,2026-08-29 09:11:52.809059
T006544,C0048,M0038,22833.82,CARD,SUCCESS,2026-07-20 02:33:30.378353
T006545,C0349,M0037,3239.54,CARD,SUCCESS,2026-07-27 22:15:07.040833
T006546,C0251,M0026,30849.51,UPI,SUCCESS,2026-08-21 14:56:19.904670
T006547,C0337,M0002,26264.69,WALLET,SUCCESS,2026-08-28 07:57:14.565819
T006548,C0400,M0026,5253.75,CARD,PENDING,2026-06-30 21:10:09.437294
T006549,C0374,M0038,16077.58,CARD,SUCCESS,2026-07-31 14:26:13.110761
T006550,C0246,M0022,1261.03,CARD,SUCCESS,2026-07-07 10:27:41.949487
T006551,C0332,M0049,13271.2,CARD,SUCCESS,2026-08-25 13:10:32.865602
T006552,C0326,M0021,41935.8,NET_BANKING,SUCCESS,2026-06-24 21:57:20.186050
T006553,C0167,M0044,1926.88,WALLET,SUCCESS,2026-07-22 19:07:32.340683
T006554,C0015,M0028,45911.33,NET_BANKING,SUCCESS,2026-09-03 22:47:37.687439
T006555,C0496,M0020,34685.23,WALLET,FAILED,2026-08-19 13:15:40.660395
T006556,C0440,M0026,43152.41,NET_BANKING,FAILED,2026-06-23 05:26:54.946848
T006557,C0324,M0032,47587.01,UPI,SUCCESS,2026-08-06 15:22:48.438974
T006558,C0388,M0029,36388.74,NET_BANKING,SUCCESS,2026-07-16 01:32:19.681296
T006559,C0426,M0007,47894.03,UPI,SUCCESS,2026-06-26 09:52:18.332023
T006560,C0051,M0028,12022.79,UPI,SUCCESS,2026-06-15 22:44:51.286659
T006561,C0250,M0011,33876.88,UPI,SUCCESS,2026-06-09 09:20:21.583453
T006562,C0337,M0040,18745.82,CARD,SUCCESS,2026-06-21 20:58:55.335230
T006563,C0248,M0017,1657.49,NET_BANKING,SUCCESS,2026-07-06 06:02:55.828670
T006564,C0282,M0014,48466.67,NET_BANKING,SUCCESS,2026-07-18 09:34:28.810670
T006565,C0115,M0005,44153.42,NET_BANKING,SUCCESS,2026-07-05 06:25:30.230292
T006566,C0111,M0036,10710.63,WALLET,SUCCESS,2026-07-03 18:46:42.650361
T006567,C0327,M0024,13641.94,CARD,SUCCESS,2026-08-20 08:11:16.591862
T006568,C0376,M0047,42356.71,WALLET,SUCCESS,2026-06-28 14:31:54.759363
T006569,C0361,M0044,22692.86,WALLET,SUCCESS,2026-07-01 01:24:38.117497
T006570,C0070,M0018,46285.58,WALLET,SUCCESS,2026-06-13 16:39:22.226152
T006571,C0128,M0037,8891.17,NET_BANKING,SUCCESS,2026-07-14 12:18:50.806170
T006572,C0052,M0029,2183.53,UPI,SUCCESS,2026-08-08 18:22:48.748539
T006573,C0449,M0045,37647.02,UPI,SUCCESS,2026-09-02 13:57:48.424850
T006574,C0176,M0006,33598.85,WALLET,SUCCESS,2026-06-10 00:25:47.894277
T006575,C0253,M0009,43458.36,WALLET,SUCCESS,2026-07-16 14:57:25.071895
T006576,C0224,M0044,30645.34,NET_BANKING,SUCCESS,2026-08-30 19:01:19.010235
T006577,C0146,M0017,24096.18,NET_BANKING,SUCCESS,2026-08-24 14:00:22.618019
T006578,C0140,M0018,10610.88,CARD,SUCCESS,2026-07-29 18:17:12.473855
T006579,C0045,M0038,14131.35,UPI,FAILED,2026-08-17 12:56:41.431119
T006580,C0155,M0018,6397.82,WALLET,SUCCESS,2026-08-18 10:26:01.168112
T006581,C0057,M0016,40979.56,WALLET,SUCCESS,2026-08-20 17:20:57.503845
T006582,C0295,M0018,9272.61,WALLET,SUCCESS,2026-06-09 03:02:07.984959
T006583,C0072,M0041,19634.8,UPI,SUCCESS,2026-06-26 21:46:49.631467
T006584,C0485,M0036,37416.18,WALLET,SUCCESS,2026-08-22 16:57:50.025428
T006585,C0322,M0037,3506.0,UPI,SUCCESS,2026-08-10 01:53:53.557796
T006586,C0013,M0010,18022.69,UPI,SUCCESS,2026-08-04 19:13:49.794306
T006587,C0435,M0036,32638.66,CARD,SUCCESS,2026-09-01 11:18:47.570380
T006588,C0089,M0038,46224.64,CARD,SUCCESS,2026-07-29 05:08:30.979798
T006589,C0340,M0004,16629.49,WALLET,SUCCESS,2026-08-23 17:17:30.417956
T006590,C0125,M0042,31005.05,UPI,SUCCESS,2026-07-25 03:17:01.744626
T006591,C0329,M0039,24112.05,CARD,SUCCESS,2026-08-10 00:13:33.709980
T006592,C0121,M0028,48779.62,CARD,SUCCESS,2026-07-23 16:57:15.679916
T006593,C0452,M0049,25297.72,WALLET,SUCCESS,2026-08-22 08:05:12.143215
T006594,C0402,M0001,20482.36,CARD,FAILED,2026-06-17 09:16:22.259959
T006595,C0289,M0013,23660.81,WALLET,SUCCESS,2026-08-10 23:31:00.697652
T006596,C0421,M0024,27822.88,WALLET,SUCCESS,2026-08-25 20:46:53.506064
T006597,C0455,M0039,44341.19,CARD,SUCCESS,2026-06-28 21:16:57.880436
T006598,C0432,M0014,23974.38,WALLET,SUCCESS,2026-09-05 05:35:13.682504
T006599,C0406,M0019,32536.82,CARD,SUCCESS,2026-06-14 21:10:33.608050
T006600,C0142,M0035,25079.46,UPI,SUCCESS,2026-06-29 03:20:40.791962
T006601,C0379,M0049,15807.53,UPI,SUCCESS,2026-08-19 02:19:31.192797
T006602,C0265,M0019,38212.62,CARD,SUCCESS,2026-07-25 11:48:52.194049
T006603,C0104,M0025,34957.58,CARD,PENDING,2026-07-16 04:36:20.731721
T006604,C0240,M0049,7413.36,UPI,SUCCESS,2026-07-26 19:52:45.683766
T006605,C0245,M0010,27474.02,CARD,SUCCESS,2026-08-04 20:40:32.110451
T006606,C0363,M0042,4007.2,UPI,PENDING,2026-06-25 19:40:32.443998
T006607,C0284,M0036,16817.6,UPI,SUCCESS,2026-08-21 16:17:11.318678
T006608,C0265,M0001,26736.44,CARD,SUCCESS,2026-06-30 01:13:58.590151
T006609,C0302,M0008,9312.07,CARD,SUCCESS,2026-08-23 06:37:06.323018
T006610,C0034,M0048,12534.66,WALLET,SUCCESS,2026-06-08 20:52:02.029750
T006611,C0147,M0035,18835.24,CARD,SUCCESS,2026-07-24 00:36:33.563318
T006612,C0214,M0047,31762.64,NET_BANKING,SUCCESS,2026-08-12 04:37:04.851272
T006613,C0273,M0019,7612.72,CARD,PENDING,2026-06-27 05:39:20.663543
T006614,C0322,M0010,18079.85,WALLET,FAILED,2026-08-31 21:47:31.066935
T006615,C0362,M0024,4491.28,UPI,PENDING,2026-07-14 03:09:56.041685
T006616,C0362,M0032,38893.84,WALLET,SUCCESS,2026-08-05 20:12:22.298186
T006617,C0150,M0005,37807.08,NET_BANKING,PENDING,2026-06-15 17:02:39.494398
T006618,C0068,M0006,13064.45,NET_BANKING,SUCCESS,2026-08-30 19:37:17.544225
T006619,C0283,M0034,4464.68,NET_BANKING,PENDING,2026-08-03 09:13:52.364892
T006620,C0143,M0032,20191.31,NET_BANKING,SUCCESS,2026-09-03 02:41:35.777129
T006621,C0223,M0050,16282.66,WALLET,SUCCESS,2026-09-05 08:09:12.781656
T006622,C0203,M0014,5636.94,CARD,SUCCESS,2026-06-30 04:05:20.336728
T006623,C0147,M0003,26442.74,UPI,SUCCESS,2026-06-09 19:46:12.417885
T006624,C0222,M0027,11628.75,CARD,PENDING,2026-07-06 10:44:59.073503
T006625,C0073,M0006,39335.78,CARD,SUCCESS,2026-08-02 05:15:06.672221
T006626,C0459,M0045,43887.0,UPI,FAILED,2026-08-15 16:23:42.928178
T006627,C0309,M0023,5796.54,WALLET,SUCCESS,2026-06-07 21:34:20.892521
T006628,C0161,M0019,42726.58,NET_BANKING,SUCCESS,2026-08-31 17:56:09.468935
T006629,C0085,M0040,48193.05,UPI,FAILED,2026-07-07 13:24:22.451045
T006630,C0248,M0004,29613.67,UPI,SUCCESS,2026-06-24 18:50:56.654374
T006631,C0077,M0022,27065.97,NET_BANKING,SUCCESS,2026-07-17 05:28:30.757654
T006632,C0280,M0033,40847.1,UPI,SUCCESS,2026-07-20 07:46:28.082740
T006633,C0424,M0031,20478.86,CARD,FAILED,2026-06-19 22:40:31.058654
T006634,C0304,M0028,12805.27,CARD,SUCCESS,2026-09-04 12:17:20.464309
T006635,C0224,M0015,48799.78,WALLET,SUCCESS,2026-08-10 22:46:06.266376
T006636,C0217,M0045,46840.29,NET_BANKING,SUCCESS,2026-07-20 09:46:32.940313
T006637,C0281,M0049,26865.98,CARD,SUCCESS,2026-08-05 12:13:11.184085
T006638,C0190,M0005,11541.78,UPI,SUCCESS,2026-07-27 15:00:01.190069
T006639,C0135,M0007,37149.08,CARD,SUCCESS,2026-08-18 19:40:09.530807
T006640,C0174,M0005,33493.95,WALLET,SUCCESS,2026-07-29 13:29:06.586771
T006641,C0103,M0010,6037.61,UPI,FAILED,2026-06-20 09:25:46.786932
T006642,C0488,M0042,36821.33,WALLET,FAILED,2026-06-09 05:49:47.743597
T006643,C0436,M0030,11574.54,NET_BANKING,SUCCESS,2026-07-24 04:07:21.716106
T006644,C0070,M0026,34467.74,WALLET,SUCCESS,2026-07-03 03:40:37.123003
T006645,C0228,M0042,24381.06,CARD,SUCCESS,2026-07-07 13:49:26.734692
T006646,C0067,M0016,5710.14,CARD,SUCCESS,2026-07-20 20:17:58.860633
T006647,C0202,M0017,37349.61,CARD,SUCCESS,2026-06-25 16:03:52.636075
T006648,C0260,M0026,24630.89,WALLET,SUCCESS,2026-07-13 05:47:48.131543
T006649,C0158,M0020,30814.01,CARD,SUCCESS,2026-08-08 21:06:56.432241
T006650,C0202,M0042,27741.47,UPI,SUCCESS,2026-08-07 07:36:19.835750
T006651,C0235,M0033,25708.46,WALLET,PENDING,2026-06-16 04:46:38.168352
T006652,C0048,M0004,16661.6,UPI,SUCCESS,2026-07-14 10:55:14.180307
T006653,C0086,M0016,29464.9,NET_BANKING,SUCCESS,2026-08-18 08:26:48.060419
T006654,C0351,M0027,36090.26,UPI,SUCCESS,2026-07-29 04:37:52.840084
T006655,C0045,M0022,46244.14,WALLET,SUCCESS,2026-08-04 04:32:44.869111
T006656,C0022,M0040,21756.84,UPI,PENDING,2026-07-24 07:17:19.875160
T006657,C0249,M0005,26568.59,CARD,PENDING,2026-07-30 19:21:11.249603
T006658,C0491,M0019,48933.68,CARD,FAILED,2026-06-21 19:43:41.494719
T006659,C0032,M0007,23272.94,WALLET,SUCCESS,2026-08-29 20:22:26.063723
T006660,C0256,M0045,24546.06,UPI,SUCCESS,2026-08-19 03:31:31.785244
T006661,C0030,M0038,27558.05,UPI,SUCCESS,2026-08-03 22:01:24.752515
T006662,C0243,M0030,24080.61,UPI,PENDING,2026-08-05 10:10:47.321246
T006663,C0095,M0021,19593.43,WALLET,FAILED,2026-07-19 16:29:37.772464
T006664,C0416,M0031,44206.74,NET_BANKING,SUCCESS,2026-06-23 03:03:02.064533
T006665,C0172,M0048,2018.68,CARD,SUCCESS,2026-07-30 08:30:33.721508
T006666,C0415,M0008,17967.76,WALLET,SUCCESS,2026-08-23 06:52:11.215282
T006667,C0440,M0019,8787.91,WALLET,SUCCESS,2026-06-28 14:58:51.392827
T006668,C0363,M0017,34629.88,NET_BANKING,SUCCESS,2026-08-05 02:33:45.809437
T006669,C0241,M0007,14651.81,UPI,SUCCESS,2026-08-22 16:58:30.475615
T006670,C0133,M0012,37970.24,NET_BANKING,SUCCESS,2026-08-03 16:21:21.830086
T006671,C0429,M0042,20951.78,CARD,SUCCESS,2026-07-22 04:53:05.321770
T006672,C0211,M0015,26413.18,WALLET,SUCCESS,2026-07-14 03:19:25.631131
T006673,C0069,M0018,26864.19,UPI,SUCCESS,2026-08-22 05:41:22.848718
T006674,C0425,M0026,48606.57,UPI,SUCCESS,2026-08-11 14:02:52.196252
T006675,C0379,M0001,38397.07,CARD,SUCCESS,2026-06-11 15:48:26.556562
T006676,C0206,M0020,4642.69,NET_BANKING,SUCCESS,2026-06-10 16:50:35.061278
T006677,C0450,M0049,35302.9,NET_BANKING,FAILED,2026-08-05 20:30:33.915971
T006678,C0337,M0002,34765.59,UPI,SUCCESS,2026-08-17 02:12:25.423635
T006679,C0151,M0001,202.88,NET_BANKING,SUCCESS,2026-07-31 13:15:04.403798
T006680,C0124,M0006,22496.68,CARD,SUCCESS,2026-07-06 22:34:56.027913
T006681,C0072,M0034,26444.77,UPI,SUCCESS,2026-07-09 11:40:41.616828
T006682,C0394,M0030,41843.53,WALLET,FAILED,2026-08-19 09:40:27.553344
T006683,C0299,M0017,26055.98,UPI,SUCCESS,2026-06-21 15:53:38.942307
T006684,C0004,M0019,47700.65,WALLET,FAILED,2026-08-05 06:41:20.151992
T006685,C0204,M0027,19236.25,UPI,SUCCESS,2026-07-19 00:08:11.733421
T006686,C0470,M0026,29183.92,WALLET,SUCCESS,2026-08-08 07:37:12.327056
T006687,C0421,M0033,37842.09,UPI,SUCCESS,2026-07-16 21:37:37.626161
T006688,C0066,M0035,25355.8,WALLET,FAILED,2026-07-25 02:58:10.760106
T006689,C0196,M0027,4896.79,WALLET,SUCCESS,2026-06-18 23:26:37.253792
T006690,C0458,M0048,47783.55,WALLET,SUCCESS,2026-07-19 16:15:46.321404
T006691,C0323,M0024,18691.77,UPI,SUCCESS,2026-07-19 16:22:39.106492
T006692,C0270,M0018,23743.29,WALLET,SUCCESS,2026-07-24 11:27:10.502605
T006693,C0313,M0033,23726.42,CARD,SUCCESS,2026-08-10 12:05:03.767054
T006694,C0424,M0031,11046.95,WALLET,SUCCESS,2026-07-16 07:02:55.184678
T006695,C0400,M0019,38281.54,CARD,SUCCESS,2026-07-18 13:28:42.005367
T006696,C0474,M0009,12658.61,CARD,SUCCESS,2026-06-08 02:36:36.624174
T006697,C0337,M0002,28197.18,UPI,FAILED,2026-09-03 23:22:23.435976
T006698,C0230,M0048,5923.25,UPI,SUCCESS,2026-07-12 22:45:04.199287
T006699,C0473,M0033,36414.85,WALLET,SUCCESS,2026-08-17 10:03:47.105792
T006700,C0427,M0049,22263.34,CARD,SUCCESS,2026-08-18 04:12:01.161275
T006701,C0108,M0041,40883.75,WALLET,SUCCESS,2026-07-27 18:57:49.690756
T006702,C0192,M0006,46431.32,CARD,SUCCESS,2026-06-25 23:22:54.917375
T006703,C0486,M0009,47836.22,UPI,SUCCESS,2026-08-04 11:45:01.062247
T006704,C0271,M0041,24095.9,NET_BANKING,SUCCESS,2026-06-27 06:26:03.900101
T006705,C0356,M0043,16372.01,UPI,SUCCESS,2026-08-10 07:27:02.804324
T006706,C0393,M0036,40388.18,NET_BANKING,SUCCESS,2026-06-30 03:08:01.415003
T006707,C0001,M0029,22094.94,UPI,SUCCESS,2026-08-03 19:50:50.699743
T006708,C0302,M0039,21314.81,UPI,SUCCESS,2026-07-19 06:37:04.533642
T006709,C0109,M0037,23828.34,UPI,SUCCESS,2026-07-22 22:18:13.195649
T006710,C0381,M0047,3272.95,NET_BANKING,SUCCESS,2026-09-04 23:45:20.279920
T006711,C0430,M0025,21418.57,CARD,SUCCESS,2026-07-01 22:36:45.681378
T006712,C0040,M0027,969.37,WALLET,SUCCESS,2026-07-03 00:31:13.996479
T006713,C0342,M0030,19580.71,NET_BANKING,SUCCESS,2026-08-30 23:00:53.340214
T006714,C0184,M0038,42743.09,CARD,SUCCESS,2026-08-20 07:18:30.521148
T006715,C0426,M0045,19718.35,WALLET,SUCCESS,2026-06-17 10:45:46.664894
T006716,C0158,M0040,38317.34,NET_BANKING,SUCCESS,2026-08-12 17:23:57.954125
T006717,C0313,M0005,22777.99,NET_BANKING,FAILED,2026-08-20 08:38:51.389046
T006718,C0214,M0045,21744.5,WALLET,SUCCESS,2026-07-04 04:28:11.587032
T006719,C0391,M0013,6572.08,NET_BANKING,SUCCESS,2026-07-11 14:08:50.356495
T006720,C0334,M0036,46536.91,WALLET,PENDING,2026-07-15 21:55:30.872023
T006721,C0296,M0020,3798.95,UPI,SUCCESS,2026-07-06 08:40:59.617667
T006722,C0298,M0010,35655.54,NET_BANKING,SUCCESS,2026-07-30 08:39:03.014841
T006723,C0323,M0022,35434.09,NET_BANKING,PENDING,2026-07-23 09:49:07.875759
T006724,C0094,M0009,16012.14,UPI,SUCCESS,2026-07-16 03:56:34.965112
T006725,C0316,M0025,39234.95,CARD,SUCCESS,2026-07-27 05:54:13.229015
T006726,C0050,M0043,4227.97,WALLET,SUCCESS,2026-07-08 07:14:43.963817
T006727,C0183,M0009,17012.2,NET_BANKING,SUCCESS,2026-08-21 10:17:10.318014
T006728,C0094,M0040,8547.88,UPI,SUCCESS,2026-08-17 23:01:47.070540
T006729,C0227,M0035,7479.1,NET_BANKING,SUCCESS,2026-07-19 08:14:20.017763
T006730,C0248,M0045,29133.12,UPI,SUCCESS,2026-07-25 01:10:16.857749
T006731,C0086,M0048,17684.89,CARD,SUCCESS,2026-07-07 13:48:39.411990
T006732,C0032,M0043,46495.51,UPI,SUCCESS,2026-09-01 03:26:38.306976
T006733,C0256,M0035,24975.84,CARD,SUCCESS,2026-07-12 18:50:49.783447
T006734,C0378,M0032,2559.41,NET_BANKING,SUCCESS,2026-06-28 03:23:48.389991
T006735,C0351,M0002,26173.72,NET_BANKING,SUCCESS,2026-08-08 18:57:09.776807
T006736,C0357,M0029,37952.98,CARD,SUCCESS,2026-08-17 23:40:58.736462
T006737,C0245,M0022,27865.33,CARD,SUCCESS,2026-08-25 11:07:33.694493
T006738,C0257,M0040,13930.23,UPI,SUCCESS,2026-08-03 17:10:55.212080
T006739,C0433,M0037,2761.62,CARD,SUCCESS,2026-06-10 05:01:35.448548
T006740,C0484,M0048,4154.04,NET_BANKING,SUCCESS,2026-07-02 14:32:25.975120
T006741,C0210,M0001,45921.48,WALLET,SUCCESS,2026-07-01 17:58:43.855854
T006742,C0328,M0044,41527.65,WALLET,SUCCESS,2026-08-04 12:04:33.425531
T006743,C0170,M0016,43086.36,UPI,SUCCESS,2026-08-29 01:26:15.935328
T006744,C0308,M0022,3742.28,WALLET,SUCCESS,2026-08-06 06:58:39.659882
T006745,C0484,M0029,36666.5,NET_BANKING,FAILED,2026-09-01 18:43:53.634109
T006746,C0150,M0022,49782.46,NET_BANKING,SUCCESS,2026-06-17 13:25:54.593819
T006747,C0021,M0021,17493.47,NET_BANKING,SUCCESS,2026-06-20 18:37:48.037450
T006748,C0267,M0019,33722.59,NET_BANKING,SUCCESS,2026-07-08 18:02:30.794801
T006749,C0064,M0021,27341.47,CARD,SUCCESS,2026-06-15 21:21:51.552511
T006750,C0258,M0029,3149.13,NET_BANKING,SUCCESS,2026-06-24 00:58:39.018477
T006751,C0371,M0036,45508.42,WALLET,SUCCESS,2026-06-10 18:18:27.328607
T006752,C0243,M0036,17185.4,CARD,SUCCESS,2026-07-14 03:18:04.872704
T006753,C0383,M0045,1022.15,UPI,SUCCESS,2026-08-15 23:21:41.172433
T006754,C0101,M0018,48033.91,WALLET,SUCCESS,2026-09-03 18:25:48.131864
T006755,C0363,M0034,1897.34,UPI,SUCCESS,2026-08-06 12:40:14.889818
T006756,C0215,M0049,17537.26,UPI,SUCCESS,2026-08-04 11:42:50.427422
T006757,C0489,M0001,9782.69,UPI,SUCCESS,2026-07-13 13:19:24.028066
T006758,C0158,M0003,19433.53,NET_BANKING,SUCCESS,2026-08-28 00:54:00.339721
T006759,C0205,M0016,35946.82,WALLET,SUCCESS,2026-06-11 02:46:18.038322
T006760,C0432,M0030,9563.13,WALLET,FAILED,2026-08-10 20:18:17.142929
T006761,C0281,M0017,48917.78,NET_BANKING,PENDING,2026-06-23 10:35:53.953630
T006762,C0382,M0045,19402.19,WALLET,SUCCESS,2026-07-28 08:10:18.573196
T006763,C0080,M0021,48893.37,UPI,FAILED,2026-08-20 01:15:44.283428
T006764,C0335,M0037,40680.89,NET_BANKING,SUCCESS,2026-07-06 12:26:40.811300
T006765,C0163,M0026,41429.54,WALLET,SUCCESS,2026-08-09 15:03:54.911971
T006766,C0260,M0031,40288.26,UPI,SUCCESS,2026-08-07 08:47:46.972699
T006767,C0357,M0038,37630.94,CARD,SUCCESS,2026-06-08 06:37:59.849664
T006768,C0341,M0021,22516.68,WALLET,SUCCESS,2026-08-29 21:52:48.976281
T006769,C0348,M0010,11230.48,NET_BANKING,SUCCESS,2026-06-23 09:33:22.859611
T006770,C0307,M0018,30555.47,CARD,SUCCESS,2026-09-03 11:45:31.417182
T006771,C0329,M0022,21823.86,NET_BANKING,SUCCESS,2026-06-21 01:14:06.197485
T006772,C0183,M0049,43292.99,WALLET,SUCCESS,2026-08-01 03:01:58.518650
T006773,C0174,M0041,17069.75,WALLET,PENDING,2026-08-11 04:16:21.578657
T006774,C0144,M0038,3468.73,UPI,SUCCESS,2026-08-01 00:28:53.393155
T006775,C0212,M0009,5269.88,WALLET,SUCCESS,2026-08-31 13:49:44.483080
T006776,C0139,M0003,36340.73,CARD,SUCCESS,2026-06-08 03:33:02.750377
T006777,C0210,M0040,28120.3,UPI,SUCCESS,2026-07-27 13:18:06.151872
T006778,C0207,M0049,8655.17,CARD,SUCCESS,2026-08-28 06:06:12.600744
T006779,C0213,M0018,18520.69,WALLET,SUCCESS,2026-07-04 13:24:19.594044
T006780,C0388,M0039,30840.57,CARD,SUCCESS,2026-08-01 22:53:32.205340
T006781,C0201,M0041,35003.76,CARD,SUCCESS,2026-07-21 17:25:44.251866
T006782,C0155,M0005,28254.68,NET_BANKING,SUCCESS,2026-08-14 06:55:26.586477
T006783,C0273,M0028,33603.77,CARD,SUCCESS,2026-07-21 09:01:38.949032
T006784,C0484,M0005,10855.28,WALLET,SUCCESS,2026-07-20 23:04:21.397934
T006785,C0483,M0003,29790.38,WALLET,SUCCESS,2026-06-10 13:20:37.731372
T006786,C0237,M0008,10265.95,NET_BANKING,SUCCESS,2026-08-19 23:11:34.664793
T006787,C0431,M0038,19925.16,WALLET,SUCCESS,2026-06-19 17:53:54.766920
T006788,C0485,M0030,38739.08,WALLET,SUCCESS,2026-07-24 16:28:06.114472
T006789,C0390,M0012,18812.85,NET_BANKING,SUCCESS,2026-07-04 18:43:24.376990
T006790,C0249,M0002,43190.46,WALLET,SUCCESS,2026-08-11 14:58:45.867779
T006791,C0303,M0027,37629.13,UPI,SUCCESS,2026-08-01 07:05:05.525338
T006792,C0296,M0014,449.77,WALLET,SUCCESS,2026-08-31 19:01:23.297355
T006793,C0180,M0039,17756.22,UPI,SUCCESS,2026-07-21 17:36:48.635473
T006794,C0342,M0040,35373.89,WALLET,PENDING,2026-08-27 11:21:25.030762
T006795,C0498,M0042,2667.94,NET_BANKING,FAILED,2026-08-14 19:21:09.229837
T006796,C0005,M0035,33918.22,NET_BANKING,SUCCESS,2026-06-27 10:21:42.108806
T006797,C0361,M0050,3716.93,CARD,SUCCESS,2026-08-31 08:25:37.842878
T006798,C0219,M0042,25578.03,NET_BANKING,SUCCESS,2026-08-04 07:12:25.342839
T006799,C0158,M0012,45061.57,UPI,SUCCESS,2026-06-19 22:36:34.446656
T006800,C0282,M0025,29813.13,CARD,FAILED,2026-07-24 04:17:40.726386
T006801,C0413,M0011,12011.87,CARD,SUCCESS,2026-08-04 03:52:53.779602
T006802,C0034,M0005,3338.97,WALLET,SUCCESS,2026-06-13 14:07:23.659660
T006803,C0394,M0040,33223.94,UPI,SUCCESS,2026-08-01 19:45:31.401175
T006804,C0270,M0023,16641.29,WALLET,FAILED,2026-06-22 17:32:15.817173
T006805,C0429,M0027,10188.07,CARD,SUCCESS,2026-08-13 18:27:44.842856
T006806,C0317,M0031,31433.63,CARD,SUCCESS,2026-08-29 15:00:06.908471
T006807,C0481,M0010,11369.63,CARD,SUCCESS,2026-08-12 16:54:20.025485
T006808,C0141,M0008,43581.18,UPI,FAILED,2026-06-16 12:19:00.284100
T006809,C0493,M0043,12896.17,WALLET,SUCCESS,2026-08-26 00:32:42.698423
T006810,C0135,M0044,23681.41,WALLET,FAILED,2026-06-10 19:06:57.938474
T006811,C0362,M0014,24083.14,CARD,FAILED,2026-08-19 17:33:12.869817
T006812,C0126,M0027,2918.21,UPI,SUCCESS,2026-08-17 04:57:48.542322
T006813,C0463,M0026,530.83,UPI,SUCCESS,2026-06-19 10:40:40.163322
T006814,C0257,M0037,41341.18,UPI,SUCCESS,2026-08-08 05:30:15.205715
T006815,C0013,M0049,22593.34,UPI,SUCCESS,2026-07-26 13:27:17.366697
T006816,C0251,M0035,1941.47,WALLET,SUCCESS,2026-08-01 03:36:22.259148
T006817,C0377,M0012,5231.01,UPI,SUCCESS,2026-08-16 09:49:22.285607
T006818,C0270,M0050,1704.46,NET_BANKING,SUCCESS,2026-06-19 08:11:24.454052
T006819,C0115,M0016,15791.45,NET_BANKING,SUCCESS,2026-08-08 04:14:25.475303
T006820,C0147,M0013,47324.22,UPI,SUCCESS,2026-08-23 00:48:29.802843
T006821,C0328,M0041,31945.19,WALLET,SUCCESS,2026-07-19 17:33:26.819422
T006822,C0013,M0013,44344.14,NET_BANKING,SUCCESS,2026-07-11 01:50:45.756798
T006823,C0195,M0038,9475.47,NET_BANKING,SUCCESS,2026-06-09 22:32:17.520480
T006824,C0431,M0039,17585.81,UPI,SUCCESS,2026-07-23 02:09:10.099049
T006825,C0337,M0020,35100.57,UPI,FAILED,2026-07-05 23:35:50.287218
T006826,C0384,M0017,38798.32,NET_BANKING,SUCCESS,2026-08-02 01:30:48.771923
T006827,C0194,M0034,4238.09,NET_BANKING,SUCCESS,2026-09-02 21:54:26.682357
T006828,C0150,M0007,19964.23,NET_BANKING,PENDING,2026-07-06 19:01:29.976543
T006829,C0032,M0015,39781.61,UPI,SUCCESS,2026-08-17 14:59:28.742717
T006830,C0226,M0003,5458.01,UPI,SUCCESS,2026-08-26 07:28:08.618546
T006831,C0387,M0004,19191.28,NET_BANKING,SUCCESS,2026-07-24 18:44:15.737961
T006832,C0077,M0046,9454.4,UPI,SUCCESS,2026-06-28 11:53:11.791233
T006833,C0247,M0022,47968.75,WALLET,SUCCESS,2026-07-16 12:41:13.019293
T006834,C0493,M0028,10355.61,NET_BANKING,SUCCESS,2026-08-27 05:40:55.929532
T006835,C0002,M0011,40468.76,WALLET,SUCCESS,2026-07-05 23:09:15.654721
T006836,C0218,M0008,47790.92,UPI,SUCCESS,2026-07-10 17:50:03.221204
T006837,C0378,M0015,23436.88,WALLET,SUCCESS,2026-06-28 11:23:57.943344
T006838,C0299,M0016,7777.9,CARD,SUCCESS,2026-06-15 17:36:32.013300
T006839,C0225,M0017,20287.31,CARD,SUCCESS,2026-08-02 22:07:28.392273
T006840,C0003,M0018,912.07,NET_BANKING,SUCCESS,2026-09-03 19:43:56.677534
T006841,C0412,M0002,29663.35,CARD,FAILED,2026-07-12 01:11:46.975586
T006842,C0239,M0024,23693.82,CARD,SUCCESS,2026-08-24 12:05:49.518235
T006843,C0164,M0039,39442.62,WALLET,SUCCESS,2026-06-08 03:32:31.161671
T006844,C0280,M0018,38594.42,UPI,SUCCESS,2026-06-12 04:45:39.988796
T006845,C0344,M0003,33598.18,CARD,SUCCESS,2026-08-27 07:24:44.399835
T006846,C0153,M0016,48626.36,CARD,SUCCESS,2026-07-07 15:26:02.877353
T006847,C0103,M0028,33588.71,NET_BANKING,SUCCESS,2026-09-05 17:28:51.995662
T006848,C0375,M0028,29554.73,NET_BANKING,SUCCESS,2026-07-29 22:46:04.884247
T006849,C0368,M0030,4927.81,NET_BANKING,SUCCESS,2026-07-01 22:20:47.521572
T006850,C0390,M0020,7378.02,NET_BANKING,SUCCESS,2026-07-13 19:27:22.817355
T006851,C0500,M0020,18086.01,CARD,SUCCESS,2026-06-14 23:31:52.282619
T006852,C0025,M0021,45777.77,CARD,SUCCESS,2026-06-25 19:33:12.081671
T006853,C0325,M0026,3191.6,UPI,SUCCESS,2026-06-24 12:56:32.357066
T006854,C0316,M0025,47330.76,WALLET,SUCCESS,2026-07-12 14:43:38.860539
T006855,C0050,M0050,19286.42,WALLET,SUCCESS,2026-07-25 08:03:07.190498
T006856,C0284,M0046,23241.75,CARD,SUCCESS,2026-06-24 00:45:18.578155
T006857,C0002,M0037,16178.65,CARD,SUCCESS,2026-07-27 13:43:53.757028
T006858,C0352,M0025,15636.41,NET_BANKING,PENDING,2026-08-04 12:12:00.321997
T006859,C0337,M0005,48222.81,CARD,SUCCESS,2026-07-01 14:18:54.106264
T006860,C0068,M0027,5750.26,UPI,PENDING,2026-06-29 23:34:22.683456
T006861,C0408,M0026,48625.47,NET_BANKING,SUCCESS,2026-06-20 11:44:35.684575
T006862,C0306,M0034,22669.24,CARD,SUCCESS,2026-06-22 00:25:51.260483
T006863,C0285,M0040,5990.69,WALLET,SUCCESS,2026-08-19 05:12:43.233706
T006864,C0087,M0014,35593.55,UPI,SUCCESS,2026-07-29 08:29:42.646420
T006865,C0476,M0045,12654.58,NET_BANKING,FAILED,2026-07-08 22:38:18.702147
T006866,C0196,M0016,12702.88,UPI,SUCCESS,2026-07-07 22:28:30.915211
T006867,C0121,M0001,29919.26,CARD,SUCCESS,2026-08-19 14:41:06.859653
T006868,C0358,M0018,31944.59,NET_BANKING,FAILED,2026-07-10 02:27:22.519607
T006869,C0235,M0039,45170.0,UPI,SUCCESS,2026-06-17 01:03:40.091587
T006870,C0476,M0040,38852.29,CARD,SUCCESS,2026-07-19 01:38:51.473925
T006871,C0092,M0034,36314.52,NET_BANKING,PENDING,2026-08-07 16:30:40.404978
T006872,C0198,M0029,44115.65,CARD,SUCCESS,2026-08-10 16:58:50.817102
T006873,C0325,M0035,49709.79,UPI,SUCCESS,2026-06-09 12:00:28.093369
T006874,C0045,M0013,45820.14,CARD,SUCCESS,2026-06-20 00:49:06.587460
T006875,C0228,M0014,14929.23,UPI,FAILED,2026-09-04 08:54:39.122405
T006876,C0291,M0013,11537.71,CARD,FAILED,2026-08-17 23:24:29.620439
T006877,C0328,M0043,28439.32,UPI,SUCCESS,2026-07-27 15:48:56.549940
T006878,C0053,M0027,1344.88,WALLET,SUCCESS,2026-08-01 20:58:29.540111
T006879,C0268,M0021,37188.07,WALLET,FAILED,2026-07-13 06:20:49.574322
T006880,C0459,M0011,20530.36,UPI,SUCCESS,2026-08-26 08:06:00.629905
T006881,C0151,M0035,28995.89,UPI,SUCCESS,2026-09-05 10:15:44.305178
T006882,C0454,M0022,35897.37,CARD,PENDING,2026-07-12 20:43:01.235494
T006883,C0035,M0036,9515.52,NET_BANKING,PENDING,2026-07-02 13:35:53.400077
T006884,C0304,M0040,19253.49,NET_BANKING,SUCCESS,2026-08-24 19:20:49.470808
T006885,C0366,M0028,42388.97,CARD,SUCCESS,2026-07-27 13:43:57.479614
T006886,C0069,M0017,43397.24,CARD,SUCCESS,2026-06-11 03:10:26.422606
T006887,C0279,M0019,24189.08,NET_BANKING,FAILED,2026-08-19 01:57:52.423245
T006888,C0421,M0015,14521.31,CARD,SUCCESS,2026-06-09 09:59:28.933624
T006889,C0062,M0038,43857.53,CARD,FAILED,2026-07-03 14:38:50.772979
T006890,C0457,M0025,487.52,WALLET,SUCCESS,2026-09-01 03:13:16.856331
T006891,C0217,M0032,11429.61,CARD,SUCCESS,2026-08-27 02:00:53.932851
T006892,C0336,M0006,38253.46,UPI,SUCCESS,2026-08-04 11:28:49.058110
T006893,C0452,M0046,15138.24,NET_BANKING,SUCCESS,2026-06-23 16:59:14.272618
T006894,C0408,M0003,39601.05,CARD,PENDING,2026-06-27 10:54:25.861069
T006895,C0390,M0037,13776.34,WALLET,SUCCESS,2026-09-01 14:16:41.252716
T006896,C0461,M0021,785.3,UPI,FAILED,2026-06-21 12:27:36.083516
T006897,C0128,M0018,26836.74,UPI,FAILED,2026-07-17 17:46:13.911262
T006898,C0430,M0017,29880.46,WALLET,SUCCESS,2026-08-01 11:22:06.630303
T006899,C0135,M0020,33194.42,UPI,SUCCESS,2026-06-18 13:48:03.991844
T006900,C0361,M0015,3629.58,UPI,SUCCESS,2026-06-29 21:56:12.686556
T006901,C0150,M0016,30013.92,UPI,SUCCESS,2026-06-23 00:34:41.262677
T006902,C0183,M0011,6170.26,NET_BANKING,SUCCESS,2026-08-27 14:21:37.375059
T006903,C0076,M0028,20071.47,CARD,SUCCESS,2026-08-23 14:47:41.330689
T006904,C0280,M0003,43122.96,WALLET,PENDING,2026-06-15 06:48:10.173753
T006905,C0175,M0043,4258.11,WALLET,SUCCESS,2026-06-26 11:15:44.106608
T006906,C0083,M0001,14314.98,WALLET,SUCCESS,2026-06-28 14:35:31.594512
T006907,C0334,M0014,14927.04,WALLET,FAILED,2026-06-30 05:25:47.640224
T006908,C0494,M0007,17143.22,NET_BANKING,SUCCESS,2026-07-20 15:32:02.370857
T006909,C0007,M0034,49203.64,WALLET,SUCCESS,2026-08-07 01:24:12.877872
T006910,C0498,M0035,29517.71,NET_BANKING,SUCCESS,2026-06-27 00:08:16.390151
T006911,C0024,M0018,24200.5,UPI,SUCCESS,2026-07-27 17:14:30.093866
T006912,C0407,M0005,18437.52,CARD,SUCCESS,2026-08-24 19:27:17.091535
T006913,C0187,M0011,17357.53,UPI,SUCCESS,2026-07-04 01:45:02.620357
T006914,C0429,M0030,25811.46,CARD,SUCCESS,2026-09-03 04:07:11.992853
T006915,C0081,M0012,42929.97,UPI,SUCCESS,2026-06-09 11:49:10.467149
T006916,C0242,M0009,18453.89,CARD,SUCCESS,2026-06-13 09:38:16.875607
T006917,C0322,M0003,44590.61,WALLET,SUCCESS,2026-08-07 12:39:04.534526
T006918,C0029,M0019,1933.41,CARD,SUCCESS,2026-09-05 00:29:58.389477
T006919,C0003,M0033,30824.56,NET_BANKING,SUCCESS,2026-07-15 11:56:31.848912
T006920,C0008,M0011,28894.76,CARD,SUCCESS,2026-07-19 01:44:48.264454
T006921,C0129,M0034,37699.88,NET_BANKING,SUCCESS,2026-08-22 14:38:39.456002
T006922,C0168,M0036,30476.45,WALLET,SUCCESS,2026-08-24 11:01:01.618243
T006923,C0049,M0038,23273.99,UPI,SUCCESS,2026-08-17 07:28:43.640379
T006924,C0030,M0001,34031.56,NET_BANKING,SUCCESS,2026-07-04 21:10:52.065667
T006925,C0158,M0031,25015.17,WALLET,FAILED,2026-07-06 20:00:59.265605
T006926,C0471,M0006,17811.56,CARD,SUCCESS,2026-07-18 02:34:17.523637
T006927,C0052,M0022,39062.11,CARD,SUCCESS,2026-06-29 06:15:24.830637
T006928,C0435,M0036,49706.33,UPI,SUCCESS,2026-07-15 05:29:14.539293
T006929,C0294,M0009,28465.14,NET_BANKING,SUCCESS,2026-07-06 01:43:55.001159
T006930,C0129,M0001,42372.01,UPI,SUCCESS,2026-06-08 22:26:59.589456
T006931,C0067,M0034,30288.41,NET_BANKING,PENDING,2026-08-27 17:01:13.491838
T006932,C0425,M0020,23960.52,WALLET,SUCCESS,2026-06-16 13:06:01.977019
T006933,C0450,M0042,14675.58,CARD,PENDING,2026-08-28 15:20:32.294773
T006934,C0362,M0040,3365.54,NET_BANKING,PENDING,2026-09-05 17:19:40.751433
T006935,C0061,M0020,30252.52,CARD,SUCCESS,2026-07-24 10:06:25.988779
T006936,C0379,M0016,26828.18,CARD,SUCCESS,2026-08-15 10:41:51.764639
T006937,C0188,M0025,34029.13,UPI,SUCCESS,2026-07-27 19:38:15.863700
T006938,C0153,M0002,40880.47,NET_BANKING,SUCCESS,2026-06-10 22:02:20.730479
T006939,C0470,M0001,17203.71,CARD,SUCCESS,2026-06-13 08:35:54.631579
T006940,C0420,M0004,31369.99,UPI,FAILED,2026-06-20 11:27:30.633151
T006941,C0190,M0023,44670.83,WALLET,SUCCESS,2026-06-29 09:54:14.295679
T006942,C0449,M0010,43615.77,WALLET,PENDING,2026-07-23 20:39:57.757651
T006943,C0413,M0047,31086.88,UPI,SUCCESS,2026-07-23 04:15:51.120227
T006944,C0280,M0020,49861.76,CARD,SUCCESS,2026-08-09 18:17:29.094897
T006945,C0224,M0023,8626.9,WALLET,SUCCESS,2026-08-20 12:08:53.732360
T006946,C0478,M0022,13651.53,NET_BANKING,SUCCESS,2026-08-29 13:51:20.268541
T006947,C0045,M0033,24140.02,UPI,SUCCESS,2026-07-13 20:31:31.151014
T006948,C0254,M0019,44438.72,NET_BANKING,SUCCESS,2026-07-10 00:27:31.790317
T006949,C0098,M0022,24192.07,WALLET,SUCCESS,2026-07-14 05:20:21.389911
T006950,C0099,M0038,20722.81,CARD,SUCCESS,2026-06-16 21:00:52.406910
T006951,C0456,M0047,2817.65,UPI,SUCCESS,2026-09-02 22:28:05.224762
T006952,C0410,M0007,24259.55,WALLET,SUCCESS,2026-07-30 07:09:32.363899
T006953,C0256,M0014,29965.46,CARD,PENDING,2026-07-24 05:47:22.346588
T006954,C0041,M0030,3980.63,CARD,SUCCESS,2026-07-30 15:36:23.193902
T006955,C0336,M0031,10240.97,UPI,SUCCESS,2026-08-29 03:33:24.142877
T006956,C0196,M0042,11094.47,UPI,SUCCESS,2026-08-07 06:18:22.631678
T006957,C0209,M0004,27546.84,WALLET,SUCCESS,2026-07-12 03:42:06.366465
T006958,C0109,M0031,1464.99,CARD,SUCCESS,2026-06-08 10:07:16.231312
T006959,C0023,M0007,25591.88,CARD,SUCCESS,2026-07-13 22:09:52.590487
T006960,C0176,M0007,40030.57,WALLET,SUCCESS,2026-06-20 05:24:31.898807
T006961,C0128,M0049,37835.59,CARD,SUCCESS,2026-06-30 13:59:39.888184
T006962,C0156,M0042,20535.48,UPI,SUCCESS,2026-06-20 15:58:07.725753
T006963,C0247,M0030,46156.24,WALLET,FAILED,2026-08-07 07:22:54.778806
T006964,C0327,M0011,36735.29,CARD,FAILED,2026-08-07 04:58:59.491231
T006965,C0405,M0046,9356.01,WALLET,SUCCESS,2026-07-31 03:15:28.694472
T006966,C0084,M0014,31393.55,CARD,SUCCESS,2026-07-23 07:25:39.624712
T006967,C0044,M0038,27609.18,UPI,SUCCESS,2026-08-15 16:24:52.063453
T006968,C0189,M0008,30346.5,NET_BANKING,SUCCESS,2026-07-26 14:44:57.622051
T006969,C0372,M0049,26568.88,NET_BANKING,SUCCESS,2026-09-02 06:23:26.414096
T006970,C0293,M0008,38443.45,CARD,FAILED,2026-06-23 00:31:39.225665
T006971,C0254,M0001,39039.04,CARD,SUCCESS,2026-08-28 07:51:23.495149
T006972,C0164,M0015,44658.81,CARD,FAILED,2026-06-08 05:41:20.365014
T006973,C0461,M0048,7518.62,WALLET,SUCCESS,2026-08-30 03:54:26.388926
T006974,C0300,M0017,8964.54,WALLET,SUCCESS,2026-07-23 19:14:17.254403
T006975,C0102,M0022,23000.5,NET_BANKING,FAILED,2026-08-24 05:14:57.013317
T006976,C0217,M0009,38406.76,WALLET,SUCCESS,2026-07-14 04:25:10.177761
T006977,C0260,M0038,41770.55,CARD,SUCCESS,2026-07-19 22:25:33.996730
T006978,C0478,M0023,29905.71,UPI,SUCCESS,2026-06-13 18:32:47.091829
T006979,C0499,M0023,20263.22,UPI,SUCCESS,2026-07-17 04:21:31.798440
T006980,C0256,M0002,40653.7,WALLET,SUCCESS,2026-08-07 12:01:26.448804
T006981,C0231,M0026,29682.62,CARD,SUCCESS,2026-08-29 06:41:01.926677
T006982,C0016,M0016,18357.4,NET_BANKING,SUCCESS,2026-06-17 01:05:55.506642
T006983,C0361,M0030,36882.31,CARD,SUCCESS,2026-08-23 08:53:56.290706
T006984,C0064,M0014,9488.43,WALLET,SUCCESS,2026-08-24 17:37:24.501660
T006985,C0241,M0043,20138.99,NET_BANKING,SUCCESS,2026-07-13 17:46:04.665134
T006986,C0287,M0017,28840.82,NET_BANKING,PENDING,2026-07-07 10:38:21.614381
T006987,C0279,M0032,5292.95,NET_BANKING,FAILED,2026-06-27 12:20:16.868082
T006988,C0293,M0008,48699.4,NET_BANKING,SUCCESS,2026-08-04 03:41:23.883191
T006989,C0401,M0040,5630.31,NET_BANKING,SUCCESS,2026-07-27 00:50:08.728233
T006990,C0206,M0006,43737.47,NET_BANKING,SUCCESS,2026-08-09 10:26:00.871669
T006991,C0265,M0049,13987.86,CARD,SUCCESS,2026-07-04 20:56:25.687545
T006992,C0497,M0049,19367.83,NET_BANKING,FAILED,2026-09-02 03:41:36.462461
T006993,C0297,M0033,8015.5,CARD,SUCCESS,2026-06-22 03:39:31.728676
T006994,C0281,M0037,28547.03,WALLET,SUCCESS,2026-07-09 05:33:50.621338
T006995,C0145,M0031,6489.87,NET_BANKING,SUCCESS,2026-06-14 20:12:41.582655
T006996,C0437,M0021,16037.98,CARD,SUCCESS,2026-08-09 22:04:03.847961
T006997,C0154,M0016,22527.74,CARD,FAILED,2026-06-14 14:14:46.827716
T006998,C0203,M0046,42662.6,NET_BANKING,SUCCESS,2026-06-18 22:34:03.065919
T006999,C0318,M0039,11078.92,NET_BANKING,SUCCESS,2026-06-15 14:59:07.995533
T007000,C0166,M0034,24553.19,UPI,SUCCESS,2026-08-08 22:44:04.030301
T007001,C0241,M0013,23958.74,NET_BANKING,SUCCESS,2026-07-30 00:55:41.807299
T007002,C0002,M0040,3020.38,UPI,SUCCESS,2026-08-27 05:41:34.074890
T007003,C0325,M0039,6853.46,WALLET,SUCCESS,2026-08-15 14:08:24.368826
T007004,C0401,M0010,46937.82,WALLET,SUCCESS,2026-06-20 04:42:22.652997
T007005,C0063,M0013,49580.97,UPI,SUCCESS,2026-07-03 14:08:36.446860
T007006,C0075,M0042,9627.06,UPI,SUCCESS,2026-07-10 18:15:55.121200
T007007,C0406,M0030,11005.58,CARD,SUCCESS,2026-08-27 22:56:42.538404
T007008,C0251,M0013,33272.96,WALLET,SUCCESS,2026-08-08 17:41:27.268858
T007009,C0382,M0016,39004.26,CARD,FAILED,2026-06-17 02:10:07.742193
T007010,C0113,M0023,44198.72,CARD,SUCCESS,2026-07-29 04:00:31.740661
T007011,C0014,M0046,29899.25,CARD,FAILED,2026-08-03 15:50:49.668454
T007012,C0204,M0026,13022.44,NET_BANKING,SUCCESS,2026-08-02 08:11:31.341548
T007013,C0142,M0044,37852.72,NET_BANKING,SUCCESS,2026-06-16 23:23:51.458673
T007014,C0071,M0005,10795.83,CARD,SUCCESS,2026-08-28 15:14:02.919388
T007015,C0441,M0020,7523.32,WALLET,PENDING,2026-08-04 07:25:14.870465
T007016,C0165,M0043,13849.65,WALLET,SUCCESS,2026-08-18 01:05:18.218280
T007017,C0233,M0029,15234.06,WALLET,SUCCESS,2026-07-23 22:34:25.246805
T007018,C0131,M0008,31525.72,NET_BANKING,SUCCESS,2026-08-12 08:43:25.305570
T007019,C0388,M0006,18174.86,UPI,SUCCESS,2026-08-09 06:49:11.684289
T007020,C0015,M0016,19373.53,WALLET,PENDING,2026-06-21 20:14:29.115255
T007021,C0077,M0004,16725.73,UPI,SUCCESS,2026-07-21 08:37:35.666582
T007022,C0302,M0047,38346.88,WALLET,SUCCESS,2026-06-14 19:53:09.653145
T007023,C0447,M0027,14488.85,CARD,FAILED,2026-09-01 01:47:18.726811
T007024,C0308,M0033,3977.84,NET_BANKING,SUCCESS,2026-08-20 04:17:55.217004
T007025,C0463,M0010,26638.6,CARD,SUCCESS,2026-07-02 02:02:59.519485
T007026,C0489,M0013,30180.3,CARD,SUCCESS,2026-07-26 13:17:51.674630
T007027,C0264,M0048,28979.06,WALLET,PENDING,2026-06-12 01:09:23.391042
T007028,C0101,M0018,31574.97,CARD,FAILED,2026-09-01 19:21:19.876479
T007029,C0038,M0029,17426.62,NET_BANKING,SUCCESS,2026-07-02 18:39:55.135217
T007030,C0159,M0021,16234.77,NET_BANKING,SUCCESS,2026-06-10 10:03:38.332553
T007031,C0463,M0001,4967.8,WALLET,SUCCESS,2026-06-27 13:25:01.248170
T007032,C0407,M0030,7883.38,CARD,PENDING,2026-09-05 13:08:54.193066
T007033,C0243,M0040,44653.45,CARD,SUCCESS,2026-08-19 17:01:08.667821
T007034,C0297,M0039,12350.06,UPI,SUCCESS,2026-07-18 04:39:00.337569
T007035,C0136,M0045,43320.39,CARD,SUCCESS,2026-06-24 01:24:06.473377
T007036,C0197,M0042,42747.59,WALLET,SUCCESS,2026-09-01 17:32:22.259170
T007037,C0496,M0007,9625.35,UPI,SUCCESS,2026-06-13 06:50:29.670043
T007038,C0245,M0022,28101.19,WALLET,SUCCESS,2026-06-16 07:49:58.825789
T007039,C0220,M0004,29443.97,CARD,SUCCESS,2026-06-11 07:49:20.277614
T007040,C0472,M0050,11321.52,NET_BANKING,SUCCESS,2026-07-20 02:07:19.971293
T007041,C0202,M0041,16934.72,WALLET,SUCCESS,2026-07-08 08:17:30.510419
T007042,C0033,M0009,36528.7,UPI,SUCCESS,2026-08-17 06:46:35.601712
T007043,C0184,M0041,18237.54,NET_BANKING,PENDING,2026-08-20 02:20:18.080471
T007044,C0006,M0028,48944.33,WALLET,PENDING,2026-06-23 10:22:06.638263
T007045,C0265,M0038,17611.58,UPI,SUCCESS,2026-06-24 23:31:35.293713
T007046,C0196,M0023,10234.66,NET_BANKING,SUCCESS,2026-07-25 21:21:23.491096
T007047,C0306,M0009,30745.93,NET_BANKING,FAILED,2026-06-25 23:37:54.168937
T007048,C0179,M0040,3013.68,WALLET,SUCCESS,2026-08-31 22:23:40.435855
T007049,C0496,M0015,21412.24,NET_BANKING,SUCCESS,2026-07-03 20:54:01.827605
T007050,C0336,M0006,4205.9,WALLET,SUCCESS,2026-07-14 06:19:43.766286
T007051,C0354,M0016,17872.49,NET_BANKING,SUCCESS,2026-08-29 05:38:06.028105
T007052,C0345,M0009,40593.49,CARD,PENDING,2026-06-27 08:03:04.061391
T007053,C0127,M0035,10780.7,UPI,SUCCESS,2026-07-13 20:41:23.821919
T007054,C0048,M0036,42386.65,WALLET,SUCCESS,2026-08-11 18:55:15.719951
T007055,C0060,M0025,49099.59,NET_BANKING,SUCCESS,2026-08-14 22:34:43.975042
T007056,C0445,M0002,28016.44,NET_BANKING,SUCCESS,2026-07-20 10:18:52.995167
T007057,C0482,M0003,35917.37,WALLET,SUCCESS,2026-06-24 03:11:54.032633
T007058,C0078,M0027,41965.91,NET_BANKING,SUCCESS,2026-08-26 00:49:08.308501
T007059,C0369,M0031,40774.03,CARD,PENDING,2026-06-15 21:45:45.716587
T007060,C0138,M0018,26984.9,NET_BANKING,SUCCESS,2026-06-13 19:52:01.308470
T007061,C0427,M0038,13135.38,WALLET,SUCCESS,2026-07-19 16:45:12.586046
T007062,C0066,M0014,35294.9,CARD,SUCCESS,2026-07-31 03:29:22.603559
T007063,C0038,M0026,15566.23,WALLET,SUCCESS,2026-08-07 19:55:59.440889
T007064,C0159,M0005,33967.94,WALLET,SUCCESS,2026-08-09 17:22:58.924753
T007065,C0074,M0028,40657.78,CARD,FAILED,2026-06-11 04:18:08.435897
T007066,C0349,M0034,20331.74,NET_BANKING,SUCCESS,2026-06-28 01:17:14.355314
T007067,C0227,M0046,34276.94,WALLET,SUCCESS,2026-06-30 01:16:14.409518
T007068,C0232,M0047,40239.62,WALLET,SUCCESS,2026-07-10 04:47:56.444946
T007069,C0406,M0029,18035.2,UPI,SUCCESS,2026-08-20 17:46:53.554218
T007070,C0143,M0040,22381.31,WALLET,SUCCESS,2026-09-05 13:45:38.247365
T007071,C0408,M0001,15483.66,CARD,SUCCESS,2026-07-02 01:35:50.121339
T007072,C0356,M0006,29665.07,WALLET,SUCCESS,2026-08-11 23:02:17.408881
T007073,C0234,M0036,9367.01,CARD,SUCCESS,2026-06-11 16:02:27.875988
T007074,C0172,M0022,27352.21,WALLET,SUCCESS,2026-06-15 11:12:52.416765
T007075,C0198,M0038,13963.54,UPI,SUCCESS,2026-06-20 04:27:08.194359
T007076,C0006,M0025,42101.08,CARD,SUCCESS,2026-08-16 15:22:23.317513
T007077,C0400,M0040,40137.71,UPI,SUCCESS,2026-08-13 20:42:45.443156
T007078,C0278,M0046,44869.75,CARD,SUCCESS,2026-07-05 12:13:28.275314
T007079,C0232,M0021,32220.42,NET_BANKING,SUCCESS,2026-09-04 23:32:18.159380
T007080,C0026,M0034,46118.68,CARD,SUCCESS,2026-09-03 15:09:39.658500
T007081,C0026,M0042,29598.88,NET_BANKING,SUCCESS,2026-08-27 02:53:21.732462
T007082,C0252,M0006,41414.61,WALLET,SUCCESS,2026-09-04 04:52:41.342810
T007083,C0413,M0045,41005.32,WALLET,SUCCESS,2026-09-01 16:23:36.409017
T007084,C0191,M0031,44556.53,NET_BANKING,SUCCESS,2026-06-12 07:14:15.845406
T007085,C0028,M0017,9598.18,WALLET,SUCCESS,2026-08-02 12:17:05.426397
T007086,C0141,M0028,7495.74,NET_BANKING,SUCCESS,2026-07-25 21:43:35.462474
T007087,C0011,M0009,11632.97,CARD,SUCCESS,2026-06-19 14:17:35.668269
T007088,C0279,M0005,20658.07,UPI,SUCCESS,2026-08-24 07:56:42.689751
T007089,C0078,M0002,25347.56,UPI,SUCCESS,2026-07-22 13:11:36.475389
T007090,C0356,M0033,10627.39,WALLET,SUCCESS,2026-08-15 10:54:51.351139
T007091,C0142,M0029,26452.98,CARD,FAILED,2026-08-05 21:48:45.420492
T007092,C0298,M0017,35520.13,CARD,SUCCESS,2026-06-27 22:36:46.413784
T007093,C0170,M0004,48666.91,UPI,SUCCESS,2026-08-05 13:06:00.388647
T007094,C0345,M0045,970.09,NET_BANKING,FAILED,2026-06-21 12:38:55.836848
T007095,C0282,M0042,23611.32,UPI,FAILED,2026-07-04 15:01:54.196341
T007096,C0468,M0050,22528.2,NET_BANKING,SUCCESS,2026-08-11 11:14:32.072798
T007097,C0061,M0017,24170.56,NET_BANKING,SUCCESS,2026-07-15 05:13:33.104045
T007098,C0480,M0038,38796.32,UPI,SUCCESS,2026-07-24 15:49:41.661571
T007099,C0250,M0006,7184.6,WALLET,SUCCESS,2026-07-02 07:33:30.547434
T007100,C0467,M0010,41403.44,CARD,SUCCESS,2026-07-31 00:22:23.839231
T007101,C0304,M0047,4649.89,WALLET,SUCCESS,2026-06-25 08:44:53.689439
T007102,C0260,M0047,22977.22,WALLET,SUCCESS,2026-08-12 01:28:58.249706
T007103,C0490,M0022,26936.09,WALLET,SUCCESS,2026-08-29 00:29:27.985464
T007104,C0101,M0021,35737.66,UPI,SUCCESS,2026-07-15 21:15:43.318174
T007105,C0166,M0042,24375.65,WALLET,SUCCESS,2026-06-15 04:46:25.978065
T007106,C0480,M0032,40887.13,NET_BANKING,FAILED,2026-08-06 05:16:59.543715
T007107,C0440,M0011,22812.81,UPI,SUCCESS,2026-06-17 10:02:49.011886
T007108,C0044,M0018,9705.93,WALLET,SUCCESS,2026-08-24 12:55:26.536907
T007109,C0104,M0005,5646.96,NET_BANKING,SUCCESS,2026-06-22 06:48:08.520264
T007110,C0376,M0024,5367.91,CARD,FAILED,2026-08-10 01:50:04.391792
T007111,C0415,M0014,13416.74,WALLET,SUCCESS,2026-07-25 20:10:03.630813
T007112,C0379,M0043,36069.66,NET_BANKING,SUCCESS,2026-08-24 22:42:11.000752
T007113,C0278,M0028,20775.77,UPI,SUCCESS,2026-07-21 09:15:14.479045
T007114,C0324,M0042,12530.79,CARD,SUCCESS,2026-06-24 02:30:19.202130
T007115,C0214,M0044,48193.25,UPI,SUCCESS,2026-07-16 09:17:52.459753
T007116,C0402,M0011,7647.83,CARD,SUCCESS,2026-06-23 09:23:26.086548
T007117,C0115,M0008,26592.18,NET_BANKING,SUCCESS,2026-08-11 06:01:16.177114
T007118,C0100,M0032,8914.92,CARD,SUCCESS,2026-09-05 03:31:44.743331
T007119,C0493,M0047,26630.51,NET_BANKING,SUCCESS,2026-08-27 04:57:55.183025
T007120,C0228,M0038,38143.67,UPI,PENDING,2026-08-21 12:09:39.204843
T007121,C0092,M0046,21899.69,NET_BANKING,SUCCESS,2026-07-17 09:39:56.946003
T007122,C0266,M0011,20619.62,UPI,FAILED,2026-06-20 16:39:17.761145
T007123,C0303,M0008,14820.52,CARD,SUCCESS,2026-07-01 15:22:17.453299
T007124,C0197,M0004,37790.97,NET_BANKING,SUCCESS,2026-06-23 02:38:48.676428
T007125,C0286,M0046,43940.5,UPI,SUCCESS,2026-08-24 14:15:28.571828
T007126,C0197,M0033,30571.77,UPI,PENDING,2026-06-17 09:35:25.124900
T007127,C0436,M0004,4043.43,CARD,FAILED,2026-06-18 09:49:37.831986
T007128,C0156,M0004,7962.62,UPI,SUCCESS,2026-06-13 05:54:44.536264
T007129,C0179,M0030,16819.28,UPI,SUCCESS,2026-07-26 17:42:22.752117
T007130,C0087,M0016,2055.62,WALLET,SUCCESS,2026-08-29 21:29:48.121767
T007131,C0130,M0036,1074.83,WALLET,SUCCESS,2026-07-13 01:29:43.768007
T007132,C0006,M0013,4730.53,CARD,SUCCESS,2026-08-02 16:49:20.097199
T007133,C0478,M0005,3421.07,NET_BANKING,SUCCESS,2026-07-04 17:59:39.171589
T007134,C0292,M0043,718.21,NET_BANKING,SUCCESS,2026-07-29 22:10:46.198533
T007135,C0066,M0039,28802.97,CARD,SUCCESS,2026-06-23 18:28:26.643379
T007136,C0093,M0003,30577.78,WALLET,SUCCESS,2026-07-08 11:08:32.589262
T007137,C0434,M0014,35689.8,UPI,SUCCESS,2026-08-19 20:43:34.621960
T007138,C0320,M0047,23669.68,UPI,SUCCESS,2026-08-08 03:16:21.563586
T007139,C0397,M0027,17129.62,NET_BANKING,SUCCESS,2026-06-20 13:38:09.583318
T007140,C0141,M0016,18191.77,NET_BANKING,SUCCESS,2026-07-30 17:52:17.782697
T007141,C0353,M0036,9175.75,UPI,SUCCESS,2026-07-19 05:55:16.158558
T007142,C0293,M0007,48199.95,NET_BANKING,PENDING,2026-06-28 23:41:59.223457
T007143,C0056,M0008,4872.55,CARD,SUCCESS,2026-08-27 08:03:12.005873
T007144,C0306,M0029,9073.7,CARD,FAILED,2026-08-11 03:29:21.097963
T007145,C0456,M0013,46313.59,NET_BANKING,PENDING,2026-07-20 07:33:08.143213
T007146,C0496,M0022,23354.98,WALLET,SUCCESS,2026-07-05 18:52:59.498149
T007147,C0233,M0027,14695.66,NET_BANKING,SUCCESS,2026-08-05 03:13:27.940151
T007148,C0113,M0023,34945.6,CARD,SUCCESS,2026-07-25 22:41:00.284131
T007149,C0122,M0016,42195.13,UPI,SUCCESS,2026-06-15 19:02:09.545620
T007150,C0400,M0002,14303.57,UPI,SUCCESS,2026-06-26 03:19:42.860962
T007151,C0040,M0042,36331.15,CARD,SUCCESS,2026-09-02 03:19:14.410685
T007152,C0005,M0010,44280.46,NET_BANKING,SUCCESS,2026-07-20 07:20:03.568657
T007153,C0091,M0021,31998.05,WALLET,SUCCESS,2026-09-02 06:38:49.821826
T007154,C0229,M0012,12894.77,CARD,SUCCESS,2026-06-15 09:22:20.576182
T007155,C0473,M0046,13051.69,NET_BANKING,SUCCESS,2026-07-24 06:51:49.488490
T007156,C0123,M0015,21794.04,WALLET,SUCCESS,2026-08-16 18:02:59.774305
T007157,C0178,M0047,31171.43,NET_BANKING,SUCCESS,2026-07-12 18:48:48.127369
T007158,C0438,M0015,18885.46,UPI,SUCCESS,2026-07-10 23:38:22.146219
T007159,C0198,M0050,16690.77,UPI,SUCCESS,2026-07-13 11:52:37.573200
T007160,C0332,M0040,8300.6,UPI,SUCCESS,2026-07-31 11:27:38.740567
T007161,C0223,M0030,29915.27,NET_BANKING,FAILED,2026-07-03 21:54:29.450032
T007162,C0160,M0024,4229.61,NET_BANKING,SUCCESS,2026-07-08 05:17:25.967388
T007163,C0294,M0048,48783.73,WALLET,SUCCESS,2026-07-03 15:28:56.390283
T007164,C0183,M0015,17269.06,CARD,SUCCESS,2026-08-03 10:41:15.450367
T007165,C0360,M0001,22807.95,NET_BANKING,SUCCESS,2026-06-22 10:28:40.618024
T007166,C0147,M0039,35603.19,CARD,SUCCESS,2026-07-17 12:47:34.117877
T007167,C0210,M0034,14777.22,WALLET,SUCCESS,2026-08-19 21:39:23.588839
T007168,C0363,M0034,46842.07,NET_BANKING,SUCCESS,2026-08-11 07:53:34.051881
T007169,C0177,M0013,20530.43,CARD,SUCCESS,2026-06-14 23:25:17.386868
T007170,C0482,M0020,41909.25,NET_BANKING,SUCCESS,2026-08-21 10:18:05.942251
T007171,C0180,M0016,12080.27,UPI,SUCCESS,2026-07-03 17:50:06.164447
T007172,C0156,M0047,31844.58,CARD,SUCCESS,2026-08-20 01:35:58.410104
T007173,C0132,M0009,35837.75,UPI,SUCCESS,2026-08-17 00:50:48.018120
T007174,C0080,M0001,6698.65,UPI,SUCCESS,2026-09-04 06:15:54.265069
T007175,C0094,M0049,3297.52,WALLET,SUCCESS,2026-08-27 06:51:56.147672
T007176,C0235,M0019,5881.04,CARD,SUCCESS,2026-07-27 02:03:04.164209
T007177,C0354,M0037,22500.56,WALLET,SUCCESS,2026-08-02 10:38:18.903609
T007178,C0126,M0019,4070.68,NET_BANKING,SUCCESS,2026-07-27 19:52:58.364290
T007179,C0031,M0023,13679.16,CARD,SUCCESS,2026-07-03 13:48:57.840869
T007180,C0422,M0005,30122.52,NET_BANKING,SUCCESS,2026-07-07 06:10:03.093752
T007181,C0490,M0005,21989.08,NET_BANKING,SUCCESS,2026-08-26 20:02:21.968988
T007182,C0382,M0029,18483.42,WALLET,PENDING,2026-06-21 05:46:21.832181
T007183,C0112,M0047,2929.29,CARD,SUCCESS,2026-07-02 11:22:16.345030
T007184,C0182,M0034,24748.38,UPI,FAILED,2026-06-16 00:17:53.061239
T007185,C0318,M0027,5395.91,UPI,SUCCESS,2026-07-05 13:54:15.638360
T007186,C0283,M0009,19835.71,WALLET,SUCCESS,2026-07-25 00:32:58.458026
T007187,C0144,M0048,13636.22,NET_BANKING,SUCCESS,2026-06-22 21:52:20.611398
T007188,C0360,M0030,15406.75,WALLET,SUCCESS,2026-08-21 03:11:59.548437
T007189,C0478,M0030,512.79,CARD,SUCCESS,2026-07-15 11:34:35.487219
T007190,C0303,M0030,25132.5,WALLET,SUCCESS,2026-08-10 18:02:49.119889
T007191,C0202,M0022,3227.35,NET_BANKING,FAILED,2026-08-21 00:17:27.807668
T007192,C0196,M0009,39251.62,UPI,SUCCESS,2026-06-23 06:29:22.129300
T007193,C0158,M0032,26089.59,WALLET,PENDING,2026-06-10 22:17:32.818414
T007194,C0204,M0017,38575.88,WALLET,SUCCESS,2026-08-19 17:21:16.171794
T007195,C0032,M0047,44605.12,WALLET,SUCCESS,2026-06-18 02:03:57.902949
T007196,C0374,M0047,47661.26,CARD,FAILED,2026-08-06 10:20:23.353631
T007197,C0045,M0025,42964.26,CARD,SUCCESS,2026-06-11 19:40:32.055202
T007198,C0406,M0011,18263.1,WALLET,SUCCESS,2026-08-17 08:01:53.903179
T007199,C0244,M0016,26193.66,CARD,SUCCESS,2026-08-23 02:55:05.014208
T007200,C0419,M0023,32439.27,UPI,SUCCESS,2026-08-14 23:30:08.795901
T007201,C0204,M0012,8431.32,UPI,SUCCESS,2026-07-29 08:11:16.270962
T007202,C0009,M0024,5780.31,UPI,SUCCESS,2026-07-22 01:03:53.817444
T007203,C0132,M0046,8341.59,NET_BANKING,SUCCESS,2026-08-09 06:36:11.347825
T007204,C0455,M0014,36238.8,CARD,SUCCESS,2026-08-15 19:46:25.099334
T007205,C0093,M0045,40906.79,UPI,SUCCESS,2026-08-02 05:32:08.025735
T007206,C0272,M0030,16269.26,CARD,SUCCESS,2026-08-20 00:19:01.746175
T007207,C0492,M0050,3593.95,UPI,SUCCESS,2026-07-27 13:24:02.526358
T007208,C0139,M0046,48159.87,NET_BANKING,FAILED,2026-08-11 19:25:30.404493
T007209,C0175,M0002,5628.44,UPI,SUCCESS,2026-08-24 08:17:58.490897
T007210,C0118,M0014,5616.15,NET_BANKING,SUCCESS,2026-09-04 21:02:33.267191
T007211,C0034,M0038,4394.04,NET_BANKING,SUCCESS,2026-08-24 23:31:48.012799
T007212,C0021,M0041,8642.34,NET_BANKING,SUCCESS,2026-07-07 21:18:57.633599
T007213,C0069,M0028,16783.58,CARD,FAILED,2026-07-26 14:18:01.115538
T007214,C0428,M0010,2360.13,UPI,SUCCESS,2026-08-31 06:00:23.525256
T007215,C0490,M0010,49769.66,CARD,SUCCESS,2026-08-20 08:08:52.086414
T007216,C0344,M0018,49290.98,UPI,SUCCESS,2026-07-04 20:08:11.651181
T007217,C0472,M0028,24096.11,CARD,SUCCESS,2026-07-20 17:16:43.615341
T007218,C0236,M0048,1935.53,UPI,SUCCESS,2026-07-11 12:51:45.577618
T007219,C0472,M0038,30561.1,NET_BANKING,SUCCESS,2026-06-19 12:33:14.460873
T007220,C0118,M0022,21257.49,UPI,SUCCESS,2026-06-16 10:25:36.082896
T007221,C0206,M0050,102.37,CARD,SUCCESS,2026-06-30 14:42:42.687883
T007222,C0148,M0048,9411.83,NET_BANKING,SUCCESS,2026-07-29 00:11:36.890126
T007223,C0288,M0047,37081.09,WALLET,SUCCESS,2026-06-10 06:13:02.788519
T007224,C0493,M0034,941.79,WALLET,SUCCESS,2026-06-16 02:06:05.405981
T007225,C0469,M0028,9905.74,NET_BANKING,SUCCESS,2026-07-01 14:28:28.943342
T007226,C0489,M0048,18944.91,UPI,FAILED,2026-06-29 14:42:56.505471
T007227,C0330,M0036,32675.74,CARD,SUCCESS,2026-07-29 20:08:14.383450
T007228,C0488,M0042,1908.75,NET_BANKING,PENDING,2026-08-27 09:50:44.965195
T007229,C0225,M0044,26414.0,WALLET,SUCCESS,2026-08-31 07:58:14.775320
T007230,C0120,M0038,6299.18,UPI,SUCCESS,2026-06-20 02:34:53.843806
T007231,C0306,M0040,30094.69,NET_BANKING,SUCCESS,2026-08-11 15:10:02.843410
T007232,C0152,M0007,11134.2,UPI,SUCCESS,2026-06-30 16:55:01.770925
T007233,C0328,M0045,47398.05,WALLET,SUCCESS,2026-06-19 01:29:23.008095
T007234,C0391,M0001,39395.64,NET_BANKING,SUCCESS,2026-07-21 11:42:31.418666
T007235,C0304,M0045,36923.1,WALLET,SUCCESS,2026-08-04 11:27:28.816081
T007236,C0393,M0016,48057.07,WALLET,PENDING,2026-07-17 10:37:44.013296
T007237,C0093,M0042,28035.0,WALLET,SUCCESS,2026-07-03 07:36:46.172804
T007238,C0249,M0020,48448.96,UPI,SUCCESS,2026-07-29 08:29:50.673562
T007239,C0442,M0031,6078.82,CARD,SUCCESS,2026-07-14 11:06:44.680173
T007240,C0356,M0010,15240.81,WALLET,FAILED,2026-06-11 10:32:19.973839
T007241,C0225,M0015,18335.4,WALLET,SUCCESS,2026-07-08 23:37:49.233873
T007242,C0197,M0041,47658.16,UPI,SUCCESS,2026-08-26 00:10:49.505629
T007243,C0039,M0015,30421.61,WALLET,SUCCESS,2026-07-13 04:36:31.203397
T007244,C0342,M0027,23612.15,WALLET,SUCCESS,2026-08-02 10:12:08.839562
T007245,C0121,M0014,41371.34,CARD,SUCCESS,2026-07-16 19:58:02.000164
T007246,C0270,M0042,21716.52,WALLET,SUCCESS,2026-08-11 20:22:49.366709
T007247,C0310,M0015,44238.74,WALLET,SUCCESS,2026-06-26 17:19:42.868192
T007248,C0299,M0049,49879.1,CARD,SUCCESS,2026-07-28 03:14:25.793623
T007249,C0076,M0027,21742.6,UPI,SUCCESS,2026-08-18 11:28:41.084558
T007250,C0493,M0027,41512.95,UPI,SUCCESS,2026-08-08 16:47:57.121634
T007251,C0122,M0027,21690.81,UPI,SUCCESS,2026-06-19 23:49:21.874268
T007252,C0170,M0023,11698.47,WALLET,FAILED,2026-06-20 10:37:24.014791
T007253,C0445,M0005,2022.16,UPI,FAILED,2026-08-02 08:07:13.793325
T007254,C0378,M0043,33444.37,CARD,FAILED,2026-07-19 01:16:05.235993
T007255,C0338,M0041,17986.17,NET_BANKING,SUCCESS,2026-07-07 11:51:56.067600
T007256,C0479,M0011,32404.04,UPI,FAILED,2026-08-13 02:09:03.920889
T007257,C0166,M0021,32216.89,CARD,SUCCESS,2026-06-10 17:37:09.149775
T007258,C0495,M0009,35441.46,UPI,SUCCESS,2026-08-09 21:54:45.185135
T007259,C0398,M0043,16980.94,CARD,SUCCESS,2026-08-24 02:20:28.959467
T007260,C0224,M0028,28801.2,NET_BANKING,SUCCESS,2026-07-24 00:47:14.554988
T007261,C0040,M0016,8370.65,UPI,SUCCESS,2026-08-16 06:41:36.795283
T007262,C0485,M0012,24769.87,WALLET,SUCCESS,2026-08-23 01:04:24.077886
T007263,C0217,M0036,48391.63,UPI,SUCCESS,2026-09-02 19:46:51.496481
T007264,C0043,M0034,49616.13,NET_BANKING,PENDING,2026-08-11 22:32:42.757063
T007265,C0188,M0041,19455.51,NET_BANKING,SUCCESS,2026-08-18 22:06:39.408609
T007266,C0174,M0007,3165.44,WALLET,SUCCESS,2026-06-29 20:00:33.765841
T007267,C0328,M0032,14850.55,WALLET,SUCCESS,2026-09-03 01:46:27.903905
T007268,C0350,M0021,22610.96,NET_BANKING,SUCCESS,2026-07-13 04:23:26.923389
T007269,C0198,M0044,48204.07,CARD,SUCCESS,2026-08-29 15:28:07.629215
T007270,C0230,M0038,596.32,CARD,SUCCESS,2026-07-01 07:56:35.278836
T007271,C0024,M0033,10508.45,WALLET,SUCCESS,2026-07-11 10:29:05.965324
T007272,C0223,M0031,28492.14,UPI,SUCCESS,2026-07-25 04:37:23.403421
T007273,C0258,M0003,12696.24,NET_BANKING,SUCCESS,2026-07-10 07:28:42.959532
T007274,C0222,M0001,37838.03,WALLET,SUCCESS,2026-06-26 10:11:24.228196
T007275,C0430,M0031,38873.8,UPI,SUCCESS,2026-08-29 09:17:04.322866
T007276,C0109,M0004,5730.47,CARD,SUCCESS,2026-09-02 18:02:11.699085
T007277,C0015,M0019,49790.57,CARD,SUCCESS,2026-08-20 19:58:11.941488
T007278,C0217,M0009,33024.09,WALLET,SUCCESS,2026-08-31 09:20:19.953054
T007279,C0402,M0017,300.38,UPI,SUCCESS,2026-09-02 03:15:29.214716
T007280,C0302,M0047,33218.85,NET_BANKING,FAILED,2026-08-05 23:19:30.872990
T007281,C0059,M0048,38763.19,NET_BANKING,SUCCESS,2026-07-25 23:11:01.623101
T007282,C0420,M0046,44507.45,CARD,FAILED,2026-06-15 13:05:02.754405
T007283,C0103,M0019,7944.08,NET_BANKING,SUCCESS,2026-08-27 11:17:02.221435
T007284,C0196,M0006,35978.88,NET_BANKING,PENDING,2026-07-23 06:35:22.897861
T007285,C0425,M0036,9882.44,NET_BANKING,SUCCESS,2026-08-18 23:06:49.250847
T007286,C0359,M0039,17379.43,WALLET,SUCCESS,2026-08-18 05:30:31.861283
T007287,C0464,M0012,21564.83,NET_BANKING,SUCCESS,2026-07-27 08:02:10.296706
T007288,C0481,M0034,6922.33,WALLET,SUCCESS,2026-08-11 23:14:08.726977
T007289,C0167,M0009,11742.48,CARD,SUCCESS,2026-08-30 22:12:46.563718
T007290,C0169,M0019,45252.29,UPI,SUCCESS,2026-07-21 14:12:08.915643
T007291,C0056,M0038,9864.81,CARD,SUCCESS,2026-08-30 18:13:08.155560
T007292,C0220,M0049,12530.27,WALLET,SUCCESS,2026-08-10 11:44:25.830708
T007293,C0047,M0021,32208.0,NET_BANKING,SUCCESS,2026-08-15 14:25:01.837122
T007294,C0173,M0027,37433.6,CARD,SUCCESS,2026-08-27 11:55:08.696433
T007295,C0090,M0020,13147.24,WALLET,SUCCESS,2026-06-15 08:58:25.888463
T007296,C0319,M0036,6631.11,NET_BANKING,FAILED,2026-08-08 09:11:36.715703
T007297,C0114,M0041,25577.52,CARD,PENDING,2026-07-27 21:44:43.174940
T007298,C0373,M0007,34010.04,WALLET,SUCCESS,2026-07-01 07:53:57.468361
T007299,C0246,M0047,24628.87,UPI,SUCCESS,2026-08-26 07:38:15.096895
T007300,C0316,M0030,13638.26,NET_BANKING,SUCCESS,2026-08-30 20:30:23.015315
T007301,C0013,M0050,9160.43,WALLET,SUCCESS,2026-06-10 19:49:28.593570
T007302,C0425,M0037,16441.66,UPI,SUCCESS,2026-08-18 08:26:35.934185
T007303,C0337,M0036,24932.1,UPI,SUCCESS,2026-07-08 03:01:01.488574
T007304,C0173,M0024,7583.45,UPI,FAILED,2026-07-15 04:51:25.211319
T007305,C0198,M0029,48359.47,WALLET,SUCCESS,2026-07-27 12:52:50.925153
T007306,C0044,M0002,23880.98,WALLET,SUCCESS,2026-07-16 13:24:05.681519
T007307,C0360,M0043,13658.01,CARD,SUCCESS,2026-08-18 11:36:20.083074
T007308,C0035,M0032,35419.38,UPI,SUCCESS,2026-06-11 15:37:54.669001
T007309,C0178,M0004,7667.56,UPI,SUCCESS,2026-08-06 19:10:08.042512
T007310,C0187,M0020,11433.6,UPI,SUCCESS,2026-07-27 12:31:36.621969
T007311,C0212,M0014,31474.16,UPI,FAILED,2026-08-26 18:16:05.649140
T007312,C0343,M0038,35360.47,NET_BANKING,SUCCESS,2026-06-23 23:18:31.925510
T007313,C0167,M0023,45474.27,UPI,SUCCESS,2026-09-01 14:41:36.119756
T007314,C0219,M0004,28784.4,WALLET,SUCCESS,2026-08-01 12:46:34.169049
T007315,C0401,M0014,35987.73,WALLET,SUCCESS,2026-08-26 07:41:29.276294
T007316,C0495,M0009,28646.95,UPI,SUCCESS,2026-08-20 23:31:55.191122
T007317,C0041,M0008,6167.81,UPI,PENDING,2026-07-24 04:35:41.301335
T007318,C0442,M0044,7187.78,WALLET,SUCCESS,2026-06-17 23:10:58.178152
T007319,C0310,M0002,24118.86,UPI,PENDING,2026-08-31 00:21:09.171733
T007320,C0443,M0035,20750.66,UPI,SUCCESS,2026-07-04 10:05:54.771165
T007321,C0026,M0044,32326.72,CARD,SUCCESS,2026-08-26 14:03:34.895436
T007322,C0156,M0038,30777.91,WALLET,SUCCESS,2026-08-02 04:35:23.019350
T007323,C0362,M0041,24152.87,UPI,SUCCESS,2026-08-19 07:39:35.234482
T007324,C0371,M0009,16137.63,NET_BANKING,FAILED,2026-07-21 18:23:00.869925
T007325,C0052,M0008,20747.05,UPI,SUCCESS,2026-06-19 17:43:12.229218
T007326,C0135,M0044,12830.33,CARD,FAILED,2026-07-23 13:10:12.683384
T007327,C0304,M0016,25579.93,CARD,SUCCESS,2026-07-17 05:12:30.956704
T007328,C0238,M0021,42321.59,CARD,SUCCESS,2026-08-18 03:47:58.661881
T007329,C0167,M0042,13233.88,CARD,SUCCESS,2026-08-13 23:34:26.142236
T007330,C0051,M0002,11379.09,WALLET,SUCCESS,2026-07-24 08:07:13.106543
T007331,C0447,M0015,5189.47,NET_BANKING,SUCCESS,2026-08-27 10:33:10.501803
T007332,C0273,M0030,5180.25,WALLET,SUCCESS,2026-06-21 21:05:04.217708
T007333,C0213,M0019,417.96,NET_BANKING,SUCCESS,2026-09-03 09:10:57.164351
T007334,C0134,M0044,44271.53,NET_BANKING,SUCCESS,2026-08-27 09:42:45.225583
T007335,C0396,M0050,44557.67,WALLET,SUCCESS,2026-08-29 13:57:04.365956
T007336,C0246,M0009,16131.2,CARD,SUCCESS,2026-08-05 18:17:50.444083
T007337,C0109,M0037,35889.33,WALLET,SUCCESS,2026-07-24 09:04:00.716918
T007338,C0442,M0024,43316.09,UPI,SUCCESS,2026-08-16 18:52:39.957736
T007339,C0486,M0014,42770.54,CARD,SUCCESS,2026-07-31 09:38:15.260533
T007340,C0276,M0028,41529.63,UPI,SUCCESS,2026-07-22 16:48:30.036019
T007341,C0448,M0008,11675.15,CARD,SUCCESS,2026-07-18 18:05:17.117475
T007342,C0194,M0020,9100.0,WALLET,SUCCESS,2026-08-18 15:54:53.987160
T007343,C0244,M0030,38318.94,UPI,SUCCESS,2026-06-18 06:41:41.070800
T007344,C0092,M0044,3054.76,CARD,SUCCESS,2026-07-12 01:25:04.699466
T007345,C0109,M0024,22322.84,CARD,SUCCESS,2026-06-12 16:39:02.996377
T007346,C0355,M0014,40324.33,CARD,SUCCESS,2026-07-22 19:14:37.579473
T007347,C0499,M0042,28108.53,UPI,SUCCESS,2026-08-21 00:58:56.171127
T007348,C0261,M0020,27292.43,NET_BANKING,SUCCESS,2026-08-23 22:56:12.242500
T007349,C0158,M0023,40032.94,NET_BANKING,SUCCESS,2026-08-09 14:34:22.992606
T007350,C0374,M0031,5493.14,NET_BANKING,SUCCESS,2026-08-22 12:53:11.602724
T007351,C0076,M0016,33016.07,WALLET,PENDING,2026-09-05 06:36:59.363995
T007352,C0211,M0045,31409.85,UPI,SUCCESS,2026-07-13 21:08:27.838820
T007353,C0432,M0020,37640.06,WALLET,FAILED,2026-08-11 07:13:40.790056
T007354,C0317,M0023,30228.21,NET_BANKING,SUCCESS,2026-08-24 00:41:51.167734
T007355,C0075,M0021,5408.19,WALLET,SUCCESS,2026-06-15 21:06:56.005601
T007356,C0427,M0033,45093.91,UPI,PENDING,2026-06-15 06:00:03.517312
T007357,C0327,M0022,44992.24,WALLET,SUCCESS,2026-08-26 16:18:36.110917
T007358,C0048,M0045,19459.1,UPI,SUCCESS,2026-07-04 01:01:46.845033
T007359,C0429,M0003,29726.16,UPI,FAILED,2026-07-16 22:14:12.246628
T007360,C0213,M0045,9480.09,UPI,SUCCESS,2026-07-14 10:35:54.840561
T007361,C0091,M0034,17605.11,WALLET,SUCCESS,2026-07-20 09:20:18.897578
T007362,C0166,M0019,400.59,WALLET,SUCCESS,2026-07-05 02:18:51.184186
T007363,C0153,M0043,31149.86,NET_BANKING,SUCCESS,2026-07-13 19:45:58.463134
T007364,C0136,M0050,22246.3,WALLET,SUCCESS,2026-07-07 17:32:54.588217
T007365,C0350,M0034,32960.44,UPI,SUCCESS,2026-08-29 19:33:23.931648
T007366,C0176,M0037,38531.08,WALLET,SUCCESS,2026-08-13 02:40:36.998289
T007367,C0452,M0041,26050.89,UPI,SUCCESS,2026-08-28 06:42:29.998907
T007368,C0020,M0036,36697.01,WALLET,SUCCESS,2026-08-19 19:20:42.675879
T007369,C0087,M0050,49538.62,WALLET,SUCCESS,2026-08-23 17:05:54.792290
T007370,C0319,M0010,23536.19,UPI,SUCCESS,2026-08-14 02:31:22.808371
T007371,C0089,M0006,30534.41,UPI,SUCCESS,2026-06-18 16:27:38.851399
T007372,C0328,M0023,37085.34,NET_BANKING,SUCCESS,2026-08-09 14:01:12.063041
T007373,C0199,M0034,25960.88,CARD,SUCCESS,2026-06-23 18:06:31.874724
T007374,C0165,M0040,26539.7,WALLET,SUCCESS,2026-08-28 00:25:33.565692
T007375,C0165,M0010,36653.04,UPI,SUCCESS,2026-07-29 16:22:05.044474
T007376,C0332,M0036,33090.22,CARD,SUCCESS,2026-06-08 18:17:16.189174
T007377,C0229,M0048,45725.15,CARD,SUCCESS,2026-06-20 20:02:16.518383
T007378,C0072,M0024,29800.94,UPI,PENDING,2026-07-29 02:23:14.673524
T007379,C0255,M0039,12454.97,CARD,FAILED,2026-07-21 20:40:26.686517
T007380,C0234,M0045,46657.89,WALLET,SUCCESS,2026-06-10 11:00:09.073975
T007381,C0236,M0034,39382.26,UPI,SUCCESS,2026-08-05 21:49:46.404971
T007382,C0449,M0047,2303.72,NET_BANKING,SUCCESS,2026-09-04 21:23:05.803229
T007383,C0199,M0044,6624.5,NET_BANKING,SUCCESS,2026-08-19 22:00:34.440555
T007384,C0051,M0019,31006.46,WALLET,SUCCESS,2026-09-04 00:11:31.290687
T007385,C0067,M0028,31549.78,NET_BANKING,SUCCESS,2026-08-10 01:46:45.179090
T007386,C0118,M0037,24601.1,CARD,SUCCESS,2026-07-20 21:35:36.032114
T007387,C0180,M0010,5756.83,WALLET,SUCCESS,2026-06-10 06:06:17.322104
T007388,C0350,M0039,47277.91,WALLET,SUCCESS,2026-07-16 11:59:34.443436
T007389,C0036,M0023,15613.3,CARD,SUCCESS,2026-07-02 16:50:34.202144
T007390,C0103,M0049,3652.72,UPI,SUCCESS,2026-08-19 12:43:52.238177
T007391,C0463,M0047,33305.13,NET_BANKING,SUCCESS,2026-06-16 00:56:04.222740
T007392,C0429,M0046,49566.39,WALLET,SUCCESS,2026-07-16 21:32:23.135616
T007393,C0433,M0046,9479.27,WALLET,SUCCESS,2026-08-18 08:23:56.139728
T007394,C0482,M0033,8062.52,WALLET,PENDING,2026-07-23 01:35:59.775017
T007395,C0358,M0040,45336.68,NET_BANKING,SUCCESS,2026-06-10 21:41:49.634322
T007396,C0490,M0004,40062.43,NET_BANKING,SUCCESS,2026-08-07 01:30:53.140704
T007397,C0307,M0019,30888.22,NET_BANKING,SUCCESS,2026-07-12 10:30:33.467393
T007398,C0364,M0042,27014.72,CARD,SUCCESS,2026-07-02 21:54:28.024955
T007399,C0220,M0048,42917.48,UPI,SUCCESS,2026-06-12 22:25:10.147783
T007400,C0417,M0025,33052.97,NET_BANKING,SUCCESS,2026-07-07 02:46:18.001677
T007401,C0092,M0044,24471.86,NET_BANKING,FAILED,2026-07-21 15:54:52.545043
T007402,C0200,M0010,49196.55,NET_BANKING,SUCCESS,2026-08-29 08:51:58.849427
T007403,C0445,M0003,30959.48,CARD,SUCCESS,2026-08-05 10:36:43.301779
T007404,C0259,M0025,33175.68,CARD,SUCCESS,2026-08-21 13:27:31.421126
T007405,C0272,M0026,45713.07,NET_BANKING,SUCCESS,2026-08-30 04:30:30.547306
T007406,C0462,M0013,24677.91,WALLET,FAILED,2026-06-28 15:12:03.329239
T007407,C0219,M0006,35317.68,UPI,SUCCESS,2026-06-27 21:33:47.517061
T007408,C0439,M0023,40561.16,CARD,PENDING,2026-07-02 12:14:31.858651
T007409,C0445,M0030,46103.53,NET_BANKING,SUCCESS,2026-07-20 14:35:49.992806
T007410,C0432,M0018,10832.32,WALLET,SUCCESS,2026-06-14 12:14:53.678583
T007411,C0278,M0032,11091.14,WALLET,SUCCESS,2026-06-13 09:27:16.775047
T007412,C0367,M0029,11066.79,UPI,SUCCESS,2026-08-14 21:29:15.691527
T007413,C0290,M0040,2657.23,NET_BANKING,SUCCESS,2026-06-09 02:04:34.937694
T007414,C0207,M0007,2741.98,WALLET,FAILED,2026-06-21 21:07:21.947027
T007415,C0032,M0024,4228.32,NET_BANKING,SUCCESS,2026-07-23 19:18:14.506328
T007416,C0267,M0022,2400.89,UPI,SUCCESS,2026-07-10 06:08:36.594621
T007417,C0096,M0022,4931.03,UPI,PENDING,2026-07-20 09:32:56.496847
T007418,C0328,M0023,20273.12,CARD,SUCCESS,2026-07-06 07:22:12.617705
T007419,C0105,M0034,24320.77,WALLET,FAILED,2026-07-09 06:58:35.525168
T007420,C0474,M0031,23825.18,CARD,SUCCESS,2026-06-15 01:35:15.025999
T007421,C0172,M0032,29157.1,WALLET,SUCCESS,2026-09-04 04:43:26.464654
T007422,C0445,M0047,14174.67,CARD,SUCCESS,2026-06-12 23:24:07.035210
T007423,C0020,M0034,18497.28,WALLET,SUCCESS,2026-07-14 18:45:53.100025
T007424,C0368,M0008,49106.45,UPI,SUCCESS,2026-09-04 14:36:02.441643
T007425,C0363,M0025,40103.6,WALLET,SUCCESS,2026-06-10 01:57:17.920197
T007426,C0250,M0023,12139.78,NET_BANKING,SUCCESS,2026-06-21 13:44:19.095306
T007427,C0119,M0036,28363.47,WALLET,SUCCESS,2026-07-10 21:40:57.241252
T007428,C0364,M0048,3006.99,CARD,SUCCESS,2026-06-17 12:01:25.758012
T007429,C0427,M0013,42293.47,WALLET,SUCCESS,2026-06-18 10:33:14.950009
T007430,C0006,M0015,26533.77,UPI,SUCCESS,2026-07-31 19:02:16.433115
T007431,C0110,M0027,47707.04,WALLET,SUCCESS,2026-06-10 09:13:19.980833
T007432,C0369,M0020,14535.28,UPI,SUCCESS,2026-08-18 14:25:05.302345
T007433,C0356,M0013,47526.84,UPI,SUCCESS,2026-08-30 17:13:13.755551
T007434,C0287,M0022,5956.76,WALLET,SUCCESS,2026-08-25 11:11:24.962065
T007435,C0247,M0008,18436.26,WALLET,SUCCESS,2026-08-21 20:22:24.140259
T007436,C0425,M0045,26716.77,NET_BANKING,SUCCESS,2026-08-20 22:17:19.243267
T007437,C0280,M0007,48481.31,UPI,SUCCESS,2026-06-26 02:52:02.658980
T007438,C0340,M0004,14965.56,CARD,SUCCESS,2026-06-29 18:51:58.596260
T007439,C0379,M0022,2730.13,WALLET,SUCCESS,2026-09-01 03:10:29.485615
T007440,C0406,M0042,13057.14,NET_BANKING,SUCCESS,2026-06-14 00:40:49.653319
T007441,C0434,M0048,36498.89,CARD,SUCCESS,2026-08-20 15:51:48.697548
T007442,C0288,M0046,7281.87,NET_BANKING,SUCCESS,2026-08-11 23:46:12.989650
T007443,C0328,M0045,34091.07,WALLET,SUCCESS,2026-08-14 14:29:24.486708
T007444,C0023,M0006,47603.17,WALLET,SUCCESS,2026-07-15 17:46:39.442867
T007445,C0178,M0039,27447.3,WALLET,SUCCESS,2026-07-10 12:41:10.109259
T007446,C0230,M0038,49493.04,WALLET,SUCCESS,2026-07-01 13:30:44.907686
T007447,C0268,M0003,45284.05,WALLET,FAILED,2026-08-30 13:51:01.063565
T007448,C0156,M0040,17107.16,UPI,SUCCESS,2026-08-26 21:00:31.757701
T007449,C0278,M0039,43783.04,NET_BANKING,SUCCESS,2026-07-12 10:31:48.166425
T007450,C0285,M0032,42119.01,WALLET,SUCCESS,2026-08-18 03:53:15.205674
T007451,C0476,M0013,1416.36,WALLET,SUCCESS,2026-08-29 14:36:10.646879
T007452,C0089,M0032,1184.65,CARD,SUCCESS,2026-09-05 15:08:46.311410
T007453,C0136,M0042,24717.13,UPI,SUCCESS,2026-08-05 17:33:47.456507
T007454,C0476,M0019,29064.24,WALLET,SUCCESS,2026-08-13 11:58:07.640299
T007455,C0191,M0007,28818.44,CARD,SUCCESS,2026-06-24 20:00:24.693894
T007456,C0113,M0033,32161.01,CARD,SUCCESS,2026-07-08 01:55:58.562575
T007457,C0110,M0040,9113.85,NET_BANKING,SUCCESS,2026-09-01 07:28:16.720365
T007458,C0092,M0020,15066.53,NET_BANKING,SUCCESS,2026-06-29 16:44:22.166410
T007459,C0293,M0044,24231.54,NET_BANKING,SUCCESS,2026-08-09 10:32:10.081946
T007460,C0391,M0020,48346.6,NET_BANKING,SUCCESS,2026-08-05 06:15:26.718326
T007461,C0022,M0023,42793.53,NET_BANKING,SUCCESS,2026-08-09 13:12:39.193296
T007462,C0133,M0037,41933.86,CARD,SUCCESS,2026-06-27 02:33:17.473087
T007463,C0200,M0011,43170.66,NET_BANKING,SUCCESS,2026-07-21 23:32:29.822288
T007464,C0446,M0050,33690.76,CARD,FAILED,2026-08-03 22:59:11.764889
T007465,C0356,M0046,3700.05,WALLET,SUCCESS,2026-07-29 10:35:10.167066
T007466,C0369,M0008,3891.96,CARD,FAILED,2026-06-18 12:45:47.100250
T007467,C0021,M0044,35849.08,CARD,FAILED,2026-06-08 19:31:47.482057
T007468,C0227,M0014,40420.48,NET_BANKING,SUCCESS,2026-08-09 22:25:54.473571
T007469,C0159,M0010,36638.33,UPI,SUCCESS,2026-07-24 08:29:11.350801
T007470,C0105,M0046,24175.41,NET_BANKING,SUCCESS,2026-07-18 05:22:08.487376
T007471,C0472,M0004,46599.55,CARD,SUCCESS,2026-07-25 23:06:42.454569
T007472,C0090,M0034,7690.97,CARD,FAILED,2026-06-14 07:57:43.361034
T007473,C0494,M0005,19316.74,WALLET,FAILED,2026-08-24 00:04:44.505990
T007474,C0031,M0003,33202.8,UPI,SUCCESS,2026-07-07 13:07:50.008640
T007475,C0173,M0003,39671.63,WALLET,SUCCESS,2026-07-13 05:30:25.325278
T007476,C0173,M0037,6666.26,CARD,FAILED,2026-08-26 22:24:06.850626
T007477,C0448,M0015,29626.47,CARD,SUCCESS,2026-07-17 10:11:03.046449
T007478,C0471,M0027,43645.3,CARD,SUCCESS,2026-06-17 20:22:02.292302
T007479,C0123,M0046,42115.51,UPI,SUCCESS,2026-06-25 11:35:14.421880
T007480,C0375,M0038,48699.54,CARD,SUCCESS,2026-06-13 04:47:06.103917
T007481,C0435,M0007,6280.27,WALLET,SUCCESS,2026-08-01 03:36:32.656912
T007482,C0164,M0012,17135.58,CARD,SUCCESS,2026-07-09 08:42:08.522993
T007483,C0371,M0004,46099.73,NET_BANKING,SUCCESS,2026-08-20 12:08:19.383438
T007484,C0167,M0001,23399.65,WALLET,SUCCESS,2026-06-23 04:22:48.190778
T007485,C0080,M0025,11315.57,UPI,SUCCESS,2026-07-18 23:15:15.492972
T007486,C0261,M0036,35319.94,UPI,SUCCESS,2026-07-19 17:53:02.471297
T007487,C0162,M0020,25187.19,NET_BANKING,SUCCESS,2026-07-30 16:07:43.633910
T007488,C0064,M0013,23452.84,NET_BANKING,SUCCESS,2026-07-13 11:40:58.013550
T007489,C0090,M0026,30668.29,CARD,SUCCESS,2026-06-15 19:21:52.584815
T007490,C0223,M0024,37433.04,NET_BANKING,PENDING,2026-08-07 19:54:49.870770
T007491,C0252,M0039,510.32,WALLET,FAILED,2026-07-23 09:50:54.669420
T007492,C0314,M0020,31182.22,CARD,FAILED,2026-06-24 10:03:53.440619
T007493,C0126,M0038,29655.3,NET_BANKING,SUCCESS,2026-08-13 05:53:27.293420
T007494,C0106,M0042,36120.37,UPI,SUCCESS,2026-08-17 08:48:14.561332
T007495,C0356,M0041,39796.62,NET_BANKING,SUCCESS,2026-08-31 02:26:31.519063
T007496,C0311,M0034,38620.58,UPI,SUCCESS,2026-07-19 08:31:48.180203
T007497,C0359,M0035,25600.97,UPI,SUCCESS,2026-09-01 17:42:45.910995
T007498,C0365,M0029,1341.42,WALLET,SUCCESS,2026-07-10 03:15:16.260180
T007499,C0177,M0024,3358.21,CARD,SUCCESS,2026-06-09 04:09:30.720506
T007500,C0399,M0031,38831.85,WALLET,SUCCESS,2026-07-14 22:17:36.474045
T007501,C0480,M0020,25328.52,UPI,SUCCESS,2026-08-19 17:16:04.995288
T007502,C0116,M0031,19541.8,UPI,SUCCESS,2026-07-21 07:12:14.280685
T007503,C0493,M0004,15751.17,WALLET,SUCCESS,2026-06-30 17:03:51.936291
T007504,C0243,M0046,4045.37,CARD,SUCCESS,2026-06-18 03:44:28.189574
T007505,C0303,M0012,26105.32,CARD,SUCCESS,2026-08-31 12:02:33.246029
T007506,C0376,M0018,24317.55,WALLET,SUCCESS,2026-07-12 00:35:34.699359
T007507,C0148,M0001,29265.44,WALLET,SUCCESS,2026-06-11 02:29:09.184900
T007508,C0420,M0003,38102.32,WALLET,SUCCESS,2026-07-26 09:06:32.496791
T007509,C0297,M0029,23252.49,WALLET,SUCCESS,2026-07-16 13:18:56.258357
T007510,C0037,M0036,25274.78,UPI,SUCCESS,2026-09-04 09:46:08.662214
T007511,C0200,M0042,48963.01,CARD,SUCCESS,2026-08-24 11:12:07.254330
T007512,C0216,M0046,1946.13,NET_BANKING,SUCCESS,2026-07-22 03:35:18.105394
T007513,C0304,M0016,35007.78,UPI,SUCCESS,2026-09-03 21:40:09.706306
T007514,C0195,M0047,8950.65,CARD,SUCCESS,2026-06-24 09:38:19.945230
T007515,C0067,M0046,16221.43,CARD,SUCCESS,2026-07-05 18:23:41.311482
T007516,C0059,M0008,42570.62,WALLET,SUCCESS,2026-08-02 09:21:30.153659
T007517,C0227,M0038,47065.01,NET_BANKING,SUCCESS,2026-06-09 02:17:04.676688
T007518,C0008,M0008,33178.06,NET_BANKING,SUCCESS,2026-07-17 19:40:18.588002
T007519,C0228,M0006,16440.99,CARD,PENDING,2026-06-16 13:17:52.140194
T007520,C0325,M0029,7804.6,CARD,FAILED,2026-07-12 10:27:36.664551
T007521,C0012,M0040,10751.68,NET_BANKING,SUCCESS,2026-07-08 20:32:05.753625
T007522,C0148,M0043,17405.59,UPI,SUCCESS,2026-09-03 05:39:43.542325
T007523,C0015,M0010,8355.23,CARD,SUCCESS,2026-06-29 09:52:23.900962
T007524,C0259,M0013,17314.58,NET_BANKING,PENDING,2026-07-21 21:52:32.976273
T007525,C0015,M0047,11139.63,NET_BANKING,SUCCESS,2026-08-06 13:45:00.193530
T007526,C0496,M0043,6278.63,UPI,SUCCESS,2026-07-07 14:38:08.245324
T007527,C0021,M0017,2313.25,NET_BANKING,SUCCESS,2026-09-02 16:49:07.992422
T007528,C0023,M0045,45935.76,CARD,SUCCESS,2026-08-22 04:51:06.277311
T007529,C0156,M0031,36691.36,UPI,FAILED,2026-08-10 14:40:40.683959
T007530,C0091,M0028,43829.62,UPI,FAILED,2026-08-03 16:35:53.581218
T007531,C0040,M0005,35969.24,NET_BANKING,SUCCESS,2026-07-15 10:47:48.734963
T007532,C0207,M0031,6219.07,WALLET,FAILED,2026-08-04 09:43:41.160418
T007533,C0002,M0037,39191.51,UPI,SUCCESS,2026-08-26 23:45:26.645782
T007534,C0313,M0011,7661.67,UPI,SUCCESS,2026-06-24 15:28:04.181582
T007535,C0105,M0029,16159.03,NET_BANKING,SUCCESS,2026-07-23 06:50:14.520187
T007536,C0241,M0016,9778.28,NET_BANKING,SUCCESS,2026-06-25 13:13:37.752901
T007537,C0355,M0035,11405.62,NET_BANKING,SUCCESS,2026-06-24 05:12:43.196340
T007538,C0257,M0047,34397.42,NET_BANKING,SUCCESS,2026-06-20 17:13:07.360966
T007539,C0275,M0047,29937.34,WALLET,SUCCESS,2026-08-06 00:36:45.029893
T007540,C0082,M0002,765.76,NET_BANKING,SUCCESS,2026-06-23 05:12:24.688067
T007541,C0252,M0030,46860.2,NET_BANKING,SUCCESS,2026-06-11 09:17:48.794571
T007542,C0230,M0020,32209.59,CARD,SUCCESS,2026-06-13 11:07:06.753937
T007543,C0365,M0031,9782.49,WALLET,SUCCESS,2026-06-24 10:01:46.677940
T007544,C0106,M0028,23779.45,NET_BANKING,FAILED,2026-08-04 23:37:09.652771
T007545,C0186,M0046,47521.7,UPI,SUCCESS,2026-08-16 13:47:43.226708
T007546,C0253,M0045,46630.8,CARD,SUCCESS,2026-09-01 02:09:40.096614
T007547,C0457,M0009,5086.11,UPI,SUCCESS,2026-09-01 13:16:57.347826
T007548,C0154,M0027,5126.17,UPI,SUCCESS,2026-06-18 07:34:44.531510
T007549,C0227,M0009,7799.64,WALLET,SUCCESS,2026-06-17 07:54:15.968718
T007550,C0315,M0002,3663.93,WALLET,SUCCESS,2026-08-02 02:50:37.013261
T007551,C0138,M0047,49866.33,CARD,SUCCESS,2026-08-31 19:29:21.830971
T007552,C0218,M0033,25753.01,UPI,SUCCESS,2026-07-27 13:15:18.042708
T007553,C0393,M0048,42112.4,CARD,SUCCESS,2026-06-29 13:16:35.595508
T007554,C0046,M0041,32079.28,NET_BANKING,SUCCESS,2026-08-21 13:58:06.295227
T007555,C0486,M0033,7971.25,WALLET,SUCCESS,2026-06-15 18:37:24.040525
T007556,C0164,M0014,33493.13,CARD,FAILED,2026-07-30 21:07:40.065050
T007557,C0198,M0033,42937.09,WALLET,SUCCESS,2026-08-19 17:52:24.731646
T007558,C0457,M0032,12688.06,NET_BANKING,SUCCESS,2026-07-14 20:21:44.173545
T007559,C0288,M0002,44650.88,WALLET,FAILED,2026-06-24 05:17:20.166383
T007560,C0258,M0012,2937.82,UPI,SUCCESS,2026-08-05 04:11:52.601307
T007561,C0225,M0013,25290.96,WALLET,SUCCESS,2026-08-29 01:09:46.763285
T007562,C0323,M0031,15430.91,NET_BANKING,SUCCESS,2026-08-07 03:59:22.938772
T007563,C0221,M0031,11514.97,CARD,SUCCESS,2026-06-10 15:12:59.971710
T007564,C0161,M0045,48979.14,UPI,SUCCESS,2026-06-10 16:05:08.607735
T007565,C0251,M0006,33814.35,UPI,SUCCESS,2026-07-19 00:20:32.791781
T007566,C0493,M0035,16924.53,UPI,SUCCESS,2026-07-13 11:55:03.965600
T007567,C0489,M0003,8480.0,CARD,SUCCESS,2026-07-28 11:16:42.618062
T007568,C0216,M0039,21031.98,WALLET,SUCCESS,2026-07-27 23:58:29.937935
T007569,C0312,M0002,32456.65,WALLET,SUCCESS,2026-08-16 05:43:05.703566
T007570,C0064,M0023,420.52,WALLET,SUCCESS,2026-06-10 21:50:08.696706
T007571,C0007,M0021,20060.9,CARD,SUCCESS,2026-06-08 18:04:09.667547
T007572,C0460,M0039,43105.33,NET_BANKING,SUCCESS,2026-07-30 09:53:30.690084
T007573,C0117,M0009,35435.86,UPI,SUCCESS,2026-06-09 00:36:43.372036
T007574,C0431,M0040,38507.62,NET_BANKING,SUCCESS,2026-08-17 11:24:26.706964
T007575,C0036,M0046,11034.05,WALLET,SUCCESS,2026-06-20 06:49:18.626196
T007576,C0348,M0027,32170.35,CARD,SUCCESS,2026-08-14 01:49:43.821585
T007577,C0139,M0029,8204.93,WALLET,SUCCESS,2026-07-03 14:04:47.451533
T007578,C0361,M0013,11919.93,UPI,SUCCESS,2026-07-04 20:34:32.220378
T007579,C0051,M0041,10178.52,UPI,SUCCESS,2026-07-31 20:50:58.558572
T007580,C0003,M0028,43237.43,CARD,SUCCESS,2026-08-20 19:42:52.299192
T007581,C0486,M0021,20889.72,CARD,SUCCESS,2026-08-03 11:22:36.216928
T007582,C0406,M0031,40802.59,WALLET,FAILED,2026-08-30 06:59:32.876805
T007583,C0431,M0033,4773.34,NET_BANKING,SUCCESS,2026-06-11 18:50:45.001534
T007584,C0285,M0010,18451.43,NET_BANKING,SUCCESS,2026-09-04 15:09:56.997104
T007585,C0177,M0028,27890.38,NET_BANKING,SUCCESS,2026-07-16 18:15:57.066440
T007586,C0463,M0022,31041.65,NET_BANKING,SUCCESS,2026-07-16 10:12:17.900890
T007587,C0381,M0032,15883.05,NET_BANKING,SUCCESS,2026-07-04 17:31:13.193850
T007588,C0347,M0017,44481.78,WALLET,SUCCESS,2026-09-05 10:11:53.299790
T007589,C0006,M0010,12634.22,UPI,SUCCESS,2026-08-27 12:27:37.566572
T007590,C0171,M0047,15131.42,CARD,SUCCESS,2026-06-11 06:42:17.314491
T007591,C0061,M0048,20353.38,CARD,SUCCESS,2026-07-31 00:53:58.769667
T007592,C0395,M0050,24818.25,UPI,SUCCESS,2026-07-08 04:11:45.327624
T007593,C0404,M0033,43503.48,NET_BANKING,FAILED,2026-07-28 20:29:57.497141
T007594,C0427,M0041,4804.48,WALLET,FAILED,2026-07-11 16:21:02.550550
T007595,C0142,M0004,17381.32,NET_BANKING,SUCCESS,2026-06-28 04:58:35.812578
T007596,C0430,M0039,283.04,NET_BANKING,FAILED,2026-06-11 06:03:48.757259
T007597,C0271,M0017,43690.55,WALLET,SUCCESS,2026-08-16 23:58:16.476710
T007598,C0060,M0029,18482.77,UPI,SUCCESS,2026-06-20 12:25:44.619756
T007599,C0253,M0017,36753.06,CARD,FAILED,2026-08-01 23:51:37.287530
T007600,C0201,M0041,15029.1,NET_BANKING,SUCCESS,2026-08-24 20:07:14.047835
T007601,C0309,M0007,39807.11,CARD,SUCCESS,2026-08-04 05:52:39.559374
T007602,C0131,M0047,36817.76,CARD,SUCCESS,2026-08-03 14:22:46.825931
T007603,C0247,M0031,3505.88,WALLET,SUCCESS,2026-08-16 14:13:00.997067
T007604,C0304,M0001,28070.15,UPI,SUCCESS,2026-08-15 11:02:05.753727
T007605,C0031,M0019,12844.42,UPI,SUCCESS,2026-08-13 02:32:12.845985
T007606,C0291,M0013,16185.47,UPI,SUCCESS,2026-08-05 05:03:03.249477
T007607,C0019,M0015,45699.55,WALLET,SUCCESS,2026-08-23 17:37:58.532616
T007608,C0390,M0046,42027.22,UPI,SUCCESS,2026-08-21 02:28:22.565451
T007609,C0408,M0041,45444.99,WALLET,SUCCESS,2026-06-17 19:48:00.691779
T007610,C0216,M0002,20409.72,CARD,SUCCESS,2026-07-23 21:23:53.241342
T007611,C0417,M0033,15144.79,WALLET,SUCCESS,2026-07-26 10:27:21.173633
T007612,C0168,M0019,48781.59,NET_BANKING,SUCCESS,2026-07-21 16:14:19.204066
T007613,C0158,M0015,206.16,CARD,SUCCESS,2026-08-28 06:08:48.354419
T007614,C0448,M0003,27694.1,CARD,SUCCESS,2026-08-21 19:11:42.027724
T007615,C0431,M0025,29971.16,WALLET,SUCCESS,2026-07-13 01:57:18.907652
T007616,C0336,M0036,30988.16,UPI,SUCCESS,2026-06-12 11:37:26.811425
T007617,C0019,M0031,44199.85,CARD,SUCCESS,2026-06-22 12:55:20.785376
T007618,C0051,M0018,45429.49,CARD,FAILED,2026-06-22 16:15:56.991981
T007619,C0119,M0048,26206.66,UPI,SUCCESS,2026-07-24 18:36:55.185775
T007620,C0170,M0007,15756.8,NET_BANKING,PENDING,2026-06-27 12:31:44.393379
T007621,C0145,M0023,30422.18,CARD,SUCCESS,2026-06-21 06:05:18.104391
T007622,C0066,M0004,30404.94,UPI,FAILED,2026-07-01 03:15:13.247193
T007623,C0321,M0016,37496.48,WALLET,SUCCESS,2026-08-12 20:17:58.862942
T007624,C0408,M0028,813.23,NET_BANKING,SUCCESS,2026-06-19 12:54:41.997586
T007625,C0116,M0041,36686.67,CARD,SUCCESS,2026-08-25 12:27:28.486289
T007626,C0076,M0028,9919.24,NET_BANKING,SUCCESS,2026-08-03 02:15:50.901839
T007627,C0496,M0022,46295.31,CARD,SUCCESS,2026-08-16 04:12:26.361524
T007628,C0275,M0044,37791.63,UPI,SUCCESS,2026-09-03 01:35:59.304206
T007629,C0173,M0026,6720.66,UPI,SUCCESS,2026-08-29 23:35:57.872155
T007630,C0449,M0030,42098.0,UPI,SUCCESS,2026-08-10 20:30:19.804264
T007631,C0276,M0050,35002.11,WALLET,SUCCESS,2026-08-12 17:39:05.760964
T007632,C0188,M0026,9550.42,NET_BANKING,SUCCESS,2026-08-02 00:55:34.502306
T007633,C0496,M0023,7249.27,UPI,SUCCESS,2026-07-06 16:06:25.106627
T007634,C0062,M0024,12362.77,NET_BANKING,SUCCESS,2026-08-24 11:28:33.119491
T007635,C0091,M0037,18829.27,UPI,FAILED,2026-08-16 07:00:45.434556
T007636,C0113,M0008,6859.51,NET_BANKING,SUCCESS,2026-08-23 04:36:10.715667
T007637,C0230,M0004,37864.33,WALLET,SUCCESS,2026-06-16 21:24:13.429559
T007638,C0073,M0026,10965.25,UPI,FAILED,2026-09-01 17:37:24.436726
T007639,C0286,M0048,46578.27,WALLET,SUCCESS,2026-07-30 17:03:26.704138
T007640,C0239,M0001,19375.94,UPI,SUCCESS,2026-08-04 09:03:31.403157
T007641,C0416,M0030,10799.69,CARD,SUCCESS,2026-08-22 07:08:44.290089
T007642,C0153,M0050,4399.61,WALLET,SUCCESS,2026-08-31 04:04:52.014932
T007643,C0208,M0015,34722.66,WALLET,SUCCESS,2026-08-26 06:42:38.225816
T007644,C0101,M0001,38192.17,NET_BANKING,SUCCESS,2026-08-10 01:24:37.570456
T007645,C0241,M0014,23288.0,UPI,SUCCESS,2026-06-18 12:55:44.159889
T007646,C0016,M0012,29602.1,NET_BANKING,PENDING,2026-07-16 23:06:26.525360
T007647,C0260,M0007,34471.65,CARD,SUCCESS,2026-07-04 06:02:14.666615
T007648,C0454,M0014,18046.18,NET_BANKING,SUCCESS,2026-08-09 08:22:27.749340
T007649,C0492,M0009,7652.56,CARD,SUCCESS,2026-08-27 09:52:32.276783
T007650,C0318,M0022,24842.02,CARD,SUCCESS,2026-08-01 10:51:46.400318
T007651,C0267,M0027,23227.88,NET_BANKING,SUCCESS,2026-06-21 12:04:30.129146
T007652,C0335,M0003,42778.47,NET_BANKING,SUCCESS,2026-08-27 20:51:05.104121
T007653,C0083,M0020,40378.27,WALLET,SUCCESS,2026-07-18 04:29:42.049762
T007654,C0318,M0017,31867.43,UPI,SUCCESS,2026-06-21 04:15:08.084337
T007655,C0452,M0009,45838.53,CARD,SUCCESS,2026-06-30 18:46:28.473397
T007656,C0371,M0001,37638.36,UPI,FAILED,2026-06-12 12:11:18.280156
T007657,C0252,M0043,46219.54,CARD,SUCCESS,2026-08-21 22:22:21.966111
T007658,C0500,M0017,15312.71,CARD,SUCCESS,2026-07-27 19:20:11.143802
T007659,C0417,M0046,44263.99,NET_BANKING,SUCCESS,2026-07-23 08:32:51.179444
T007660,C0232,M0041,1777.85,CARD,SUCCESS,2026-07-19 12:36:22.990106
T007661,C0363,M0016,25059.61,CARD,SUCCESS,2026-07-06 01:58:16.791751
T007662,C0241,M0039,18363.96,UPI,SUCCESS,2026-06-23 02:17:26.278830
T007663,C0184,M0043,27281.28,CARD,SUCCESS,2026-06-21 20:43:22.974297
T007664,C0063,M0002,7966.47,UPI,SUCCESS,2026-08-21 05:36:12.615822
T007665,C0122,M0023,11065.32,UPI,FAILED,2026-08-13 10:36:48.977478
T007666,C0090,M0037,42193.48,NET_BANKING,SUCCESS,2026-08-09 12:08:38.274981
T007667,C0441,M0006,47009.59,UPI,SUCCESS,2026-07-14 03:31:53.104224
T007668,C0129,M0036,35964.03,WALLET,PENDING,2026-08-15 12:04:47.170212
T007669,C0079,M0033,25167.29,CARD,SUCCESS,2026-06-28 22:31:45.947376
T007670,C0421,M0035,7896.59,UPI,SUCCESS,2026-06-18 00:32:15.835979
T007671,C0153,M0050,21716.58,NET_BANKING,SUCCESS,2026-08-06 04:57:33.615679
T007672,C0057,M0019,9870.66,CARD,SUCCESS,2026-08-19 13:35:45.605384
T007673,C0308,M0003,46693.69,CARD,SUCCESS,2026-06-30 13:52:47.467437
T007674,C0387,M0013,39419.42,CARD,SUCCESS,2026-07-07 14:42:41.763090
T007675,C0391,M0003,7478.08,NET_BANKING,SUCCESS,2026-08-31 12:25:16.972049
T007676,C0304,M0013,9173.3,NET_BANKING,SUCCESS,2026-07-04 16:44:56.512779
T007677,C0106,M0020,32162.81,CARD,SUCCESS,2026-08-08 04:54:52.611699
T007678,C0358,M0047,31229.71,WALLET,SUCCESS,2026-06-08 14:00:24.229552
T007679,C0407,M0047,6982.05,CARD,SUCCESS,2026-07-04 07:58:59.800045
T007680,C0408,M0031,31697.43,WALLET,SUCCESS,2026-06-15 18:00:58.792836
T007681,C0200,M0013,12094.12,UPI,SUCCESS,2026-06-23 15:23:35.487597
T007682,C0472,M0029,35991.78,NET_BANKING,SUCCESS,2026-06-08 10:44:37.875611
T007683,C0283,M0023,8535.75,CARD,SUCCESS,2026-08-17 12:11:12.800793
T007684,C0358,M0008,43905.93,CARD,SUCCESS,2026-07-10 03:24:11.129340
T007685,C0466,M0033,3927.38,WALLET,SUCCESS,2026-06-28 09:10:18.831523
T007686,C0337,M0033,38065.14,UPI,SUCCESS,2026-07-08 00:27:55.207511
T007687,C0151,M0038,13551.47,WALLET,SUCCESS,2026-08-16 22:05:23.872036
T007688,C0260,M0005,11147.91,CARD,SUCCESS,2026-07-31 19:30:42.424406
T007689,C0078,M0037,20352.84,CARD,SUCCESS,2026-07-05 01:26:27.333750
T007690,C0030,M0024,33143.01,WALLET,FAILED,2026-07-08 08:32:07.169514
T007691,C0335,M0042,5469.3,UPI,SUCCESS,2026-07-04 00:02:06.092960
T007692,C0189,M0003,10306.48,NET_BANKING,SUCCESS,2026-06-17 11:47:22.390627
T007693,C0350,M0012,46953.66,WALLET,SUCCESS,2026-08-19 18:41:10.892275
T007694,C0186,M0049,35921.38,UPI,SUCCESS,2026-06-23 04:10:05.163356
T007695,C0055,M0024,34058.71,CARD,SUCCESS,2026-06-09 10:15:59.144435
T007696,C0227,M0009,12140.33,UPI,SUCCESS,2026-08-02 00:53:02.531739
T007697,C0492,M0037,7604.21,NET_BANKING,SUCCESS,2026-08-29 10:22:10.522804
T007698,C0422,M0007,34155.18,CARD,SUCCESS,2026-08-21 17:19:01.881674
T007699,C0180,M0042,5465.46,UPI,SUCCESS,2026-06-13 08:18:27.104194
T007700,C0045,M0041,14785.21,WALLET,SUCCESS,2026-06-12 05:48:40.639910
T007701,C0122,M0031,41913.36,CARD,SUCCESS,2026-07-08 08:10:29.545416
T007702,C0002,M0013,44846.29,CARD,SUCCESS,2026-06-15 04:04:04.772716
T007703,C0475,M0015,359.68,NET_BANKING,SUCCESS,2026-08-20 18:47:04.866257
T007704,C0064,M0023,34504.01,WALLET,FAILED,2026-06-13 15:48:05.403039
T007705,C0370,M0043,30813.04,NET_BANKING,SUCCESS,2026-07-26 20:35:35.236469
T007706,C0354,M0015,23523.28,WALLET,SUCCESS,2026-08-29 17:35:30.022763
T007707,C0366,M0022,28217.62,UPI,SUCCESS,2026-07-06 21:48:03.429666
T007708,C0394,M0043,33179.66,UPI,SUCCESS,2026-08-11 07:33:58.051920
T007709,C0313,M0007,1561.31,CARD,SUCCESS,2026-08-27 08:20:23.339317
T007710,C0177,M0023,22435.1,CARD,SUCCESS,2026-07-08 01:49:03.841689
T007711,C0150,M0013,15737.01,CARD,SUCCESS,2026-08-20 06:30:24.397235
T007712,C0284,M0010,614.87,CARD,PENDING,2026-07-20 07:39:40.491504
T007713,C0019,M0048,20113.59,CARD,SUCCESS,2026-06-24 16:10:24.628843
T007714,C0446,M0024,25354.87,NET_BANKING,SUCCESS,2026-08-31 12:08:41.761135
T007715,C0228,M0018,10040.03,NET_BANKING,FAILED,2026-08-14 07:13:51.119061
T007716,C0458,M0022,48650.46,WALLET,SUCCESS,2026-07-31 10:26:34.080762
T007717,C0235,M0026,32540.41,WALLET,FAILED,2026-08-27 10:25:07.968250
T007718,C0014,M0043,14779.0,WALLET,SUCCESS,2026-08-28 22:53:05.430213
T007719,C0030,M0011,33496.2,NET_BANKING,SUCCESS,2026-08-14 10:44:17.169219
T007720,C0204,M0042,49746.93,NET_BANKING,SUCCESS,2026-06-25 10:41:23.596528
T007721,C0361,M0022,36638.04,CARD,SUCCESS,2026-07-13 17:59:31.818463
T007722,C0123,M0035,37304.58,NET_BANKING,SUCCESS,2026-07-02 15:04:07.691666
T007723,C0449,M0044,25843.97,UPI,SUCCESS,2026-07-06 05:35:37.330219
T007724,C0432,M0013,28268.08,CARD,SUCCESS,2026-08-31 07:41:44.713212
T007725,C0391,M0004,15048.72,UPI,SUCCESS,2026-06-26 14:18:12.128582
T007726,C0185,M0028,27598.53,UPI,SUCCESS,2026-08-03 18:53:28.173985
T007727,C0051,M0033,989.22,NET_BANKING,SUCCESS,2026-09-03 06:14:53.482520
T007728,C0426,M0043,26765.52,UPI,SUCCESS,2026-07-02 20:05:53.847130
T007729,C0248,M0043,36644.14,NET_BANKING,SUCCESS,2026-07-27 08:54:53.288814
T007730,C0177,M0020,4157.96,WALLET,SUCCESS,2026-08-31 15:14:35.096465
T007731,C0258,M0047,3481.58,UPI,SUCCESS,2026-06-08 13:26:17.273875
T007732,C0113,M0031,16105.82,CARD,SUCCESS,2026-08-28 12:07:45.163145
T007733,C0077,M0014,19235.8,UPI,FAILED,2026-06-09 18:47:56.483454
T007734,C0205,M0033,20841.55,NET_BANKING,SUCCESS,2026-06-28 11:17:05.660871
T007735,C0091,M0032,9944.3,WALLET,SUCCESS,2026-06-11 01:34:08.504183
T007736,C0418,M0001,2156.49,NET_BANKING,SUCCESS,2026-07-14 11:00:59.075997
T007737,C0047,M0045,37589.41,WALLET,SUCCESS,2026-08-20 11:57:51.330543
T007738,C0460,M0029,45898.46,WALLET,SUCCESS,2026-08-16 15:33:29.387938
T007739,C0366,M0025,37559.41,UPI,SUCCESS,2026-08-12 22:08:14.052093
T007740,C0384,M0046,33430.15,WALLET,SUCCESS,2026-08-28 15:25:16.654297
T007741,C0421,M0026,69.93,CARD,SUCCESS,2026-06-20 23:11:53.276760
T007742,C0270,M0044,2661.38,NET_BANKING,SUCCESS,2026-08-08 19:36:29.501152
T007743,C0415,M0038,32275.24,UPI,SUCCESS,2026-07-11 17:34:36.235113
T007744,C0310,M0019,49866.52,UPI,SUCCESS,2026-06-12 19:47:37.409433
T007745,C0075,M0048,49189.64,NET_BANKING,SUCCESS,2026-07-14 03:32:56.139020
T007746,C0319,M0037,19487.62,UPI,SUCCESS,2026-07-19 09:48:42.168578
T007747,C0059,M0013,41709.64,CARD,SUCCESS,2026-06-21 13:15:31.240043
T007748,C0219,M0029,14045.29,UPI,SUCCESS,2026-07-27 11:59:16.374777
T007749,C0217,M0050,4491.47,CARD,SUCCESS,2026-06-28 20:22:58.895810
T007750,C0285,M0005,42860.06,UPI,SUCCESS,2026-08-04 09:20:03.425328
T007751,C0115,M0010,40112.92,UPI,SUCCESS,2026-06-30 07:52:32.868832
T007752,C0371,M0009,14016.28,WALLET,FAILED,2026-06-12 00:34:28.658591
T007753,C0454,M0024,17478.0,WALLET,SUCCESS,2026-08-31 21:50:40.873306
T007754,C0253,M0050,10286.23,WALLET,SUCCESS,2026-07-31 10:20:35.551959
T007755,C0064,M0050,25328.71,WALLET,SUCCESS,2026-08-03 13:24:30.435231
T007756,C0129,M0025,867.82,CARD,SUCCESS,2026-08-20 03:57:11.610899
T007757,C0170,M0036,5705.85,WALLET,SUCCESS,2026-08-07 07:32:12.888044
T007758,C0251,M0033,48028.3,NET_BANKING,FAILED,2026-06-09 03:49:49.223949
T007759,C0302,M0028,7469.6,CARD,SUCCESS,2026-06-12 12:14:13.048532
T007760,C0330,M0003,30500.63,CARD,FAILED,2026-06-18 01:05:51.736946
T007761,C0244,M0047,34632.67,NET_BANKING,SUCCESS,2026-06-29 07:29:39.510444
T007762,C0170,M0046,16268.01,CARD,SUCCESS,2026-08-25 12:40:36.794789
T007763,C0350,M0017,3978.12,UPI,SUCCESS,2026-06-30 18:29:03.918385
T007764,C0099,M0032,48979.69,NET_BANKING,SUCCESS,2026-06-28 21:31:48.956222
T007765,C0176,M0009,2529.4,UPI,SUCCESS,2026-08-17 19:15:06.813559
T007766,C0112,M0040,3608.03,CARD,SUCCESS,2026-06-18 07:38:04.033818
T007767,C0255,M0042,22662.0,NET_BANKING,SUCCESS,2026-06-09 01:22:52.524186
T007768,C0475,M0026,45914.56,WALLET,SUCCESS,2026-06-14 01:59:57.036934
T007769,C0333,M0031,4925.27,WALLET,SUCCESS,2026-06-14 10:50:44.603790
T007770,C0362,M0032,2936.44,UPI,SUCCESS,2026-06-29 08:48:14.448454
T007771,C0367,M0040,7789.13,WALLET,SUCCESS,2026-07-09 15:05:47.929106
T007772,C0072,M0002,14190.18,WALLET,SUCCESS,2026-08-26 05:43:43.154313
T007773,C0123,M0017,47469.36,NET_BANKING,SUCCESS,2026-07-03 04:10:28.770554
T007774,C0342,M0021,22196.98,CARD,SUCCESS,2026-06-11 20:37:58.789062
T007775,C0001,M0013,44238.65,WALLET,SUCCESS,2026-06-28 13:49:29.249955
T007776,C0268,M0034,21906.47,NET_BANKING,SUCCESS,2026-09-03 18:44:49.116420
T007777,C0175,M0019,44869.04,UPI,SUCCESS,2026-08-09 09:19:04.694552
T007778,C0195,M0006,19155.04,NET_BANKING,SUCCESS,2026-07-06 01:31:23.109131
T007779,C0285,M0023,21993.45,CARD,SUCCESS,2026-06-14 09:14:10.495928
T007780,C0447,M0030,19383.47,CARD,PENDING,2026-08-09 03:27:42.457071
T007781,C0098,M0047,20620.89,NET_BANKING,SUCCESS,2026-08-13 03:11:46.098006
T007782,C0382,M0028,4713.72,UPI,SUCCESS,2026-07-25 19:22:09.131689
T007783,C0275,M0012,44031.62,CARD,SUCCESS,2026-07-08 21:09:11.866378
T007784,C0397,M0048,18594.19,NET_BANKING,SUCCESS,2026-06-22 13:12:04.438895
T007785,C0439,M0042,910.37,CARD,SUCCESS,2026-07-30 18:02:58.510495
T007786,C0340,M0044,30867.67,CARD,FAILED,2026-08-15 13:13:49.166019
T007787,C0395,M0006,13504.9,NET_BANKING,SUCCESS,2026-07-04 12:43:20.477358
T007788,C0017,M0013,30132.26,NET_BANKING,SUCCESS,2026-06-29 07:22:12.516078
T007789,C0146,M0016,47455.28,NET_BANKING,SUCCESS,2026-08-29 02:45:02.050551
T007790,C0041,M0018,30138.92,NET_BANKING,SUCCESS,2026-07-20 18:18:01.333249
T007791,C0389,M0047,43456.95,CARD,SUCCESS,2026-07-31 11:24:44.516395
T007792,C0434,M0037,41720.54,WALLET,SUCCESS,2026-08-13 21:01:31.649791
T007793,C0361,M0030,25962.61,WALLET,FAILED,2026-07-21 10:04:44.538656
T007794,C0261,M0049,26287.4,UPI,SUCCESS,2026-06-25 06:54:26.500083
T007795,C0072,M0038,15924.99,NET_BANKING,SUCCESS,2026-08-19 21:34:15.121097
T007796,C0240,M0045,2403.79,UPI,SUCCESS,2026-07-01 07:58:12.113808
T007797,C0114,M0007,41492.38,WALLET,SUCCESS,2026-08-18 05:30:07.621958
T007798,C0250,M0006,16036.21,UPI,FAILED,2026-08-07 13:45:14.765956
T007799,C0349,M0029,25771.36,UPI,SUCCESS,2026-06-21 19:44:21.096748
T007800,C0442,M0027,46098.48,WALLET,SUCCESS,2026-06-09 00:23:32.198446
T007801,C0035,M0049,28755.8,UPI,SUCCESS,2026-06-28 10:55:04.499114
T007802,C0115,M0016,35393.3,NET_BANKING,FAILED,2026-08-04 00:27:15.163675
T007803,C0026,M0004,20271.68,CARD,PENDING,2026-08-05 23:49:52.827422
T007804,C0021,M0024,43895.32,NET_BANKING,FAILED,2026-06-11 13:01:45.778300
T007805,C0087,M0048,18734.47,WALLET,FAILED,2026-08-11 13:49:37.649812
T007806,C0158,M0035,37225.47,NET_BANKING,SUCCESS,2026-06-11 19:16:07.957004
T007807,C0476,M0047,8081.71,CARD,SUCCESS,2026-06-10 19:53:00.714745
T007808,C0119,M0032,46217.27,NET_BANKING,SUCCESS,2026-07-14 23:53:13.798465
T007809,C0488,M0006,28752.22,CARD,SUCCESS,2026-06-25 00:06:58.412246
T007810,C0497,M0025,38543.33,NET_BANKING,SUCCESS,2026-08-18 08:31:03.599965
T007811,C0495,M0050,24231.31,CARD,SUCCESS,2026-09-05 02:44:31.193527
T007812,C0040,M0015,45723.03,NET_BANKING,FAILED,2026-07-28 12:55:34.332999
T007813,C0412,M0038,1438.22,CARD,SUCCESS,2026-07-16 21:58:57.461309
T007814,C0330,M0005,7925.93,CARD,SUCCESS,2026-08-04 00:52:26.348536
T007815,C0425,M0044,5423.0,NET_BANKING,SUCCESS,2026-07-25 19:42:10.010303
T007816,C0399,M0023,31794.18,WALLET,SUCCESS,2026-07-10 04:43:21.972776
T007817,C0107,M0009,26267.39,CARD,SUCCESS,2026-07-14 04:29:29.803418
T007818,C0270,M0011,28465.1,WALLET,SUCCESS,2026-07-10 15:00:50.332226
T007819,C0098,M0044,11876.42,WALLET,SUCCESS,2026-07-20 23:11:29.424267
T007820,C0490,M0004,7776.95,CARD,SUCCESS,2026-08-16 07:34:22.563432
T007821,C0322,M0018,30700.92,WALLET,SUCCESS,2026-07-06 03:00:24.915452
T007822,C0040,M0044,10694.34,CARD,SUCCESS,2026-07-28 14:06:18.827399
T007823,C0183,M0043,42430.3,NET_BANKING,SUCCESS,2026-06-23 17:42:58.384999
T007824,C0265,M0031,26548.37,UPI,FAILED,2026-06-23 20:43:11.669380
T007825,C0257,M0016,23316.61,UPI,SUCCESS,2026-09-05 07:02:15.743244
T007826,C0034,M0039,10262.31,CARD,SUCCESS,2026-07-08 08:59:48.643684
T007827,C0132,M0030,42289.81,CARD,SUCCESS,2026-06-13 12:40:41.475642
T007828,C0389,M0047,22274.32,UPI,SUCCESS,2026-08-22 23:43:48.798271
T007829,C0174,M0047,12778.35,UPI,SUCCESS,2026-06-27 16:48:43.307828
T007830,C0296,M0016,36527.44,UPI,SUCCESS,2026-07-21 12:13:23.127072
T007831,C0082,M0039,29463.23,WALLET,FAILED,2026-07-06 08:35:21.557472
T007832,C0427,M0002,4641.41,NET_BANKING,SUCCESS,2026-08-18 10:58:00.942690
T007833,C0248,M0024,41043.12,CARD,PENDING,2026-08-26 08:52:09.889372
T007834,C0266,M0041,35249.05,UPI,SUCCESS,2026-06-26 16:51:39.244008
T007835,C0294,M0046,3340.68,UPI,SUCCESS,2026-06-18 03:30:44.613834
T007836,C0381,M0002,18307.86,NET_BANKING,SUCCESS,2026-06-22 10:51:58.766541
T007837,C0078,M0031,40063.6,NET_BANKING,SUCCESS,2026-07-17 15:00:33.840212
T007838,C0135,M0022,13633.9,WALLET,FAILED,2026-08-24 22:00:40.788404
T007839,C0461,M0010,17502.65,WALLET,SUCCESS,2026-07-19 13:45:08.493927
T007840,C0489,M0050,29299.07,CARD,PENDING,2026-07-17 03:49:42.464336
T007841,C0178,M0019,517.25,UPI,PENDING,2026-06-20 10:41:18.023230
T007842,C0406,M0050,32463.42,UPI,SUCCESS,2026-08-26 17:45:28.360704
T007843,C0138,M0004,38510.41,WALLET,SUCCESS,2026-08-03 06:42:43.314583
T007844,C0063,M0044,7206.56,WALLET,SUCCESS,2026-07-18 20:00:25.219790
T007845,C0032,M0005,30698.44,NET_BANKING,SUCCESS,2026-07-05 12:40:41.870083
T007846,C0326,M0003,18841.05,CARD,SUCCESS,2026-08-14 01:14:51.243404
T007847,C0480,M0012,26354.3,UPI,SUCCESS,2026-07-04 18:04:26.218273
T007848,C0063,M0045,12597.39,WALLET,SUCCESS,2026-06-09 16:47:38.225237
T007849,C0479,M0018,31224.73,NET_BANKING,SUCCESS,2026-07-10 14:29:54.576472
T007850,C0351,M0026,36801.16,CARD,SUCCESS,2026-09-01 20:20:51.174479
T007851,C0364,M0008,25070.08,NET_BANKING,SUCCESS,2026-08-09 09:42:41.694782
T007852,C0004,M0028,27784.34,UPI,SUCCESS,2026-07-19 15:21:17.369632
T007853,C0102,M0048,29985.54,NET_BANKING,SUCCESS,2026-08-28 20:30:35.255343
T007854,C0414,M0037,1170.46,WALLET,FAILED,2026-06-29 03:19:58.902531
T007855,C0241,M0044,33021.57,NET_BANKING,SUCCESS,2026-07-30 23:16:06.738311
T007856,C0135,M0024,37133.59,CARD,SUCCESS,2026-08-07 14:38:59.772938
T007857,C0083,M0045,4643.7,UPI,SUCCESS,2026-07-19 02:43:33.240058
T007858,C0210,M0029,31748.18,NET_BANKING,SUCCESS,2026-07-25 07:23:14.802719
T007859,C0022,M0035,5802.36,CARD,FAILED,2026-07-01 03:46:55.067724
T007860,C0075,M0031,15982.5,CARD,SUCCESS,2026-08-24 19:21:35.590228
T007861,C0321,M0038,47493.8,NET_BANKING,PENDING,2026-09-04 13:33:15.392701
T007862,C0361,M0010,27289.25,NET_BANKING,SUCCESS,2026-08-26 00:43:39.644695
T007863,C0116,M0026,24161.24,WALLET,SUCCESS,2026-06-25 00:14:21.749831
T007864,C0101,M0013,11972.94,CARD,SUCCESS,2026-06-20 00:51:48.974261
T007865,C0191,M0036,38415.67,UPI,SUCCESS,2026-07-18 20:08:10.096636
T007866,C0411,M0025,7439.78,NET_BANKING,SUCCESS,2026-07-02 20:45:57.599365
T007867,C0094,M0018,38096.07,UPI,SUCCESS,2026-09-05 04:20:02.647482
T007868,C0484,M0021,32176.83,CARD,SUCCESS,2026-06-22 15:12:59.504564
T007869,C0246,M0036,3804.03,CARD,SUCCESS,2026-07-06 02:17:57.613302
T007870,C0323,M0004,2003.13,NET_BANKING,FAILED,2026-07-08 01:03:33.099085
T007871,C0283,M0049,30617.88,NET_BANKING,SUCCESS,2026-07-01 20:31:58.815640
T007872,C0433,M0026,8924.13,WALLET,PENDING,2026-06-13 18:14:18.829714
T007873,C0222,M0043,48626.93,WALLET,SUCCESS,2026-07-10 13:56:39.357087
T007874,C0211,M0034,40067.93,NET_BANKING,SUCCESS,2026-08-12 00:31:02.477304
T007875,C0379,M0049,22679.14,NET_BANKING,SUCCESS,2026-07-16 01:05:35.849237
T007876,C0212,M0027,29363.68,UPI,PENDING,2026-06-11 09:32:52.049875
T007877,C0220,M0015,35189.23,WALLET,SUCCESS,2026-09-03 15:43:29.282074
T007878,C0316,M0011,22946.07,WALLET,SUCCESS,2026-07-11 18:06:17.259926
T007879,C0101,M0012,13411.92,UPI,SUCCESS,2026-06-15 18:27:49.445262
T007880,C0180,M0033,48810.6,UPI,PENDING,2026-08-05 17:47:32.640063
T007881,C0292,M0003,27545.06,WALLET,SUCCESS,2026-08-15 15:39:31.554731
T007882,C0177,M0037,6147.48,NET_BANKING,SUCCESS,2026-08-04 00:11:41.361479
T007883,C0225,M0033,24345.5,CARD,SUCCESS,2026-08-23 00:08:29.665342
T007884,C0125,M0003,47823.91,UPI,SUCCESS,2026-08-14 19:37:07.097870
T007885,C0460,M0030,10816.92,CARD,SUCCESS,2026-07-05 08:04:21.621484
T007886,C0017,M0034,38853.36,UPI,SUCCESS,2026-07-27 11:46:01.782410
T007887,C0127,M0044,22885.67,NET_BANKING,SUCCESS,2026-08-12 12:17:01.292643
T007888,C0312,M0008,12932.07,NET_BANKING,FAILED,2026-07-09 13:04:41.464430
T007889,C0005,M0014,9857.48,CARD,SUCCESS,2026-08-14 12:29:44.671408
T007890,C0377,M0001,46041.75,WALLET,SUCCESS,2026-07-02 01:04:55.558687
T007891,C0210,M0048,38898.02,WALLET,SUCCESS,2026-07-16 09:03:30.277385
T007892,C0137,M0034,16415.16,CARD,SUCCESS,2026-07-03 16:14:48.410271
T007893,C0345,M0015,17049.97,CARD,SUCCESS,2026-06-15 17:57:28.267343
T007894,C0188,M0037,27330.59,CARD,SUCCESS,2026-07-28 01:19:57.417336
T007895,C0237,M0029,35034.52,CARD,SUCCESS,2026-08-03 02:00:36.086069
T007896,C0417,M0006,22414.95,NET_BANKING,SUCCESS,2026-07-18 17:51:42.273825
T007897,C0240,M0050,30158.83,WALLET,SUCCESS,2026-07-11 01:47:26.497852
T007898,C0231,M0044,41889.99,WALLET,SUCCESS,2026-07-10 05:39:25.996464
T007899,C0183,M0024,43107.81,UPI,SUCCESS,2026-08-28 04:19:50.507004
T007900,C0444,M0042,41006.65,WALLET,SUCCESS,2026-06-11 22:12:40.429221
T007901,C0483,M0003,17271.69,WALLET,FAILED,2026-06-29 09:33:57.418928
T007902,C0123,M0016,35448.39,NET_BANKING,SUCCESS,2026-08-11 04:20:28.332898
T007903,C0037,M0006,1074.66,UPI,SUCCESS,2026-07-12 17:59:38.107237
T007904,C0223,M0022,32232.27,CARD,SUCCESS,2026-07-26 02:33:47.838379
T007905,C0478,M0016,1631.65,NET_BANKING,SUCCESS,2026-07-07 15:01:31.875757
T007906,C0471,M0043,10162.47,NET_BANKING,SUCCESS,2026-08-09 19:13:29.922656
T007907,C0273,M0048,12791.08,WALLET,SUCCESS,2026-08-18 22:23:06.439826
T007908,C0413,M0031,45325.11,CARD,SUCCESS,2026-06-20 05:39:21.598818
T007909,C0187,M0048,17144.62,WALLET,SUCCESS,2026-08-21 12:08:46.695756
T007910,C0189,M0005,39230.08,NET_BANKING,PENDING,2026-06-25 16:44:08.183898
T007911,C0284,M0025,25923.8,CARD,FAILED,2026-08-13 03:11:25.420697
T007912,C0403,M0021,22007.76,WALLET,SUCCESS,2026-07-25 23:03:46.429105
T007913,C0344,M0022,20526.56,WALLET,SUCCESS,2026-07-06 13:15:20.780416
T007914,C0078,M0031,23108.81,NET_BANKING,PENDING,2026-09-05 02:07:05.385378
T007915,C0109,M0042,42807.11,UPI,FAILED,2026-07-07 02:46:34.797659
T007916,C0470,M0032,33551.27,UPI,FAILED,2026-06-11 11:10:38.865643
T007917,C0201,M0014,9473.09,NET_BANKING,PENDING,2026-06-16 17:31:40.519283
T007918,C0424,M0022,12058.85,UPI,SUCCESS,2026-07-17 05:45:51.631422
T007919,C0238,M0013,37829.35,NET_BANKING,SUCCESS,2026-08-01 15:29:49.809366
T007920,C0200,M0050,38767.71,NET_BANKING,SUCCESS,2026-06-19 01:10:14.884450
T007921,C0043,M0049,23087.79,WALLET,SUCCESS,2026-06-11 07:10:01.568654
T007922,C0375,M0038,43030.63,WALLET,SUCCESS,2026-06-14 20:48:35.322194
T007923,C0254,M0037,30996.1,UPI,SUCCESS,2026-06-15 06:28:33.085842
T007924,C0164,M0044,20310.64,CARD,SUCCESS,2026-06-27 04:53:35.045548
T007925,C0071,M0007,31882.22,WALLET,SUCCESS,2026-06-23 23:21:54.807068
T007926,C0090,M0050,45999.07,WALLET,SUCCESS,2026-08-25 12:39:20.632374
T007927,C0322,M0016,6114.12,CARD,SUCCESS,2026-08-20 04:39:05.329350
T007928,C0220,M0023,17586.6,UPI,SUCCESS,2026-07-04 22:23:33.192933
T007929,C0395,M0030,24836.0,NET_BANKING,SUCCESS,2026-07-20 17:10:27.308209
T007930,C0220,M0046,16993.11,NET_BANKING,PENDING,2026-06-22 04:33:10.651592
T007931,C0376,M0002,44920.08,UPI,PENDING,2026-06-09 16:00:52.832823
T007932,C0319,M0011,37074.59,UPI,FAILED,2026-08-27 06:21:25.282655
T007933,C0332,M0042,10333.53,NET_BANKING,SUCCESS,2026-08-02 17:09:08.199895
T007934,C0019,M0043,12017.81,CARD,SUCCESS,2026-06-17 17:46:20.470390
T007935,C0268,M0043,39892.9,WALLET,SUCCESS,2026-07-09 08:51:37.064024
T007936,C0079,M0029,38310.21,NET_BANKING,SUCCESS,2026-07-10 01:04:33.887741
T007937,C0074,M0046,42748.24,NET_BANKING,SUCCESS,2026-06-19 10:28:28.967167
T007938,C0300,M0045,27882.48,UPI,SUCCESS,2026-06-26 14:02:42.350472
T007939,C0329,M0042,43795.12,CARD,SUCCESS,2026-08-08 18:49:55.172865
T007940,C0390,M0021,41035.4,CARD,SUCCESS,2026-08-25 15:27:25.589784
T007941,C0068,M0028,20689.42,CARD,SUCCESS,2026-06-23 02:35:15.851631
T007942,C0376,M0007,44611.33,WALLET,SUCCESS,2026-06-24 19:33:35.089308
T007943,C0191,M0010,21876.98,UPI,PENDING,2026-07-13 12:09:52.870095
T007944,C0031,M0018,2474.23,WALLET,SUCCESS,2026-06-12 04:15:20.416901
T007945,C0298,M0012,49855.06,CARD,SUCCESS,2026-08-25 07:24:16.484696
T007946,C0160,M0030,26462.06,WALLET,SUCCESS,2026-07-17 10:43:00.010944
T007947,C0281,M0039,33457.38,CARD,SUCCESS,2026-07-27 10:47:30.109606
T007948,C0286,M0010,14246.16,CARD,SUCCESS,2026-07-06 22:27:06.729258
T007949,C0076,M0029,47061.65,NET_BANKING,SUCCESS,2026-06-11 00:41:39.995675
T007950,C0485,M0004,38806.25,CARD,SUCCESS,2026-09-03 02:33:40.152853
T007951,C0157,M0028,18424.76,UPI,SUCCESS,2026-08-25 22:58:17.313048
T007952,C0100,M0026,21285.33,UPI,FAILED,2026-07-23 02:48:31.722210
T007953,C0324,M0012,36941.45,CARD,SUCCESS,2026-07-09 22:34:46.010562
T007954,C0062,M0037,23574.88,NET_BANKING,SUCCESS,2026-08-16 06:06:06.050194
T007955,C0132,M0005,20497.01,CARD,SUCCESS,2026-07-18 07:40:22.097776
T007956,C0135,M0042,31227.91,UPI,FAILED,2026-06-22 12:29:47.524638
T007957,C0200,M0034,29349.52,WALLET,SUCCESS,2026-08-19 09:35:39.493499
T007958,C0056,M0021,15763.37,NET_BANKING,SUCCESS,2026-06-26 04:45:20.059331
T007959,C0449,M0001,7006.16,NET_BANKING,PENDING,2026-08-08 00:16:31.971322
T007960,C0450,M0041,15391.45,UPI,SUCCESS,2026-08-07 01:47:05.384039
T007961,C0077,M0032,26188.61,CARD,PENDING,2026-07-30 18:58:42.537649
T007962,C0335,M0036,14556.85,WALLET,SUCCESS,2026-08-15 14:39:42.738466
T007963,C0415,M0038,36856.12,UPI,SUCCESS,2026-06-21 16:47:55.070204
T007964,C0168,M0017,23302.89,NET_BANKING,SUCCESS,2026-06-10 23:32:32.462230
T007965,C0228,M0036,14886.67,WALLET,SUCCESS,2026-06-17 18:20:05.322498
T007966,C0262,M0004,3848.9,NET_BANKING,SUCCESS,2026-06-11 13:29:27.596761
T007967,C0058,M0034,21220.22,WALLET,SUCCESS,2026-09-03 06:02:01.307948
T007968,C0019,M0030,36022.14,WALLET,SUCCESS,2026-07-28 17:26:05.935416
T007969,C0019,M0003,9877.49,CARD,PENDING,2026-06-25 01:32:59.653708
T007970,C0328,M0030,32363.01,WALLET,SUCCESS,2026-07-17 11:50:41.818583
T007971,C0409,M0024,942.74,UPI,SUCCESS,2026-07-12 06:45:58.558762
T007972,C0139,M0005,971.29,UPI,SUCCESS,2026-08-08 00:23:56.929030
T007973,C0375,M0002,10331.94,UPI,SUCCESS,2026-07-30 12:48:48.148148
T007974,C0350,M0011,46415.4,NET_BANKING,SUCCESS,2026-08-11 18:44:13.796881
T007975,C0219,M0033,46899.7,WALLET,SUCCESS,2026-07-06 02:15:54.454652
T007976,C0364,M0014,48845.72,CARD,SUCCESS,2026-08-26 20:22:55.247792
T007977,C0381,M0047,1912.37,NET_BANKING,SUCCESS,2026-08-21 17:54:06.017115
T007978,C0254,M0018,49705.28,UPI,SUCCESS,2026-08-19 02:48:57.971920
T007979,C0419,M0019,22543.43,NET_BANKING,SUCCESS,2026-07-08 17:13:38.288748
T007980,C0473,M0002,36861.97,UPI,PENDING,2026-06-25 09:25:40.618539
T007981,C0002,M0015,20260.09,UPI,SUCCESS,2026-06-17 11:24:47.599888
T007982,C0295,M0009,46924.77,CARD,SUCCESS,2026-06-29 12:04:13.687119
T007983,C0201,M0022,3711.8,CARD,SUCCESS,2026-08-10 01:42:36.925991
T007984,C0187,M0018,32833.19,CARD,FAILED,2026-08-09 11:39:21.899272
T007985,C0319,M0047,38178.52,UPI,SUCCESS,2026-07-28 14:20:49.711065
T007986,C0461,M0014,24418.75,CARD,SUCCESS,2026-06-22 09:04:15.029439
T007987,C0470,M0031,43465.52,NET_BANKING,SUCCESS,2026-07-25 10:13:57.317297
T007988,C0196,M0045,21779.64,CARD,SUCCESS,2026-07-21 04:25:30.637624
T007989,C0224,M0050,1170.45,UPI,SUCCESS,2026-08-19 22:54:48.240638
T007990,C0258,M0015,26281.19,NET_BANKING,SUCCESS,2026-08-11 12:46:51.713356
T007991,C0180,M0038,1242.12,NET_BANKING,SUCCESS,2026-06-09 00:27:04.136468
T007992,C0318,M0002,48606.66,WALLET,FAILED,2026-07-19 10:15:20.985013
T007993,C0470,M0041,20262.39,NET_BANKING,SUCCESS,2026-07-09 14:39:53.418109
T007994,C0125,M0013,21970.81,UPI,SUCCESS,2026-08-11 01:50:52.898443
T007995,C0234,M0007,9557.94,WALLET,SUCCESS,2026-06-26 06:38:11.612475
T007996,C0240,M0026,30949.36,CARD,SUCCESS,2026-08-21 06:49:05.535519
T007997,C0080,M0048,29391.56,UPI,SUCCESS,2026-06-18 22:33:09.538944
T007998,C0354,M0012,2297.36,WALLET,SUCCESS,2026-08-30 13:41:38.065946
T007999,C0099,M0028,30020.61,UPI,SUCCESS,2026-06-30 02:06:36.271271
T008000,C0132,M0033,44844.86,WALLET,SUCCESS,2026-06-13 04:03:34.550749
T008001,C0256,M0045,8125.52,CARD,SUCCESS,2026-08-15 04:09:55.511968
T008002,C0489,M0002,43946.53,UPI,SUCCESS,2026-08-03 23:58:26.086926
T008003,C0458,M0020,34678.98,NET_BANKING,SUCCESS,2026-06-24 05:49:09.852520
T008004,C0248,M0040,19696.86,WALLET,FAILED,2026-08-14 23:34:49.688818
T008005,C0490,M0047,17603.88,NET_BANKING,SUCCESS,2026-08-05 12:12:06.595574
T008006,C0374,M0047,7809.39,UPI,SUCCESS,2026-09-05 12:01:31.695867
T008007,C0367,M0033,18493.9,CARD,SUCCESS,2026-07-08 21:47:39.264583
T008008,C0054,M0012,4488.68,NET_BANKING,SUCCESS,2026-07-01 12:59:09.229151
T008009,C0403,M0048,22015.71,UPI,SUCCESS,2026-06-17 20:33:15.620981
T008010,C0128,M0026,45270.78,UPI,SUCCESS,2026-07-09 09:49:16.250080
T008011,C0024,M0036,5186.11,UPI,SUCCESS,2026-07-23 18:11:08.119526
T008012,C0403,M0006,16183.37,WALLET,SUCCESS,2026-07-15 22:43:23.029979
T008013,C0045,M0003,30385.84,NET_BANKING,SUCCESS,2026-08-08 14:55:31.382769
T008014,C0005,M0049,47149.82,UPI,SUCCESS,2026-07-17 15:31:30.851212
T008015,C0397,M0015,26031.47,CARD,SUCCESS,2026-08-28 01:28:12.213705
T008016,C0235,M0033,6118.09,UPI,SUCCESS,2026-08-22 10:07:11.696826
T008017,C0144,M0046,47197.03,UPI,SUCCESS,2026-07-29 06:46:49.248177
T008018,C0088,M0009,40672.97,UPI,PENDING,2026-07-13 09:08:19.264026
T008019,C0370,M0001,3602.93,UPI,FAILED,2026-08-17 09:42:21.470040
T008020,C0407,M0030,23639.0,NET_BANKING,SUCCESS,2026-07-26 05:57:38.814521
T008021,C0260,M0011,6354.32,CARD,FAILED,2026-08-06 01:12:15.878438
T008022,C0176,M0022,14949.35,CARD,SUCCESS,2026-07-04 10:39:11.863878
T008023,C0149,M0035,43180.04,UPI,SUCCESS,2026-07-20 18:27:36.121675
T008024,C0016,M0026,30571.93,UPI,SUCCESS,2026-06-11 18:40:59.254721
T008025,C0450,M0030,21410.3,NET_BANKING,PENDING,2026-07-04 05:07:50.109827
T008026,C0218,M0047,12101.82,CARD,SUCCESS,2026-06-18 11:37:01.954908
T008027,C0014,M0048,21162.55,NET_BANKING,SUCCESS,2026-06-23 18:05:43.374803
T008028,C0123,M0010,45509.58,UPI,SUCCESS,2026-06-08 19:45:01.319975
T008029,C0242,M0015,22607.04,UPI,SUCCESS,2026-08-14 06:16:21.038305
T008030,C0335,M0044,9098.34,CARD,SUCCESS,2026-07-11 09:06:21.973433
T008031,C0197,M0030,2121.88,UPI,SUCCESS,2026-08-30 01:13:59.831056
T008032,C0055,M0014,3523.47,WALLET,SUCCESS,2026-06-12 15:10:53.724623
T008033,C0033,M0002,16771.91,WALLET,SUCCESS,2026-07-18 18:03:49.719749
T008034,C0134,M0047,22189.95,UPI,SUCCESS,2026-07-14 15:46:21.855015
T008035,C0083,M0041,46521.91,NET_BANKING,FAILED,2026-07-20 02:01:50.150097
T008036,C0262,M0046,18905.24,NET_BANKING,SUCCESS,2026-06-08 03:42:51.873119
T008037,C0188,M0030,31444.83,NET_BANKING,SUCCESS,2026-07-16 18:39:58.443434
T008038,C0413,M0003,45992.1,UPI,SUCCESS,2026-09-05 07:01:23.874995
T008039,C0396,M0025,26261.17,WALLET,SUCCESS,2026-08-31 16:38:31.714549
T008040,C0372,M0020,35084.92,WALLET,SUCCESS,2026-08-13 23:23:48.667395
T008041,C0397,M0008,30510.37,CARD,SUCCESS,2026-08-05 14:31:32.121250
T008042,C0360,M0010,31354.21,CARD,SUCCESS,2026-08-14 20:58:39.215144
T008043,C0247,M0033,8530.78,NET_BANKING,SUCCESS,2026-08-01 22:53:10.911868
T008044,C0137,M0027,5273.65,WALLET,SUCCESS,2026-06-29 16:05:41.243065
T008045,C0050,M0027,3979.25,UPI,SUCCESS,2026-08-04 04:05:21.081026
T008046,C0244,M0016,12912.34,NET_BANKING,SUCCESS,2026-07-17 16:58:39.658016
T008047,C0180,M0047,25183.2,CARD,SUCCESS,2026-08-30 00:39:48.141701
T008048,C0420,M0040,24819.88,NET_BANKING,SUCCESS,2026-07-09 11:54:13.249908
T008049,C0094,M0050,2549.75,UPI,FAILED,2026-08-20 02:46:54.251568
T008050,C0321,M0010,29530.22,UPI,SUCCESS,2026-08-23 15:28:23.422526
T008051,C0237,M0028,26957.69,CARD,SUCCESS,2026-08-18 15:25:21.865767
T008052,C0093,M0023,2225.15,WALLET,SUCCESS,2026-07-31 22:36:24.526440
T008053,C0119,M0022,14947.33,NET_BANKING,SUCCESS,2026-08-15 04:50:21.731770
T008054,C0330,M0046,22887.3,CARD,SUCCESS,2026-07-26 17:55:29.951674
T008055,C0215,M0036,35425.48,NET_BANKING,SUCCESS,2026-07-31 09:35:18.226353
T008056,C0040,M0047,33326.2,UPI,SUCCESS,2026-08-01 17:56:47.881235
T008057,C0480,M0022,44781.68,CARD,SUCCESS,2026-08-13 14:07:59.830738
T008058,C0194,M0046,9534.54,WALLET,SUCCESS,2026-06-22 07:24:19.344966
T008059,C0022,M0030,4962.83,CARD,SUCCESS,2026-08-11 20:06:23.902974
T008060,C0499,M0005,12729.46,WALLET,SUCCESS,2026-08-10 16:04:21.506728
T008061,C0041,M0035,49858.06,WALLET,SUCCESS,2026-06-22 15:53:35.697764
T008062,C0387,M0038,29629.27,CARD,SUCCESS,2026-06-10 21:58:43.883652
T008063,C0155,M0025,8664.5,CARD,FAILED,2026-08-20 21:01:08.333073
T008064,C0425,M0040,37351.69,UPI,SUCCESS,2026-07-31 18:56:37.312487
T008065,C0122,M0042,20689.12,WALLET,SUCCESS,2026-08-12 12:03:58.152217
T008066,C0408,M0033,47969.66,CARD,SUCCESS,2026-07-26 09:50:14.785150
T008067,C0119,M0028,33344.08,NET_BANKING,SUCCESS,2026-08-13 20:06:15.225477
T008068,C0481,M0019,28852.74,UPI,SUCCESS,2026-08-08 06:54:51.495463
T008069,C0026,M0039,36529.22,CARD,SUCCESS,2026-07-22 21:28:57.109053
T008070,C0022,M0003,17661.1,CARD,SUCCESS,2026-06-18 11:54:43.719489
T008071,C0494,M0026,11417.19,NET_BANKING,SUCCESS,2026-07-20 10:09:08.905772
T008072,C0433,M0031,28290.09,UPI,SUCCESS,2026-06-24 01:38:00.891599
T008073,C0088,M0033,49572.19,UPI,SUCCESS,2026-08-21 11:41:33.201607
T008074,C0350,M0011,16706.01,CARD,SUCCESS,2026-07-10 22:25:38.589678
T008075,C0355,M0009,32865.32,CARD,SUCCESS,2026-06-09 11:15:41.748784
T008076,C0086,M0044,29955.91,CARD,FAILED,2026-08-22 05:23:44.059504
T008077,C0359,M0015,20636.47,UPI,SUCCESS,2026-09-03 19:01:31.434577
T008078,C0004,M0032,49168.12,UPI,SUCCESS,2026-06-19 07:51:44.463708
T008079,C0318,M0034,41397.49,UPI,SUCCESS,2026-06-16 18:08:07.784872
T008080,C0408,M0037,24474.6,WALLET,SUCCESS,2026-08-09 08:32:23.512427
T008081,C0088,M0002,5460.2,WALLET,SUCCESS,2026-06-11 17:11:44.807195
T008082,C0168,M0032,9565.41,WALLET,SUCCESS,2026-07-26 02:08:46.005531
T008083,C0241,M0007,31627.61,WALLET,SUCCESS,2026-07-22 00:28:29.042915
T008084,C0210,M0006,45902.08,CARD,SUCCESS,2026-08-21 17:09:10.027610
T008085,C0433,M0004,36389.57,UPI,SUCCESS,2026-08-31 15:27:00.872793
T008086,C0208,M0033,28396.33,UPI,SUCCESS,2026-08-04 18:47:55.495868
T008087,C0099,M0046,10035.76,CARD,SUCCESS,2026-08-31 07:39:56.082855
T008088,C0142,M0012,36081.03,UPI,SUCCESS,2026-07-13 16:15:34.905965
T008089,C0367,M0029,15457.18,CARD,SUCCESS,2026-06-08 00:12:17.818097
T008090,C0078,M0027,23234.6,CARD,PENDING,2026-07-30 03:19:08.645523
T008091,C0188,M0006,11878.94,NET_BANKING,PENDING,2026-08-21 18:04:42.602082
T008092,C0439,M0003,20483.71,NET_BANKING,SUCCESS,2026-07-16 06:21:12.633709
T008093,C0275,M0026,30910.08,WALLET,SUCCESS,2026-08-28 21:52:40.962294
T008094,C0150,M0042,23740.56,UPI,SUCCESS,2026-08-12 08:34:37.262925
T008095,C0166,M0011,5411.51,NET_BANKING,SUCCESS,2026-09-05 14:35:04.251505
T008096,C0275,M0050,23535.06,NET_BANKING,SUCCESS,2026-06-08 06:47:17.337308
T008097,C0216,M0040,33677.48,CARD,SUCCESS,2026-08-10 02:19:05.811182
T008098,C0165,M0015,13187.18,NET_BANKING,SUCCESS,2026-06-10 12:17:30.490321
T008099,C0128,M0039,32681.85,WALLET,FAILED,2026-07-24 19:51:02.043248
T008100,C0451,M0032,28070.2,CARD,SUCCESS,2026-07-16 06:15:41.167293
T008101,C0194,M0018,35148.54,UPI,SUCCESS,2026-06-19 17:54:59.233221
T008102,C0026,M0049,39234.87,UPI,SUCCESS,2026-06-15 16:31:20.407561
T008103,C0355,M0036,6385.34,CARD,SUCCESS,2026-07-27 06:23:21.293666
T008104,C0478,M0005,49560.22,UPI,SUCCESS,2026-08-28 01:58:32.257837
T008105,C0399,M0025,4270.7,WALLET,SUCCESS,2026-08-21 07:28:24.614276
T008106,C0185,M0045,30881.73,WALLET,FAILED,2026-07-16 14:23:39.982688
T008107,C0259,M0023,32093.39,NET_BANKING,SUCCESS,2026-08-11 17:30:40.910879
T008108,C0188,M0037,9883.34,UPI,SUCCESS,2026-06-09 00:12:58.397078
T008109,C0068,M0001,46989.66,CARD,SUCCESS,2026-07-08 05:26:44.979090
T008110,C0040,M0002,25405.97,CARD,SUCCESS,2026-06-16 11:24:08.116159
T008111,C0371,M0005,5326.18,UPI,SUCCESS,2026-07-03 14:02:42.536674
T008112,C0067,M0041,46232.63,CARD,SUCCESS,2026-07-28 02:30:52.142770
T008113,C0090,M0033,2342.03,WALLET,SUCCESS,2026-06-17 19:07:54.539546
T008114,C0036,M0002,9110.93,UPI,SUCCESS,2026-06-22 04:31:06.568044
T008115,C0301,M0009,42139.08,WALLET,SUCCESS,2026-06-11 08:12:33.763037
T008116,C0430,M0011,20758.2,WALLET,SUCCESS,2026-08-01 11:38:01.861048
T008117,C0018,M0031,12194.48,UPI,SUCCESS,2026-06-09 20:15:55.021000
T008118,C0011,M0012,15190.24,WALLET,SUCCESS,2026-06-22 21:07:15.498699
T008119,C0178,M0021,13448.99,NET_BANKING,SUCCESS,2026-08-22 03:34:00.671801
T008120,C0084,M0017,13846.0,CARD,SUCCESS,2026-07-02 22:44:58.525961
T008121,C0448,M0007,3303.28,NET_BANKING,SUCCESS,2026-07-02 07:59:18.073658
T008122,C0451,M0011,35332.49,NET_BANKING,PENDING,2026-06-13 00:22:04.204009
T008123,C0227,M0030,13445.96,NET_BANKING,SUCCESS,2026-07-31 17:55:51.034119
T008124,C0439,M0016,43550.48,UPI,SUCCESS,2026-08-03 22:17:46.755202
T008125,C0276,M0035,37332.88,NET_BANKING,SUCCESS,2026-06-16 14:46:17.347512
T008126,C0328,M0038,18071.56,NET_BANKING,SUCCESS,2026-09-02 18:02:19.657387
T008127,C0352,M0017,47220.15,CARD,SUCCESS,2026-07-13 00:05:52.850066
T008128,C0467,M0046,29927.45,CARD,SUCCESS,2026-08-13 21:28:50.628891
T008129,C0491,M0019,13978.01,NET_BANKING,SUCCESS,2026-07-31 08:59:13.934027
T008130,C0128,M0038,38616.99,UPI,FAILED,2026-08-07 14:33:58.520342
T008131,C0075,M0025,32390.69,UPI,FAILED,2026-08-08 00:24:14.141399
T008132,C0061,M0048,16368.17,CARD,SUCCESS,2026-06-10 06:44:02.023173
T008133,C0329,M0025,24716.71,WALLET,SUCCESS,2026-08-15 22:20:13.043431
T008134,C0106,M0049,29080.78,UPI,SUCCESS,2026-07-12 14:28:29.718638
T008135,C0412,M0041,26944.33,CARD,SUCCESS,2026-09-04 00:49:39.063547
T008136,C0420,M0048,5569.1,UPI,SUCCESS,2026-08-30 03:40:28.443383
T008137,C0183,M0023,5476.92,UPI,SUCCESS,2026-07-26 21:24:08.224278
T008138,C0494,M0011,41778.22,UPI,SUCCESS,2026-07-04 06:09:53.513958
T008139,C0271,M0044,28639.83,WALLET,FAILED,2026-08-17 17:09:24.658774
T008140,C0284,M0026,34345.05,UPI,SUCCESS,2026-08-30 04:37:29.290067
T008141,C0309,M0006,41402.24,NET_BANKING,SUCCESS,2026-06-23 03:24:11.400657
T008142,C0384,M0004,4611.86,NET_BANKING,SUCCESS,2026-08-29 16:16:40.718578
T008143,C0161,M0021,31433.41,NET_BANKING,SUCCESS,2026-07-20 13:59:04.452884
T008144,C0368,M0033,4172.49,UPI,SUCCESS,2026-08-20 10:43:09.522360
T008145,C0148,M0014,20584.66,CARD,SUCCESS,2026-07-11 12:05:09.614023
T008146,C0281,M0028,28252.75,WALLET,SUCCESS,2026-08-16 09:07:18.402948
T008147,C0456,M0020,35000.28,WALLET,SUCCESS,2026-06-30 06:31:23.242414
T008148,C0382,M0037,18565.89,WALLET,SUCCESS,2026-07-01 17:53:14.849770
T008149,C0134,M0008,2984.08,UPI,SUCCESS,2026-07-20 06:04:26.778547
T008150,C0433,M0040,24586.08,NET_BANKING,SUCCESS,2026-07-25 02:29:39.251639
T008151,C0354,M0001,11328.95,NET_BANKING,SUCCESS,2026-08-08 01:50:52.628562
T008152,C0290,M0021,9033.52,WALLET,SUCCESS,2026-08-18 23:59:12.780653
T008153,C0479,M0023,28867.4,NET_BANKING,SUCCESS,2026-08-23 00:00:54.704459
T008154,C0070,M0004,42973.54,CARD,SUCCESS,2026-07-13 12:34:26.242348
T008155,C0162,M0044,14532.48,WALLET,SUCCESS,2026-06-28 16:49:21.949684
T008156,C0086,M0004,17798.44,WALLET,SUCCESS,2026-06-08 10:31:12.779637
T008157,C0251,M0039,12487.85,NET_BANKING,SUCCESS,2026-06-22 18:31:32.937791
T008158,C0450,M0031,4623.39,NET_BANKING,SUCCESS,2026-08-26 06:25:11.335428
T008159,C0344,M0003,32582.03,WALLET,SUCCESS,2026-08-08 05:40:48.126701
T008160,C0453,M0018,14049.09,UPI,SUCCESS,2026-08-20 10:11:33.386113
T008161,C0209,M0020,6492.74,NET_BANKING,SUCCESS,2026-07-23 16:24:01.530194
T008162,C0014,M0043,28323.6,UPI,SUCCESS,2026-07-01 05:27:25.476883
T008163,C0336,M0035,13744.03,WALLET,SUCCESS,2026-07-17 11:24:14.993395
T008164,C0156,M0041,26680.38,CARD,SUCCESS,2026-06-24 19:59:18.375795
T008165,C0089,M0006,32339.43,WALLET,SUCCESS,2026-07-14 12:44:10.368232
T008166,C0101,M0010,18523.01,NET_BANKING,SUCCESS,2026-06-23 07:47:09.796511
T008167,C0302,M0024,41203.19,NET_BANKING,SUCCESS,2026-08-05 00:37:49.091829
T008168,C0403,M0015,23152.32,UPI,SUCCESS,2026-08-15 10:08:13.964820
T008169,C0420,M0039,17798.33,WALLET,SUCCESS,2026-07-02 06:38:34.008716
T008170,C0475,M0050,11495.1,NET_BANKING,SUCCESS,2026-08-08 18:26:45.207782
T008171,C0036,M0018,19353.14,NET_BANKING,SUCCESS,2026-07-18 17:15:58.780334
T008172,C0098,M0049,23853.1,CARD,PENDING,2026-06-11 12:14:31.213626
T008173,C0295,M0014,10214.2,UPI,FAILED,2026-08-16 03:51:50.037843
T008174,C0303,M0041,46599.2,WALLET,SUCCESS,2026-09-03 04:21:24.765435
T008175,C0337,M0045,13223.37,UPI,SUCCESS,2026-07-02 03:23:35.943351
T008176,C0405,M0021,29045.3,CARD,SUCCESS,2026-07-19 13:32:40.802167
T008177,C0200,M0038,34464.79,CARD,SUCCESS,2026-07-17 14:12:58.215664
T008178,C0171,M0019,37205.48,UPI,SUCCESS,2026-07-04 13:30:32.323533
T008179,C0257,M0002,18584.88,CARD,SUCCESS,2026-06-20 08:03:27.205916
T008180,C0221,M0038,16935.59,WALLET,FAILED,2026-07-11 09:13:15.354375
T008181,C0134,M0011,1926.73,UPI,FAILED,2026-06-12 11:15:27.125325
T008182,C0392,M0045,3425.12,CARD,SUCCESS,2026-07-06 22:15:18.560832
T008183,C0391,M0001,22776.23,UPI,SUCCESS,2026-09-05 03:35:06.034202
T008184,C0499,M0043,41486.45,CARD,SUCCESS,2026-07-16 13:19:18.564217
T008185,C0317,M0032,13263.95,CARD,PENDING,2026-08-19 20:49:11.435636
T008186,C0452,M0025,13294.29,NET_BANKING,SUCCESS,2026-06-12 14:43:10.800844
T008187,C0087,M0010,14927.67,NET_BANKING,SUCCESS,2026-07-17 23:29:22.685765
T008188,C0032,M0047,3278.85,WALLET,SUCCESS,2026-07-08 05:16:30.367429
T008189,C0025,M0026,6351.72,UPI,SUCCESS,2026-08-19 18:38:46.679915
T008190,C0273,M0007,30176.39,CARD,SUCCESS,2026-06-28 11:43:57.149260
T008191,C0178,M0047,27795.95,UPI,SUCCESS,2026-06-27 05:16:59.570410
T008192,C0312,M0034,17111.11,WALLET,SUCCESS,2026-07-29 01:23:33.998518
T008193,C0270,M0043,31072.66,UPI,SUCCESS,2026-07-12 04:23:05.248147
T008194,C0388,M0012,12837.84,NET_BANKING,SUCCESS,2026-07-27 04:27:02.036776
T008195,C0292,M0007,46183.74,NET_BANKING,SUCCESS,2026-08-09 02:14:56.541028
T008196,C0025,M0011,35246.61,NET_BANKING,SUCCESS,2026-06-28 21:57:04.048475
T008197,C0128,M0044,22347.87,WALLET,SUCCESS,2026-08-30 00:21:26.793850
T008198,C0309,M0010,49381.55,UPI,SUCCESS,2026-08-13 17:03:27.541224
T008199,C0378,M0039,27491.98,CARD,SUCCESS,2026-07-16 08:53:47.267995
T008200,C0192,M0004,34691.7,UPI,SUCCESS,2026-08-23 20:28:20.104789
T008201,C0244,M0049,2586.61,CARD,SUCCESS,2026-08-25 18:46:18.384541
T008202,C0174,M0012,24083.05,CARD,SUCCESS,2026-07-24 13:04:03.801871
T008203,C0303,M0010,545.69,WALLET,FAILED,2026-08-29 11:06:10.740413
T008204,C0450,M0012,48126.57,NET_BANKING,SUCCESS,2026-07-12 11:03:23.327218
T008205,C0120,M0016,11490.24,NET_BANKING,FAILED,2026-08-06 17:48:50.295962
T008206,C0399,M0047,34680.22,WALLET,SUCCESS,2026-08-29 17:48:05.061480
T008207,C0221,M0004,45715.06,CARD,SUCCESS,2026-07-15 02:46:24.479042
T008208,C0182,M0023,42332.84,NET_BANKING,SUCCESS,2026-07-30 09:00:21.050835
T008209,C0363,M0007,7481.56,UPI,SUCCESS,2026-07-19 21:19:00.834338
T008210,C0213,M0040,6363.93,WALLET,SUCCESS,2026-08-15 08:04:04.015660
T008211,C0259,M0011,36479.58,WALLET,SUCCESS,2026-06-10 09:16:54.486833
T008212,C0409,M0021,28341.18,UPI,SUCCESS,2026-07-06 10:03:25.003640
T008213,C0235,M0018,13197.87,WALLET,SUCCESS,2026-07-09 23:55:36.384425
T008214,C0124,M0005,35886.17,UPI,FAILED,2026-09-01 03:58:02.367457
T008215,C0474,M0036,4202.67,WALLET,SUCCESS,2026-07-21 17:00:43.235491
T008216,C0145,M0042,6131.59,WALLET,SUCCESS,2026-08-31 19:00:06.423691
T008217,C0405,M0007,4771.3,NET_BANKING,SUCCESS,2026-06-15 12:36:30.075653
T008218,C0116,M0042,5562.41,UPI,PENDING,2026-07-27 07:36:12.844087
T008219,C0380,M0021,27668.21,NET_BANKING,SUCCESS,2026-08-26 19:55:21.722209
T008220,C0212,M0003,44945.36,CARD,SUCCESS,2026-08-29 09:58:01.918202
T008221,C0334,M0008,46551.63,UPI,SUCCESS,2026-08-25 09:35:08.077257
T008222,C0166,M0007,12048.11,UPI,SUCCESS,2026-07-01 21:42:34.539083
T008223,C0456,M0034,36788.18,CARD,SUCCESS,2026-08-06 03:19:11.834339
T008224,C0093,M0037,9302.14,NET_BANKING,SUCCESS,2026-07-13 07:47:57.369919
T008225,C0435,M0049,26669.26,NET_BANKING,SUCCESS,2026-07-10 18:12:50.844798
T008226,C0198,M0048,3084.42,WALLET,SUCCESS,2026-08-27 18:54:38.980770
T008227,C0191,M0049,26637.02,UPI,SUCCESS,2026-07-17 05:43:57.984870
T008228,C0023,M0024,49647.43,WALLET,SUCCESS,2026-08-13 06:32:45.199059
T008229,C0305,M0041,11805.19,NET_BANKING,SUCCESS,2026-07-24 01:52:15.108114
T008230,C0096,M0002,23126.72,WALLET,SUCCESS,2026-08-09 08:53:35.484692
T008231,C0107,M0011,33434.44,NET_BANKING,FAILED,2026-06-27 16:08:41.031552
T008232,C0178,M0025,6799.73,NET_BANKING,FAILED,2026-06-15 17:58:18.830756
T008233,C0374,M0002,45422.44,CARD,SUCCESS,2026-07-16 12:38:34.838496
T008234,C0255,M0047,2721.15,UPI,SUCCESS,2026-06-28 02:23:22.170078
T008235,C0432,M0033,30369.42,CARD,SUCCESS,2026-07-19 20:23:00.209129
T008236,C0393,M0042,38115.04,UPI,SUCCESS,2026-07-27 21:54:16.434534
T008237,C0395,M0030,25586.3,CARD,SUCCESS,2026-08-06 09:40:17.743781
T008238,C0275,M0024,43770.53,UPI,SUCCESS,2026-07-22 09:19:27.855517
T008239,C0154,M0010,29177.36,NET_BANKING,SUCCESS,2026-07-31 16:42:14.187943
T008240,C0490,M0033,44567.76,CARD,SUCCESS,2026-06-15 23:22:04.688970
T008241,C0152,M0044,6234.68,NET_BANKING,SUCCESS,2026-06-12 13:42:19.258984
T008242,C0065,M0002,3862.86,NET_BANKING,SUCCESS,2026-07-03 20:28:17.880895
T008243,C0471,M0049,9139.16,NET_BANKING,FAILED,2026-08-21 04:02:21.929516
T008244,C0497,M0007,32808.18,UPI,SUCCESS,2026-08-21 02:13:46.513388
T008245,C0036,M0040,23725.9,NET_BANKING,SUCCESS,2026-06-23 06:57:50.727724
T008246,C0034,M0003,7781.47,NET_BANKING,SUCCESS,2026-09-02 13:05:19.078687
T008247,C0050,M0050,38359.54,CARD,SUCCESS,2026-08-29 06:20:53.264607
T008248,C0020,M0018,45376.92,NET_BANKING,SUCCESS,2026-08-02 09:33:57.304774
T008249,C0068,M0037,24532.3,UPI,SUCCESS,2026-07-25 21:14:29.263629
T008250,C0294,M0033,11382.96,NET_BANKING,SUCCESS,2026-07-16 14:29:20.511319
T008251,C0149,M0004,2541.69,NET_BANKING,SUCCESS,2026-07-30 21:54:58.927232
T008252,C0424,M0043,35753.74,WALLET,SUCCESS,2026-08-01 18:34:32.583319
T008253,C0226,M0044,4789.61,NET_BANKING,SUCCESS,2026-07-19 18:40:28.157743
T008254,C0039,M0022,3457.27,CARD,SUCCESS,2026-07-10 10:48:44.265084
T008255,C0182,M0048,29376.21,WALLET,SUCCESS,2026-08-14 04:43:39.926844
T008256,C0326,M0021,41727.17,CARD,SUCCESS,2026-07-16 04:15:37.355258
T008257,C0298,M0013,23592.2,WALLET,SUCCESS,2026-08-19 14:10:41.931776
T008258,C0263,M0011,30096.18,UPI,SUCCESS,2026-07-29 21:41:52.549061
T008259,C0332,M0047,4226.16,WALLET,SUCCESS,2026-06-25 06:22:57.246503
T008260,C0245,M0031,45226.52,UPI,SUCCESS,2026-07-13 18:55:06.015862
T008261,C0355,M0013,49127.67,UPI,SUCCESS,2026-08-24 07:52:36.162725
T008262,C0137,M0014,31726.31,UPI,SUCCESS,2026-07-14 03:20:53.094326
T008263,C0490,M0042,43706.63,UPI,SUCCESS,2026-07-23 03:15:07.299961
T008264,C0438,M0028,42699.49,WALLET,SUCCESS,2026-08-22 22:51:08.119131
T008265,C0133,M0017,38939.74,UPI,SUCCESS,2026-06-16 21:11:50.842254
T008266,C0247,M0017,15237.09,CARD,SUCCESS,2026-06-08 16:29:03.269174
T008267,C0347,M0018,30116.16,UPI,SUCCESS,2026-08-08 19:58:51.741102
T008268,C0364,M0039,8683.22,CARD,SUCCESS,2026-07-11 15:05:49.934506
T008269,C0193,M0039,36584.79,NET_BANKING,SUCCESS,2026-08-16 11:42:20.031754
T008270,C0127,M0030,45799.74,CARD,SUCCESS,2026-07-10 10:55:05.054157
T008271,C0019,M0048,36689.5,NET_BANKING,SUCCESS,2026-08-08 22:06:48.043777
T008272,C0129,M0032,38961.63,UPI,SUCCESS,2026-08-16 02:06:26.703907
T008273,C0235,M0043,29310.19,CARD,SUCCESS,2026-06-08 15:38:25.714766
T008274,C0023,M0041,21338.27,CARD,SUCCESS,2026-06-15 04:16:19.172775
T008275,C0218,M0015,47670.14,WALLET,SUCCESS,2026-06-19 14:00:22.930828
T008276,C0256,M0022,17686.3,WALLET,SUCCESS,2026-08-15 00:48:40.619190
T008277,C0406,M0010,35541.46,WALLET,SUCCESS,2026-08-29 22:41:35.686698
T008278,C0094,M0040,40577.83,NET_BANKING,SUCCESS,2026-07-26 06:10:15.443987
T008279,C0377,M0014,2514.36,UPI,SUCCESS,2026-07-02 10:23:04.804668
T008280,C0095,M0010,49546.62,WALLET,SUCCESS,2026-07-08 07:44:58.490325
T008281,C0055,M0005,2799.18,WALLET,SUCCESS,2026-07-08 13:31:54.129920
T008282,C0459,M0021,31980.91,WALLET,FAILED,2026-07-07 10:35:48.571376
T008283,C0471,M0018,40177.2,CARD,SUCCESS,2026-06-27 10:05:06.949178
T008284,C0405,M0011,22716.03,WALLET,FAILED,2026-06-30 19:03:43.931169
T008285,C0257,M0019,23626.53,CARD,SUCCESS,2026-09-01 23:32:40.602284
T008286,C0154,M0030,424.05,NET_BANKING,SUCCESS,2026-06-13 19:32:00.044961
T008287,C0253,M0041,43993.91,NET_BANKING,SUCCESS,2026-08-17 10:48:24.985321
T008288,C0408,M0045,16497.94,WALLET,SUCCESS,2026-06-22 08:05:41.784134
T008289,C0305,M0022,17908.81,NET_BANKING,SUCCESS,2026-08-06 09:48:53.747547
T008290,C0342,M0036,44931.65,WALLET,SUCCESS,2026-07-24 21:57:57.804748
T008291,C0135,M0002,31843.74,NET_BANKING,SUCCESS,2026-06-20 23:00:30.018611
T008292,C0091,M0044,3188.18,NET_BANKING,SUCCESS,2026-06-11 14:45:47.749573
T008293,C0110,M0047,6767.35,CARD,SUCCESS,2026-06-17 07:18:26.058374
T008294,C0152,M0050,34879.63,UPI,SUCCESS,2026-08-18 20:51:30.275993
T008295,C0368,M0003,21758.52,NET_BANKING,SUCCESS,2026-07-20 09:17:34.538626
T008296,C0319,M0013,8238.2,UPI,SUCCESS,2026-08-18 02:34:50.076599
T008297,C0016,M0046,28995.1,UPI,SUCCESS,2026-08-01 12:25:47.404619
T008298,C0119,M0010,30508.65,UPI,SUCCESS,2026-07-11 08:12:42.961717
T008299,C0121,M0045,7961.41,CARD,SUCCESS,2026-09-03 13:26:07.683425
T008300,C0170,M0046,32509.3,WALLET,SUCCESS,2026-08-02 18:46:55.984170
T008301,C0123,M0006,15596.61,WALLET,SUCCESS,2026-07-17 23:17:53.348615
T008302,C0444,M0030,2921.2,CARD,PENDING,2026-06-27 07:25:22.570087
T008303,C0230,M0002,21976.86,WALLET,SUCCESS,2026-07-08 22:51:25.502592
T008304,C0119,M0038,18307.22,UPI,SUCCESS,2026-07-12 23:27:29.212038
T008305,C0439,M0027,40782.15,WALLET,SUCCESS,2026-07-28 12:19:03.980749
T008306,C0083,M0045,859.33,CARD,FAILED,2026-07-06 11:14:30.703503
T008307,C0275,M0023,33535.59,WALLET,SUCCESS,2026-06-11 21:03:58.715921
T008308,C0120,M0025,29381.16,CARD,SUCCESS,2026-06-09 09:17:19.834373
T008309,C0079,M0034,47700.15,CARD,SUCCESS,2026-06-10 19:57:57.872937
T008310,C0236,M0024,6053.07,UPI,SUCCESS,2026-07-23 17:59:42.219361
T008311,C0355,M0035,9718.17,UPI,SUCCESS,2026-06-29 07:05:03.424846
T008312,C0324,M0027,22105.58,WALLET,SUCCESS,2026-06-18 07:40:46.750633
T008313,C0293,M0002,17341.19,WALLET,SUCCESS,2026-07-03 11:04:18.444261
T008314,C0039,M0036,17423.54,NET_BANKING,SUCCESS,2026-07-01 12:53:26.686462
T008315,C0284,M0012,2973.89,UPI,PENDING,2026-06-21 08:15:20.989161
T008316,C0279,M0006,28096.63,CARD,FAILED,2026-06-23 04:46:16.154734
T008317,C0340,M0049,3920.89,CARD,SUCCESS,2026-07-26 06:31:57.623376
T008318,C0164,M0004,25643.64,WALLET,SUCCESS,2026-07-18 12:41:51.033803
T008319,C0059,M0026,704.12,NET_BANKING,SUCCESS,2026-08-18 20:18:21.729120
T008320,C0409,M0025,4654.16,NET_BANKING,SUCCESS,2026-06-14 01:10:40.446197
T008321,C0255,M0009,11797.96,UPI,SUCCESS,2026-07-30 13:00:21.667895
T008322,C0205,M0012,31745.76,NET_BANKING,SUCCESS,2026-08-18 01:53:43.959564
T008323,C0362,M0039,30934.33,UPI,SUCCESS,2026-07-10 21:46:16.317406
T008324,C0476,M0007,30818.28,CARD,SUCCESS,2026-07-03 12:59:08.524280
T008325,C0037,M0036,15058.68,CARD,SUCCESS,2026-06-22 10:41:21.571520
T008326,C0316,M0003,28863.62,UPI,SUCCESS,2026-08-08 06:43:19.033908
T008327,C0445,M0037,773.75,CARD,SUCCESS,2026-08-26 05:51:23.649293
T008328,C0477,M0041,6243.99,CARD,SUCCESS,2026-07-08 16:32:18.104195
T008329,C0220,M0033,48860.98,NET_BANKING,SUCCESS,2026-07-09 17:18:23.349205
T008330,C0373,M0010,41833.05,CARD,PENDING,2026-07-22 10:37:57.554918
T008331,C0391,M0008,36127.0,NET_BANKING,FAILED,2026-07-27 15:47:57.925606
T008332,C0498,M0026,9543.89,WALLET,SUCCESS,2026-07-11 20:49:58.431287
T008333,C0136,M0026,4137.41,WALLET,FAILED,2026-07-11 06:28:00.924583
T008334,C0423,M0035,22344.31,WALLET,SUCCESS,2026-07-19 12:02:16.937294
T008335,C0083,M0047,35091.91,NET_BANKING,SUCCESS,2026-07-30 00:05:17.686595
T008336,C0022,M0047,24540.6,WALLET,SUCCESS,2026-07-29 18:49:50.005208
T008337,C0285,M0026,32029.17,NET_BANKING,SUCCESS,2026-08-06 15:36:30.917683
T008338,C0177,M0028,40615.51,WALLET,SUCCESS,2026-07-16 07:35:34.833019
T008339,C0495,M0042,40594.49,NET_BANKING,SUCCESS,2026-08-04 04:05:56.604625
T008340,C0496,M0021,38158.7,WALLET,SUCCESS,2026-06-26 13:56:38.003724
T008341,C0138,M0048,34584.19,CARD,SUCCESS,2026-07-17 15:05:22.408185
T008342,C0015,M0020,40356.38,UPI,SUCCESS,2026-08-12 10:35:29.483281
T008343,C0303,M0030,46751.9,WALLET,SUCCESS,2026-08-04 07:59:22.316429
T008344,C0373,M0031,34599.04,UPI,SUCCESS,2026-08-03 00:06:51.867196
T008345,C0054,M0008,34832.95,WALLET,SUCCESS,2026-07-26 09:04:24.093515
T008346,C0266,M0045,44661.89,NET_BANKING,SUCCESS,2026-08-24 05:37:35.692623
T008347,C0457,M0032,39847.16,WALLET,SUCCESS,2026-08-06 10:47:37.779587
T008348,C0344,M0001,40549.56,NET_BANKING,FAILED,2026-08-28 21:28:57.499323
T008349,C0124,M0043,49380.59,WALLET,SUCCESS,2026-07-15 12:38:16.719111
T008350,C0048,M0039,2818.73,WALLET,SUCCESS,2026-06-30 14:12:39.329164
T008351,C0133,M0047,45585.46,UPI,FAILED,2026-07-15 15:36:53.026728
T008352,C0407,M0050,14768.62,UPI,FAILED,2026-07-12 12:37:39.426963
T008353,C0312,M0029,43578.37,NET_BANKING,SUCCESS,2026-07-03 23:33:16.882310
T008354,C0118,M0010,35175.26,WALLET,SUCCESS,2026-06-09 13:30:36.910865
T008355,C0301,M0047,45440.19,NET_BANKING,SUCCESS,2026-07-01 13:45:56.762292
T008356,C0410,M0032,1308.08,UPI,SUCCESS,2026-07-16 01:10:59.764359
T008357,C0242,M0035,31856.22,WALLET,SUCCESS,2026-06-23 18:32:29.336329
T008358,C0400,M0006,5819.11,CARD,SUCCESS,2026-07-19 12:53:35.225073
T008359,C0355,M0001,9777.22,WALLET,SUCCESS,2026-08-23 03:23:47.085339
T008360,C0492,M0038,5990.34,WALLET,SUCCESS,2026-08-31 23:13:28.061803
T008361,C0461,M0033,30721.9,NET_BANKING,SUCCESS,2026-08-11 05:00:49.447620
T008362,C0320,M0042,35568.61,NET_BANKING,SUCCESS,2026-08-30 12:34:24.792331
T008363,C0139,M0047,35064.13,WALLET,PENDING,2026-06-14 08:18:21.835106
T008364,C0439,M0043,46498.9,UPI,SUCCESS,2026-08-01 16:19:23.010524
T008365,C0475,M0044,43469.16,CARD,PENDING,2026-07-02 17:44:49.407705
T008366,C0415,M0028,1648.24,UPI,SUCCESS,2026-07-02 21:04:49.326249
T008367,C0443,M0002,46309.71,UPI,SUCCESS,2026-06-25 16:31:43.061028
T008368,C0392,M0028,18675.82,CARD,SUCCESS,2026-08-28 17:49:01.774118
T008369,C0287,M0022,46784.07,UPI,SUCCESS,2026-08-21 11:47:35.572371
T008370,C0083,M0032,27120.27,CARD,FAILED,2026-07-26 18:20:59.072467
T008371,C0330,M0031,26162.25,CARD,SUCCESS,2026-07-22 01:28:19.882817
T008372,C0447,M0013,21277.88,WALLET,SUCCESS,2026-08-22 15:22:17.253400
T008373,C0076,M0015,7993.62,NET_BANKING,SUCCESS,2026-07-21 17:04:09.497563
T008374,C0248,M0018,20522.35,WALLET,SUCCESS,2026-07-27 07:35:17.069136
T008375,C0264,M0010,45632.32,NET_BANKING,FAILED,2026-07-02 07:13:48.502173
T008376,C0061,M0002,48106.6,NET_BANKING,FAILED,2026-08-11 01:20:49.861636
T008377,C0125,M0016,6149.72,UPI,SUCCESS,2026-07-29 17:01:39.747160
T008378,C0294,M0008,44993.42,NET_BANKING,SUCCESS,2026-08-24 00:51:37.355470
T008379,C0252,M0043,32535.26,CARD,SUCCESS,2026-08-22 07:34:29.439778
T008380,C0051,M0042,25388.92,UPI,SUCCESS,2026-08-08 13:08:11.686944
T008381,C0420,M0035,38455.94,WALLET,SUCCESS,2026-08-26 19:20:42.106419
T008382,C0315,M0010,16033.36,NET_BANKING,FAILED,2026-07-21 20:51:30.163093
T008383,C0125,M0033,9980.73,WALLET,SUCCESS,2026-07-21 07:35:34.822518
T008384,C0105,M0039,45678.81,CARD,SUCCESS,2026-06-11 05:57:36.931449
T008385,C0359,M0028,258.1,CARD,FAILED,2026-07-30 14:10:19.350291
T008386,C0171,M0044,9853.16,CARD,FAILED,2026-07-29 23:02:53.670031
T008387,C0107,M0003,43068.82,UPI,SUCCESS,2026-06-12 18:47:17.298808
T008388,C0369,M0038,19416.83,NET_BANKING,SUCCESS,2026-07-18 18:14:01.010168
T008389,C0378,M0022,2572.59,UPI,SUCCESS,2026-07-08 07:14:51.930843
T008390,C0133,M0038,24284.62,NET_BANKING,SUCCESS,2026-07-04 14:53:07.220181
T008391,C0326,M0047,8372.03,UPI,SUCCESS,2026-09-04 14:52:54.009469
T008392,C0180,M0003,48746.54,WALLET,SUCCESS,2026-06-26 07:17:47.693298
T008393,C0349,M0018,3474.91,WALLET,SUCCESS,2026-07-14 21:17:50.691856
T008394,C0167,M0036,21868.36,NET_BANKING,SUCCESS,2026-07-09 14:50:20.079906
T008395,C0276,M0040,11383.11,UPI,SUCCESS,2026-06-28 04:11:32.166013
T008396,C0060,M0022,34595.92,WALLET,SUCCESS,2026-06-28 16:13:10.761234
T008397,C0124,M0014,25229.73,CARD,SUCCESS,2026-08-13 19:08:20.229291
T008398,C0201,M0031,609.43,WALLET,SUCCESS,2026-08-03 09:29:21.182619
T008399,C0384,M0003,39630.5,WALLET,PENDING,2026-07-22 21:23:05.468958
T008400,C0314,M0031,24966.79,WALLET,SUCCESS,2026-08-23 19:13:34.653055
T008401,C0058,M0009,26288.42,WALLET,SUCCESS,2026-08-06 03:11:06.554462
T008402,C0342,M0036,4768.39,NET_BANKING,SUCCESS,2026-07-04 18:07:58.403627
T008403,C0470,M0038,15671.66,CARD,SUCCESS,2026-07-22 03:53:39.072994
T008404,C0011,M0024,32227.92,NET_BANKING,SUCCESS,2026-08-16 11:56:55.266996
T008405,C0031,M0043,4692.8,WALLET,PENDING,2026-08-23 19:39:54.889230
T008406,C0449,M0025,4310.4,UPI,SUCCESS,2026-08-18 23:50:55.357529
T008407,C0443,M0019,3664.03,NET_BANKING,PENDING,2026-08-24 21:13:40.465408
T008408,C0483,M0002,4784.24,WALLET,SUCCESS,2026-09-03 10:22:43.796399
T008409,C0085,M0014,38335.2,NET_BANKING,SUCCESS,2026-07-15 18:57:45.622689
T008410,C0326,M0041,29478.66,CARD,SUCCESS,2026-07-01 06:13:22.614381
T008411,C0408,M0016,45917.18,UPI,SUCCESS,2026-07-26 18:22:00.883575
T008412,C0047,M0049,14834.49,UPI,SUCCESS,2026-08-17 17:31:38.588672
T008413,C0053,M0034,9912.94,UPI,SUCCESS,2026-07-05 09:42:39.387130
T008414,C0437,M0042,39002.71,WALLET,SUCCESS,2026-09-04 01:42:19.167383
T008415,C0312,M0041,10085.67,WALLET,SUCCESS,2026-08-20 02:24:06.507679
T008416,C0180,M0030,43219.95,UPI,SUCCESS,2026-08-05 09:52:24.241401
T008417,C0242,M0050,41069.51,UPI,SUCCESS,2026-08-03 02:34:52.243703
T008418,C0420,M0033,1640.56,NET_BANKING,SUCCESS,2026-07-11 13:32:21.464742
T008419,C0301,M0036,15992.56,CARD,FAILED,2026-06-29 20:09:51.621000
T008420,C0494,M0018,20565.76,CARD,SUCCESS,2026-07-20 17:19:11.481469
T008421,C0321,M0048,16111.02,NET_BANKING,SUCCESS,2026-09-04 19:21:59.695577
T008422,C0413,M0015,16652.82,WALLET,SUCCESS,2026-06-26 05:35:31.001866
T008423,C0039,M0002,9968.67,UPI,SUCCESS,2026-07-15 15:41:24.347485
T008424,C0417,M0032,40695.93,NET_BANKING,SUCCESS,2026-07-22 14:13:12.023382
T008425,C0211,M0005,23901.2,UPI,FAILED,2026-07-05 16:11:03.605496
T008426,C0101,M0020,32237.91,WALLET,SUCCESS,2026-08-12 08:12:19.192422
T008427,C0150,M0026,22068.6,WALLET,SUCCESS,2026-06-13 18:16:15.661536
T008428,C0268,M0012,7292.13,WALLET,SUCCESS,2026-08-14 20:24:00.289547
T008429,C0045,M0041,910.97,WALLET,SUCCESS,2026-07-30 13:36:23.755366
T008430,C0032,M0047,29417.08,CARD,SUCCESS,2026-06-08 06:46:16.838418
T008431,C0222,M0046,9896.1,NET_BANKING,SUCCESS,2026-07-12 08:34:06.698174
T008432,C0188,M0046,27761.81,NET_BANKING,SUCCESS,2026-07-21 15:39:35.581272
T008433,C0194,M0009,3059.69,UPI,SUCCESS,2026-06-28 20:35:40.348253
T008434,C0479,M0001,30450.61,UPI,PENDING,2026-06-20 23:54:27.378468
T008435,C0358,M0029,7759.37,NET_BANKING,FAILED,2026-07-15 02:31:28.078469
T008436,C0444,M0010,32782.25,WALLET,SUCCESS,2026-08-03 23:41:46.697208
T008437,C0307,M0005,36162.17,WALLET,SUCCESS,2026-08-21 10:35:52.039008
T008438,C0272,M0013,36362.98,CARD,SUCCESS,2026-06-09 10:01:11.786201
T008439,C0465,M0023,40636.3,NET_BANKING,FAILED,2026-07-21 17:48:54.445586
T008440,C0200,M0041,45691.73,NET_BANKING,SUCCESS,2026-08-31 19:57:27.934558
T008441,C0271,M0044,40433.08,NET_BANKING,PENDING,2026-07-10 14:16:06.161941
T008442,C0160,M0035,36543.13,NET_BANKING,SUCCESS,2026-06-25 05:17:23.651193
T008443,C0109,M0019,42412.01,CARD,SUCCESS,2026-06-12 09:47:31.781853
T008444,C0437,M0010,6319.91,CARD,SUCCESS,2026-07-30 17:03:01.721754
T008445,C0367,M0004,9901.57,CARD,SUCCESS,2026-06-13 09:46:30.637527
T008446,C0180,M0026,39181.44,WALLET,SUCCESS,2026-07-15 02:52:12.132338
T008447,C0118,M0005,19560.94,NET_BANKING,SUCCESS,2026-08-05 13:10:44.311624
T008448,C0474,M0025,34353.29,UPI,SUCCESS,2026-08-26 08:54:35.370475
T008449,C0282,M0013,7507.32,NET_BANKING,FAILED,2026-08-16 18:31:27.223510
T008450,C0262,M0044,29719.7,NET_BANKING,PENDING,2026-08-01 01:46:26.567070
T008451,C0460,M0016,46010.12,NET_BANKING,PENDING,2026-07-12 17:41:53.765854
T008452,C0245,M0007,34270.61,CARD,SUCCESS,2026-06-24 06:53:09.943091
T008453,C0047,M0043,2371.29,CARD,SUCCESS,2026-07-16 05:38:09.129526
T008454,C0294,M0026,21455.97,NET_BANKING,SUCCESS,2026-07-29 18:51:18.296687
T008455,C0261,M0024,3464.33,WALLET,SUCCESS,2026-08-24 20:11:45.449075
T008456,C0229,M0016,3173.07,NET_BANKING,SUCCESS,2026-08-31 10:17:01.529702
T008457,C0454,M0036,48890.41,WALLET,SUCCESS,2026-06-12 21:22:14.477983
T008458,C0393,M0047,42370.51,WALLET,SUCCESS,2026-08-30 12:34:24.316560
T008459,C0043,M0030,5587.03,UPI,SUCCESS,2026-07-05 17:30:50.844494
T008460,C0173,M0009,11466.95,CARD,SUCCESS,2026-07-02 01:46:08.400773
T008461,C0244,M0004,13541.16,WALLET,SUCCESS,2026-07-02 01:27:35.833060
T008462,C0021,M0033,42177.45,CARD,SUCCESS,2026-07-18 09:04:46.633653
T008463,C0332,M0027,22016.48,CARD,SUCCESS,2026-08-08 20:35:03.092697
T008464,C0194,M0030,37592.21,NET_BANKING,SUCCESS,2026-07-12 10:29:46.877277
T008465,C0433,M0003,37933.19,UPI,SUCCESS,2026-07-09 03:27:02.704700
T008466,C0385,M0010,37203.46,WALLET,SUCCESS,2026-08-17 06:48:47.683096
T008467,C0121,M0036,36402.46,WALLET,SUCCESS,2026-06-08 07:53:02.080297
T008468,C0143,M0006,34216.26,NET_BANKING,SUCCESS,2026-09-05 19:58:47.257906
T008469,C0131,M0048,23551.0,NET_BANKING,FAILED,2026-09-03 20:54:37.742849
T008470,C0158,M0040,20541.98,CARD,SUCCESS,2026-06-21 02:57:31.636321
T008471,C0497,M0038,5212.27,NET_BANKING,SUCCESS,2026-06-14 00:49:22.444078
T008472,C0456,M0030,16241.8,UPI,SUCCESS,2026-07-03 04:59:51.589274
T008473,C0105,M0010,32549.5,UPI,SUCCESS,2026-08-13 20:12:17.882698
T008474,C0281,M0041,7746.7,WALLET,SUCCESS,2026-07-17 16:28:46.097425
T008475,C0448,M0041,22724.5,CARD,SUCCESS,2026-08-01 17:19:59.929729
T008476,C0013,M0009,41195.29,CARD,PENDING,2026-08-10 14:03:55.675747
T008477,C0239,M0016,33764.21,NET_BANKING,SUCCESS,2026-07-11 21:35:22.744121
T008478,C0479,M0003,49877.32,UPI,SUCCESS,2026-08-23 08:45:54.930795
T008479,C0454,M0011,38210.27,WALLET,SUCCESS,2026-08-06 17:02:58.537821
T008480,C0447,M0010,42748.36,WALLET,SUCCESS,2026-09-05 16:03:31.153111
T008481,C0093,M0048,10003.57,UPI,SUCCESS,2026-07-24 14:34:18.757398
T008482,C0420,M0008,44380.8,WALLET,SUCCESS,2026-06-17 14:20:29.858553
T008483,C0108,M0036,30690.66,WALLET,SUCCESS,2026-07-30 05:14:04.561645
T008484,C0383,M0048,23726.34,WALLET,SUCCESS,2026-08-12 02:08:53.704377
T008485,C0401,M0043,13028.44,UPI,SUCCESS,2026-07-24 01:55:39.935768
T008486,C0015,M0045,47885.78,UPI,SUCCESS,2026-07-10 12:06:09.804980
T008487,C0092,M0019,39553.53,CARD,FAILED,2026-07-22 09:41:31.871588
T008488,C0098,M0032,37701.74,NET_BANKING,SUCCESS,2026-08-12 17:11:21.651683
T008489,C0069,M0012,3683.66,WALLET,SUCCESS,2026-08-07 13:01:45.503660
T008490,C0170,M0037,48058.27,CARD,SUCCESS,2026-06-28 17:54:25.964837
T008491,C0073,M0012,39147.06,WALLET,SUCCESS,2026-09-05 03:51:48.771629
T008492,C0232,M0037,30527.12,UPI,SUCCESS,2026-06-10 06:21:30.499595
T008493,C0029,M0040,23685.71,UPI,SUCCESS,2026-06-26 14:43:55.458072
T008494,C0195,M0020,26761.72,WALLET,SUCCESS,2026-07-22 10:04:31.528492
T008495,C0055,M0012,21784.39,UPI,SUCCESS,2026-06-28 09:25:14.384747
T008496,C0408,M0047,26218.28,WALLET,SUCCESS,2026-07-22 11:12:33.154942
T008497,C0089,M0041,10660.95,CARD,SUCCESS,2026-08-19 00:37:35.548344
T008498,C0003,M0024,1306.39,CARD,SUCCESS,2026-09-05 07:26:46.344556
T008499,C0316,M0047,31854.99,NET_BANKING,SUCCESS,2026-07-25 09:25:55.772822
T008500,C0353,M0012,10315.56,NET_BANKING,SUCCESS,2026-06-17 15:47:47.776139
T008501,C0391,M0027,37882.85,UPI,SUCCESS,2026-06-19 19:30:37.829263
T008502,C0451,M0001,5602.08,CARD,SUCCESS,2026-07-20 01:15:14.979375
T008503,C0389,M0023,28681.4,NET_BANKING,SUCCESS,2026-09-01 15:22:10.956303
T008504,C0213,M0034,20265.11,UPI,SUCCESS,2026-07-21 06:49:28.362013
T008505,C0385,M0003,40334.8,WALLET,SUCCESS,2026-08-11 00:42:39.496843
T008506,C0174,M0022,1950.44,NET_BANKING,SUCCESS,2026-07-21 22:25:15.944741
T008507,C0035,M0026,2050.68,UPI,FAILED,2026-08-02 04:22:46.496911
T008508,C0204,M0047,8703.74,NET_BANKING,FAILED,2026-09-05 14:47:04.797285
T008509,C0436,M0045,6095.84,CARD,SUCCESS,2026-07-15 12:59:27.099231
T008510,C0368,M0034,28173.28,UPI,SUCCESS,2026-06-20 17:04:24.290726
T008511,C0372,M0022,27043.08,CARD,SUCCESS,2026-06-13 02:21:15.229175
T008512,C0455,M0008,33907.29,NET_BANKING,SUCCESS,2026-09-03 23:54:11.831384
T008513,C0418,M0007,19536.48,UPI,SUCCESS,2026-07-04 17:47:05.003779
T008514,C0247,M0035,11221.35,CARD,SUCCESS,2026-06-27 14:05:21.217915
T008515,C0383,M0049,32652.05,CARD,SUCCESS,2026-07-23 04:07:19.289741
T008516,C0345,M0030,16842.33,WALLET,SUCCESS,2026-08-18 05:09:14.857267
T008517,C0215,M0002,12034.07,CARD,SUCCESS,2026-08-26 17:44:44.860257
T008518,C0380,M0028,11600.42,WALLET,FAILED,2026-08-06 01:47:32.985335
T008519,C0233,M0039,6366.54,UPI,SUCCESS,2026-08-29 02:51:11.933378
T008520,C0103,M0008,9036.58,NET_BANKING,SUCCESS,2026-06-12 01:55:02.569745
T008521,C0213,M0039,42254.99,UPI,FAILED,2026-06-26 13:01:18.136014
T008522,C0173,M0017,43688.41,NET_BANKING,FAILED,2026-07-16 13:22:57.174351
T008523,C0223,M0032,38360.29,WALLET,SUCCESS,2026-06-18 16:34:16.169277
T008524,C0393,M0025,9124.46,WALLET,SUCCESS,2026-06-14 17:57:48.301907
T008525,C0159,M0013,28089.15,WALLET,SUCCESS,2026-08-09 02:53:06.980062
T008526,C0063,M0034,17264.13,CARD,SUCCESS,2026-07-06 19:34:46.063241
T008527,C0201,M0037,6733.74,WALLET,SUCCESS,2026-07-19 17:35:41.526111
T008528,C0428,M0003,42941.77,NET_BANKING,FAILED,2026-06-19 05:37:07.112434
T008529,C0151,M0039,34026.63,WALLET,SUCCESS,2026-07-01 15:58:51.776618
T008530,C0471,M0020,18392.4,UPI,SUCCESS,2026-07-28 06:51:50.748885
T008531,C0326,M0004,33579.04,UPI,SUCCESS,2026-08-30 10:42:34.287693
T008532,C0308,M0018,2095.99,CARD,SUCCESS,2026-08-21 22:11:59.529543
T008533,C0083,M0042,36086.31,NET_BANKING,SUCCESS,2026-07-25 03:41:55.126034
T008534,C0115,M0009,28664.74,WALLET,SUCCESS,2026-08-18 15:43:57.456800
T008535,C0488,M0037,21663.92,CARD,FAILED,2026-06-12 15:47:21.304289
T008536,C0002,M0046,24321.57,WALLET,SUCCESS,2026-07-23 07:58:09.608523
T008537,C0452,M0026,25317.91,NET_BANKING,SUCCESS,2026-08-11 03:26:29.746206
T008538,C0174,M0049,8947.09,WALLET,SUCCESS,2026-08-21 19:09:29.463916
T008539,C0148,M0023,24586.35,UPI,SUCCESS,2026-07-25 13:17:44.334241
T008540,C0424,M0038,36537.65,NET_BANKING,SUCCESS,2026-06-17 05:41:16.304853
T008541,C0327,M0034,13487.32,WALLET,FAILED,2026-07-13 03:58:16.889175
T008542,C0496,M0001,27094.49,WALLET,FAILED,2026-09-04 17:51:57.102467
T008543,C0153,M0037,39152.12,WALLET,SUCCESS,2026-06-23 12:58:41.465230
T008544,C0374,M0016,17863.69,CARD,SUCCESS,2026-07-18 06:42:54.598592
T008545,C0076,M0015,5867.55,UPI,SUCCESS,2026-06-10 18:22:49.733268
T008546,C0162,M0020,3124.63,UPI,SUCCESS,2026-08-09 17:22:49.427409
T008547,C0118,M0038,23849.61,UPI,SUCCESS,2026-08-14 05:28:26.026769
T008548,C0128,M0020,39909.65,CARD,SUCCESS,2026-07-21 07:49:43.227195
T008549,C0363,M0025,46525.43,UPI,SUCCESS,2026-06-26 03:31:41.477311
T008550,C0183,M0036,24762.41,WALLET,SUCCESS,2026-07-14 20:22:53.170333
T008551,C0242,M0019,42008.2,UPI,SUCCESS,2026-07-12 20:57:41.914185
T008552,C0260,M0028,34530.32,CARD,SUCCESS,2026-08-12 15:41:30.324420
T008553,C0056,M0042,21210.48,CARD,SUCCESS,2026-06-15 07:16:09.705005
T008554,C0358,M0009,15646.43,CARD,SUCCESS,2026-06-09 09:44:10.808791
T008555,C0297,M0039,4408.48,NET_BANKING,SUCCESS,2026-06-08 08:10:43.053859
T008556,C0354,M0027,3042.89,CARD,SUCCESS,2026-08-08 04:44:36.719584
T008557,C0075,M0042,26012.07,UPI,SUCCESS,2026-07-08 00:54:25.670322
T008558,C0225,M0023,22965.67,CARD,SUCCESS,2026-07-15 00:16:23.194855
T008559,C0402,M0020,3229.05,UPI,SUCCESS,2026-06-28 22:28:12.834573
T008560,C0359,M0002,25253.32,UPI,SUCCESS,2026-08-26 16:27:29.961402
T008561,C0027,M0028,30200.51,UPI,SUCCESS,2026-06-15 23:48:06.623171
T008562,C0142,M0003,29992.62,UPI,SUCCESS,2026-07-28 13:50:33.597426
T008563,C0270,M0036,32606.24,UPI,SUCCESS,2026-08-13 09:50:05.770740
T008564,C0007,M0026,11419.65,WALLET,FAILED,2026-07-12 13:10:54.752337
T008565,C0053,M0048,48937.95,NET_BANKING,SUCCESS,2026-06-25 10:36:23.617836
T008566,C0287,M0020,9816.03,NET_BANKING,SUCCESS,2026-07-14 04:28:05.465117
T008567,C0290,M0048,25049.19,CARD,SUCCESS,2026-07-27 04:23:53.402303
T008568,C0436,M0036,36833.02,CARD,SUCCESS,2026-07-12 12:27:41.057725
T008569,C0239,M0018,17477.18,UPI,SUCCESS,2026-07-04 13:53:43.764925
T008570,C0474,M0003,49078.0,NET_BANKING,SUCCESS,2026-07-27 05:14:55.063290
T008571,C0400,M0041,17273.83,UPI,SUCCESS,2026-06-08 04:55:03.615880
T008572,C0009,M0008,6593.94,UPI,SUCCESS,2026-08-13 12:24:03.798169
T008573,C0437,M0023,10684.12,UPI,SUCCESS,2026-07-16 05:46:02.165616
T008574,C0343,M0039,14430.66,WALLET,FAILED,2026-06-17 09:45:57.284813
T008575,C0192,M0009,38390.34,UPI,SUCCESS,2026-08-31 21:57:06.062313
T008576,C0055,M0046,40655.48,CARD,SUCCESS,2026-07-03 17:50:11.998223
T008577,C0326,M0021,41367.02,WALLET,SUCCESS,2026-06-12 16:20:50.430341
T008578,C0256,M0026,13956.14,CARD,SUCCESS,2026-08-22 12:44:15.409393
T008579,C0272,M0050,14397.61,CARD,SUCCESS,2026-08-26 20:33:35.590995
T008580,C0421,M0033,48108.78,NET_BANKING,SUCCESS,2026-06-11 23:18:11.344124
T008581,C0353,M0050,11835.99,WALLET,FAILED,2026-08-13 10:33:57.720109
T008582,C0150,M0004,9550.74,UPI,PENDING,2026-07-12 22:25:38.236008
T008583,C0219,M0006,707.75,CARD,SUCCESS,2026-07-16 22:38:24.765230
T008584,C0146,M0003,47245.63,WALLET,FAILED,2026-07-26 03:24:48.225601
T008585,C0434,M0044,38968.39,CARD,SUCCESS,2026-08-09 13:11:10.039656
T008586,C0053,M0016,29740.87,CARD,FAILED,2026-07-12 07:39:03.685590
T008587,C0236,M0009,23308.14,CARD,SUCCESS,2026-07-11 01:14:12.006739
T008588,C0220,M0028,47569.2,CARD,SUCCESS,2026-06-16 22:53:19.184579
T008589,C0203,M0013,2720.45,CARD,SUCCESS,2026-06-22 01:59:28.058864
T008590,C0492,M0018,24291.02,WALLET,SUCCESS,2026-07-24 22:07:46.234649
T008591,C0289,M0041,16528.79,CARD,SUCCESS,2026-08-24 16:48:50.262023
T008592,C0339,M0044,2345.28,NET_BANKING,SUCCESS,2026-07-28 17:15:39.457794
T008593,C0086,M0044,42906.66,WALLET,SUCCESS,2026-08-08 02:04:34.198187
T008594,C0309,M0010,41879.33,NET_BANKING,SUCCESS,2026-07-02 10:46:50.677184
T008595,C0118,M0020,11134.33,NET_BANKING,SUCCESS,2026-07-17 05:27:11.482233
T008596,C0402,M0043,35099.19,CARD,SUCCESS,2026-06-17 05:24:27.785987
T008597,C0455,M0037,41772.13,NET_BANKING,SUCCESS,2026-06-19 12:03:03.284911
T008598,C0346,M0022,36903.37,UPI,SUCCESS,2026-06-30 16:38:05.985002
T008599,C0141,M0045,20909.23,CARD,SUCCESS,2026-09-02 10:20:36.818542
T008600,C0194,M0016,37857.06,UPI,SUCCESS,2026-06-13 01:54:14.993715
T008601,C0025,M0024,32189.54,UPI,SUCCESS,2026-08-12 08:27:07.531718
T008602,C0445,M0001,32001.56,WALLET,SUCCESS,2026-08-05 14:07:38.520656
T008603,C0030,M0036,17469.09,NET_BANKING,SUCCESS,2026-08-07 02:25:36.041477
T008604,C0393,M0006,34847.83,UPI,SUCCESS,2026-09-04 15:16:39.824004
T008605,C0006,M0027,18011.52,WALLET,SUCCESS,2026-07-05 05:41:40.538265
T008606,C0020,M0050,20275.47,WALLET,FAILED,2026-06-13 05:24:36.097827
T008607,C0150,M0038,46530.33,WALLET,SUCCESS,2026-07-04 10:06:39.794464
T008608,C0273,M0036,2864.19,CARD,SUCCESS,2026-07-06 13:39:59.267930
T008609,C0129,M0009,10053.14,WALLET,SUCCESS,2026-08-23 20:25:31.913707
T008610,C0146,M0007,32490.42,UPI,SUCCESS,2026-06-20 00:24:50.968954
T008611,C0210,M0019,46259.28,WALLET,SUCCESS,2026-07-11 22:47:04.595933
T008612,C0415,M0042,47525.77,UPI,FAILED,2026-08-14 10:32:52.505741
T008613,C0338,M0029,48821.58,CARD,SUCCESS,2026-09-04 02:50:23.295699
T008614,C0143,M0034,46911.12,NET_BANKING,SUCCESS,2026-07-24 21:39:03.451456
T008615,C0088,M0016,34675.82,WALLET,SUCCESS,2026-08-08 14:09:25.217115
T008616,C0476,M0037,23284.6,CARD,SUCCESS,2026-08-13 03:28:41.525207
T008617,C0016,M0026,30644.31,WALLET,SUCCESS,2026-07-16 12:22:16.301540
T008618,C0410,M0005,5759.3,WALLET,SUCCESS,2026-09-02 05:14:52.468606
T008619,C0460,M0045,47589.55,NET_BANKING,SUCCESS,2026-07-13 02:12:12.217112
T008620,C0441,M0035,29043.72,NET_BANKING,SUCCESS,2026-07-07 03:46:27.100145
T008621,C0126,M0012,25909.3,NET_BANKING,SUCCESS,2026-07-26 06:07:02.843190
T008622,C0231,M0015,18494.74,WALLET,SUCCESS,2026-08-12 00:32:48.265018
T008623,C0109,M0023,25865.3,CARD,SUCCESS,2026-06-13 08:09:56.356207
T008624,C0426,M0028,15179.83,WALLET,SUCCESS,2026-07-30 00:41:58.629578
T008625,C0010,M0015,11779.51,UPI,SUCCESS,2026-08-20 05:41:42.346366
T008626,C0078,M0028,22050.2,UPI,SUCCESS,2026-08-14 08:32:48.368107
T008627,C0310,M0029,35484.08,WALLET,SUCCESS,2026-07-19 22:11:24.919424
T008628,C0294,M0021,26864.45,UPI,FAILED,2026-07-23 02:49:31.660635
T008629,C0196,M0039,48572.58,WALLET,SUCCESS,2026-06-23 15:40:18.761139
T008630,C0237,M0012,19268.35,WALLET,FAILED,2026-08-15 17:58:29.661178
T008631,C0387,M0031,1364.54,UPI,SUCCESS,2026-06-08 07:28:12.885559
T008632,C0274,M0032,46553.58,WALLET,SUCCESS,2026-07-13 10:40:10.848843
T008633,C0207,M0006,23437.98,NET_BANKING,SUCCESS,2026-07-11 09:38:12.632430
T008634,C0419,M0025,26400.52,UPI,SUCCESS,2026-07-20 01:01:48.464001
T008635,C0131,M0048,31037.17,NET_BANKING,SUCCESS,2026-08-20 11:01:52.354048
T008636,C0310,M0037,14625.58,WALLET,SUCCESS,2026-06-23 00:08:10.151475
T008637,C0397,M0004,14527.01,WALLET,SUCCESS,2026-08-09 06:14:47.022496
T008638,C0378,M0029,28839.49,UPI,FAILED,2026-09-05 17:47:07.295624
T008639,C0182,M0004,30896.17,UPI,SUCCESS,2026-08-01 15:32:56.658869
T008640,C0439,M0042,14459.76,CARD,SUCCESS,2026-08-10 20:41:54.718364
T008641,C0258,M0034,4878.99,WALLET,SUCCESS,2026-06-16 05:20:15.874096
T008642,C0140,M0049,33122.63,UPI,SUCCESS,2026-07-19 08:33:10.604354
T008643,C0164,M0002,6626.98,CARD,SUCCESS,2026-06-11 23:51:48.410567
T008644,C0190,M0042,12925.34,UPI,FAILED,2026-08-05 21:53:23.552925
T008645,C0294,M0033,7841.54,NET_BANKING,SUCCESS,2026-07-19 13:55:43.670700
T008646,C0027,M0009,1446.64,WALLET,SUCCESS,2026-06-16 13:06:23.955389
T008647,C0170,M0011,24918.25,CARD,SUCCESS,2026-09-02 15:22:59.720596
T008648,C0270,M0043,45065.43,WALLET,SUCCESS,2026-07-25 12:35:12.132120
T008649,C0110,M0038,16582.9,CARD,PENDING,2026-06-16 23:11:37.221108
T008650,C0078,M0043,19492.71,UPI,SUCCESS,2026-09-04 21:37:12.639959
T008651,C0356,M0046,19585.4,NET_BANKING,SUCCESS,2026-06-08 05:40:02.114119
T008652,C0165,M0007,5119.97,WALLET,SUCCESS,2026-06-27 15:25:34.647485
T008653,C0480,M0043,45045.14,WALLET,SUCCESS,2026-08-20 21:12:06.692897
T008654,C0258,M0045,29487.61,CARD,SUCCESS,2026-07-23 16:39:51.877690
T008655,C0377,M0029,30486.29,WALLET,SUCCESS,2026-07-10 02:25:49.466043
T008656,C0202,M0007,28778.22,WALLET,SUCCESS,2026-08-14 11:47:15.542454
T008657,C0292,M0018,433.14,WALLET,SUCCESS,2026-06-09 12:48:21.215305
T008658,C0039,M0046,47006.48,CARD,SUCCESS,2026-08-12 20:49:48.593647
T008659,C0403,M0009,17431.71,CARD,SUCCESS,2026-08-04 09:05:05.643308
T008660,C0349,M0002,3349.45,UPI,SUCCESS,2026-06-24 18:06:09.478888
T008661,C0149,M0021,11281.74,NET_BANKING,SUCCESS,2026-08-08 23:31:32.626752
T008662,C0436,M0047,26953.3,CARD,SUCCESS,2026-08-18 17:52:30.232148
T008663,C0316,M0031,16049.62,CARD,SUCCESS,2026-06-08 05:27:06.622365
T008664,C0340,M0026,18837.04,CARD,SUCCESS,2026-07-17 16:35:04.274426
T008665,C0172,M0039,44989.34,CARD,SUCCESS,2026-07-24 11:09:29.430644
T008666,C0318,M0016,8397.43,NET_BANKING,SUCCESS,2026-08-09 09:25:54.168463
T008667,C0284,M0035,14014.31,WALLET,SUCCESS,2026-07-04 17:13:47.057771
T008668,C0088,M0049,9461.49,CARD,SUCCESS,2026-09-05 01:16:27.675290
T008669,C0229,M0024,18897.55,UPI,SUCCESS,2026-09-05 05:58:06.388728
T008670,C0136,M0027,38569.52,NET_BANKING,SUCCESS,2026-06-24 05:54:03.914458
T008671,C0187,M0024,14986.81,NET_BANKING,FAILED,2026-08-15 07:22:17.758975
T008672,C0481,M0028,39598.25,WALLET,SUCCESS,2026-07-15 09:54:53.744777
T008673,C0104,M0041,47928.48,NET_BANKING,SUCCESS,2026-08-07 06:41:57.887123
T008674,C0431,M0022,39668.3,UPI,SUCCESS,2026-09-05 02:44:03.511365
T008675,C0493,M0002,45053.92,NET_BANKING,SUCCESS,2026-06-12 06:07:01.896875
T008676,C0038,M0003,40769.1,CARD,SUCCESS,2026-08-25 12:52:18.682087
T008677,C0494,M0044,13161.6,WALLET,FAILED,2026-08-26 21:28:15.551837
T008678,C0108,M0005,12698.89,WALLET,SUCCESS,2026-07-10 21:14:29.929874
T008679,C0188,M0033,12463.47,NET_BANKING,SUCCESS,2026-06-27 07:26:35.997316
T008680,C0013,M0023,22002.81,UPI,PENDING,2026-07-27 21:49:35.382485
T008681,C0313,M0009,41586.07,WALLET,SUCCESS,2026-06-21 06:21:36.347047
T008682,C0161,M0034,8018.27,WALLET,SUCCESS,2026-07-18 01:53:27.372205
T008683,C0045,M0033,23091.29,UPI,SUCCESS,2026-09-01 23:52:58.812967
T008684,C0067,M0010,12929.52,UPI,SUCCESS,2026-06-09 13:57:36.730544
T008685,C0268,M0018,22150.93,CARD,SUCCESS,2026-09-05 14:03:19.744929
T008686,C0051,M0012,29912.91,CARD,SUCCESS,2026-08-22 01:05:31.330053
T008687,C0156,M0018,16958.61,WALLET,SUCCESS,2026-06-11 00:12:21.115021
T008688,C0212,M0018,44025.9,UPI,SUCCESS,2026-08-19 15:07:25.368349
T008689,C0473,M0033,32513.23,UPI,SUCCESS,2026-06-16 19:23:39.525143
T008690,C0030,M0025,9995.3,NET_BANKING,SUCCESS,2026-07-20 16:59:06.299437
T008691,C0431,M0006,40541.46,CARD,SUCCESS,2026-08-12 21:53:53.704842
T008692,C0271,M0031,20249.96,UPI,SUCCESS,2026-06-22 09:48:10.785108
T008693,C0312,M0001,32326.76,UPI,SUCCESS,2026-06-19 23:27:40.179741
T008694,C0339,M0014,36712.16,WALLET,SUCCESS,2026-08-09 05:40:08.731937
T008695,C0254,M0031,10329.36,NET_BANKING,SUCCESS,2026-07-28 20:32:04.942940
T008696,C0309,M0002,30906.86,UPI,SUCCESS,2026-08-31 23:10:01.826525
T008697,C0407,M0003,13154.91,CARD,SUCCESS,2026-08-20 00:18:42.422367
T008698,C0492,M0047,37527.45,CARD,FAILED,2026-07-12 09:54:04.067574
T008699,C0086,M0003,40142.83,UPI,PENDING,2026-06-25 03:43:43.382152
T008700,C0451,M0042,2175.18,NET_BANKING,SUCCESS,2026-08-15 08:22:51.372938
T008701,C0098,M0001,11953.59,UPI,SUCCESS,2026-08-07 19:54:39.299870
T008702,C0327,M0031,42134.58,WALLET,FAILED,2026-08-23 09:07:04.031287
T008703,C0227,M0001,40898.6,WALLET,SUCCESS,2026-06-09 19:18:45.623460
T008704,C0424,M0034,48473.68,NET_BANKING,SUCCESS,2026-06-25 12:03:56.085008
T008705,C0308,M0001,20281.88,WALLET,SUCCESS,2026-07-03 23:12:43.093978
T008706,C0254,M0002,15992.32,CARD,SUCCESS,2026-08-07 17:35:16.578103
T008707,C0350,M0034,17480.1,UPI,SUCCESS,2026-07-22 07:55:55.500292
T008708,C0460,M0002,48250.49,CARD,FAILED,2026-07-06 08:32:09.634773
T008709,C0287,M0021,45749.38,NET_BANKING,FAILED,2026-08-05 14:13:36.230742
T008710,C0156,M0032,41589.64,WALLET,SUCCESS,2026-06-26 22:14:46.750619
T008711,C0030,M0034,26172.05,CARD,SUCCESS,2026-07-13 03:55:22.381472
T008712,C0281,M0050,10556.42,CARD,SUCCESS,2026-08-29 11:40:35.277394
T008713,C0423,M0012,22594.94,UPI,SUCCESS,2026-08-29 21:42:01.415138
T008714,C0259,M0050,33786.2,NET_BANKING,SUCCESS,2026-06-11 03:13:14.802029
T008715,C0102,M0036,16777.2,NET_BANKING,FAILED,2026-07-08 08:03:34.175043
T008716,C0151,M0018,44425.51,CARD,FAILED,2026-08-12 21:27:21.701324
T008717,C0155,M0001,2232.13,UPI,SUCCESS,2026-07-14 18:37:54.748231
T008718,C0159,M0014,36380.59,WALLET,SUCCESS,2026-07-28 03:37:23.374606
T008719,C0362,M0012,34320.01,WALLET,SUCCESS,2026-08-18 10:06:04.783978
T008720,C0378,M0025,6919.17,WALLET,FAILED,2026-08-26 07:44:04.473653
T008721,C0054,M0012,41015.8,UPI,SUCCESS,2026-08-17 12:16:05.711615
T008722,C0127,M0027,36925.18,NET_BANKING,SUCCESS,2026-08-01 01:15:17.867577
T008723,C0358,M0046,7479.83,WALLET,SUCCESS,2026-08-06 19:41:14.351518
T008724,C0410,M0036,7028.11,WALLET,SUCCESS,2026-07-22 05:33:41.577943
T008725,C0196,M0018,25736.58,NET_BANKING,SUCCESS,2026-09-05 04:11:11.553683
T008726,C0027,M0036,46622.61,WALLET,SUCCESS,2026-08-02 01:06:51.726142
T008727,C0153,M0048,41307.02,CARD,SUCCESS,2026-06-14 10:39:06.253054
T008728,C0182,M0001,31368.41,NET_BANKING,SUCCESS,2026-08-18 05:48:16.742512
T008729,C0149,M0036,44215.98,WALLET,SUCCESS,2026-08-01 21:04:52.872542
T008730,C0110,M0016,49287.85,NET_BANKING,SUCCESS,2026-06-12 01:31:36.904579
T008731,C0116,M0025,37581.46,CARD,SUCCESS,2026-06-11 09:58:45.533186
T008732,C0090,M0024,2929.06,NET_BANKING,SUCCESS,2026-06-18 06:14:13.714245
T008733,C0023,M0003,31030.41,NET_BANKING,FAILED,2026-08-12 11:06:34.293577
T008734,C0100,M0045,1189.89,UPI,SUCCESS,2026-08-03 00:36:03.845845
T008735,C0335,M0005,24332.3,CARD,SUCCESS,2026-08-26 03:18:27.440791
T008736,C0113,M0004,2828.0,UPI,SUCCESS,2026-08-08 18:48:11.509057
T008737,C0121,M0025,9896.7,NET_BANKING,SUCCESS,2026-07-01 01:09:55.311918
T008738,C0088,M0043,7144.83,CARD,SUCCESS,2026-07-16 21:21:51.266579
T008739,C0082,M0029,35751.63,NET_BANKING,SUCCESS,2026-07-07 03:51:37.275385
T008740,C0306,M0037,1428.33,NET_BANKING,SUCCESS,2026-08-15 12:13:39.647766
T008741,C0059,M0016,29951.49,NET_BANKING,SUCCESS,2026-07-29 06:21:11.298799
T008742,C0013,M0043,15537.14,UPI,SUCCESS,2026-07-12 10:29:05.022444
T008743,C0230,M0029,43215.37,WALLET,SUCCESS,2026-08-27 18:31:11.562141
T008744,C0381,M0023,4001.18,WALLET,SUCCESS,2026-09-05 10:45:22.362721
T008745,C0232,M0045,14594.94,WALLET,SUCCESS,2026-08-06 12:13:51.099200
T008746,C0426,M0019,12293.92,WALLET,SUCCESS,2026-08-19 03:33:57.913671
T008747,C0062,M0010,48492.33,CARD,SUCCESS,2026-07-31 00:38:51.829645
T008748,C0260,M0046,49847.43,WALLET,SUCCESS,2026-06-28 21:03:12.721032
T008749,C0200,M0011,8549.15,NET_BANKING,SUCCESS,2026-06-13 02:03:07.685313
T008750,C0245,M0011,44466.22,CARD,SUCCESS,2026-07-08 18:41:19.597641
T008751,C0081,M0042,8338.96,NET_BANKING,SUCCESS,2026-08-17 09:08:08.259056
T008752,C0045,M0032,5094.32,WALLET,SUCCESS,2026-07-07 11:32:18.413896
T008753,C0177,M0018,9906.88,CARD,SUCCESS,2026-08-10 17:45:59.534526
T008754,C0330,M0003,47279.75,UPI,SUCCESS,2026-07-14 13:19:53.536201
T008755,C0449,M0030,28762.06,WALLET,SUCCESS,2026-07-12 13:55:53.315757
T008756,C0121,M0042,34648.99,UPI,SUCCESS,2026-08-13 06:34:20.646219
T008757,C0391,M0015,47333.65,NET_BANKING,SUCCESS,2026-06-27 21:14:46.148802
T008758,C0206,M0039,40149.42,UPI,FAILED,2026-08-24 13:45:35.720850
T008759,C0169,M0039,7795.72,WALLET,SUCCESS,2026-07-14 19:22:17.089046
T008760,C0208,M0034,18712.05,WALLET,SUCCESS,2026-08-11 12:33:55.990444
T008761,C0203,M0047,42206.6,NET_BANKING,SUCCESS,2026-07-03 10:10:13.385683
T008762,C0420,M0050,41630.92,NET_BANKING,SUCCESS,2026-08-13 12:02:57.086510
T008763,C0493,M0035,19975.58,NET_BANKING,SUCCESS,2026-06-20 20:27:03.528613
T008764,C0429,M0018,16216.47,NET_BANKING,SUCCESS,2026-07-23 13:42:36.939161
T008765,C0153,M0025,9549.89,WALLET,FAILED,2026-08-30 21:30:13.408565
T008766,C0154,M0019,16453.78,WALLET,SUCCESS,2026-08-31 13:04:51.045482
T008767,C0254,M0026,22371.37,NET_BANKING,SUCCESS,2026-07-28 03:28:44.006814
T008768,C0195,M0026,5759.76,UPI,SUCCESS,2026-08-26 05:35:11.637574
T008769,C0321,M0009,40714.92,NET_BANKING,SUCCESS,2026-08-05 10:29:08.217032
T008770,C0424,M0044,38409.26,WALLET,SUCCESS,2026-07-16 03:43:50.641575
T008771,C0211,M0001,29454.86,NET_BANKING,SUCCESS,2026-07-10 21:13:16.321180
T008772,C0361,M0013,26600.77,NET_BANKING,SUCCESS,2026-08-09 16:58:25.499628
T008773,C0227,M0040,248.33,UPI,SUCCESS,2026-06-27 19:18:40.768570
T008774,C0364,M0009,19561.13,CARD,SUCCESS,2026-08-29 07:24:11.787905
T008775,C0366,M0030,21536.76,UPI,SUCCESS,2026-06-27 20:26:18.249515
T008776,C0487,M0009,35616.78,UPI,SUCCESS,2026-07-09 07:03:13.777585
T008777,C0430,M0003,34276.04,CARD,SUCCESS,2026-07-01 06:54:53.132193
T008778,C0156,M0037,38174.27,NET_BANKING,SUCCESS,2026-09-03 05:10:40.077941
T008779,C0495,M0035,22837.98,CARD,SUCCESS,2026-06-28 20:08:37.632082
T008780,C0136,M0021,15945.82,UPI,SUCCESS,2026-07-10 13:41:26.545714
T008781,C0145,M0023,48783.58,UPI,SUCCESS,2026-08-27 17:59:41.143505
T008782,C0329,M0006,22219.39,UPI,SUCCESS,2026-07-14 09:22:39.420901
T008783,C0456,M0021,35182.84,CARD,SUCCESS,2026-06-15 21:54:18.750930
T008784,C0420,M0014,27186.2,UPI,SUCCESS,2026-07-02 21:36:39.249320
T008785,C0086,M0048,13989.97,UPI,SUCCESS,2026-07-02 14:06:24.731726
T008786,C0141,M0033,15743.86,WALLET,SUCCESS,2026-06-15 20:12:29.043990
T008787,C0403,M0022,15926.36,WALLET,SUCCESS,2026-06-11 17:42:38.488468
T008788,C0377,M0008,35486.9,NET_BANKING,FAILED,2026-06-30 05:19:46.772047
T008789,C0450,M0010,23766.21,CARD,SUCCESS,2026-08-05 20:36:29.503075
T008790,C0111,M0044,32228.83,WALLET,SUCCESS,2026-06-25 03:27:56.001042
T008791,C0459,M0029,1905.81,WALLET,SUCCESS,2026-06-16 21:38:41.813303
T008792,C0062,M0048,32115.72,UPI,SUCCESS,2026-07-11 18:41:39.590843
T008793,C0206,M0038,6523.84,WALLET,SUCCESS,2026-07-02 19:26:51.887619
T008794,C0416,M0021,27080.02,WALLET,SUCCESS,2026-09-04 22:28:37.730468
T008795,C0306,M0014,1555.76,WALLET,SUCCESS,2026-09-02 17:42:51.738186
T008796,C0090,M0046,38431.87,NET_BANKING,SUCCESS,2026-07-21 07:43:35.367160
T008797,C0248,M0008,28664.54,UPI,SUCCESS,2026-06-11 14:18:46.776499
T008798,C0416,M0012,2260.08,WALLET,SUCCESS,2026-07-26 03:16:25.901512
T008799,C0414,M0025,3852.74,CARD,SUCCESS,2026-07-29 07:19:22.831290
T008800,C0107,M0007,21097.92,NET_BANKING,SUCCESS,2026-07-31 20:31:54.200620
T008801,C0011,M0031,42198.12,CARD,SUCCESS,2026-07-20 04:35:02.443259
T008802,C0401,M0039,31659.78,UPI,FAILED,2026-08-23 13:32:35.022346
T008803,C0450,M0041,24317.63,NET_BANKING,SUCCESS,2026-06-26 02:34:44.753318
T008804,C0075,M0050,32322.05,UPI,SUCCESS,2026-07-12 09:53:44.616747
T008805,C0187,M0020,29128.91,CARD,SUCCESS,2026-06-26 23:12:30.739544
T008806,C0340,M0015,33695.9,NET_BANKING,SUCCESS,2026-09-05 17:02:50.535372
T008807,C0277,M0033,41425.78,UPI,SUCCESS,2026-08-22 00:47:45.217209
T008808,C0310,M0022,38602.54,UPI,SUCCESS,2026-08-01 16:50:12.789906
T008809,C0068,M0010,5746.83,WALLET,SUCCESS,2026-07-24 14:30:21.416689
T008810,C0308,M0022,42653.7,UPI,SUCCESS,2026-07-06 10:40:44.929372
T008811,C0119,M0018,19614.57,UPI,SUCCESS,2026-09-04 20:11:54.215979
T008812,C0097,M0007,6817.9,CARD,SUCCESS,2026-08-08 21:06:49.976241
T008813,C0190,M0006,34622.78,CARD,SUCCESS,2026-07-10 19:26:30.494256
T008814,C0340,M0022,14347.55,CARD,FAILED,2026-09-02 23:30:03.915747
T008815,C0144,M0004,16511.34,WALLET,SUCCESS,2026-07-06 20:56:11.754382
T008816,C0274,M0012,19892.81,NET_BANKING,SUCCESS,2026-07-26 14:54:13.531121
T008817,C0415,M0010,1780.1,WALLET,SUCCESS,2026-08-18 15:08:26.301647
T008818,C0164,M0018,24051.66,WALLET,SUCCESS,2026-07-07 12:07:21.974166
T008819,C0454,M0040,30393.18,UPI,PENDING,2026-06-21 16:44:45.740958
T008820,C0386,M0011,12163.66,WALLET,SUCCESS,2026-07-25 06:49:43.397666
T008821,C0034,M0014,23559.49,WALLET,SUCCESS,2026-08-20 12:24:40.052631
T008822,C0371,M0032,34058.71,UPI,SUCCESS,2026-07-24 20:13:42.584868
T008823,C0168,M0011,24733.81,UPI,PENDING,2026-08-16 13:38:19.774081
T008824,C0478,M0021,9979.96,WALLET,SUCCESS,2026-07-31 01:22:20.701483
T008825,C0156,M0014,9530.96,NET_BANKING,SUCCESS,2026-07-01 02:59:45.000716
T008826,C0488,M0039,32516.17,CARD,SUCCESS,2026-08-04 01:00:02.087657
T008827,C0498,M0045,23763.09,NET_BANKING,SUCCESS,2026-06-10 04:19:27.027594
T008828,C0082,M0021,3820.21,UPI,SUCCESS,2026-07-29 01:44:32.821736
T008829,C0423,M0012,7912.62,CARD,SUCCESS,2026-06-30 13:49:12.040029
T008830,C0135,M0040,30334.18,CARD,PENDING,2026-07-10 22:12:23.668414
T008831,C0247,M0024,22410.35,UPI,FAILED,2026-08-02 11:06:05.332349
T008832,C0066,M0001,49560.78,WALLET,SUCCESS,2026-07-18 08:51:06.011375
T008833,C0496,M0031,1378.37,CARD,SUCCESS,2026-07-06 12:30:25.067169
T008834,C0019,M0032,43640.05,CARD,FAILED,2026-07-24 03:17:52.616049
T008835,C0113,M0026,41635.37,NET_BANKING,SUCCESS,2026-08-17 09:06:57.659699
T008836,C0336,M0037,10420.68,CARD,SUCCESS,2026-08-12 01:26:11.565639
T008837,C0066,M0034,33498.59,CARD,SUCCESS,2026-07-26 02:58:50.102256
T008838,C0467,M0042,38124.01,WALLET,FAILED,2026-06-08 02:10:57.674012
T008839,C0314,M0029,45168.91,UPI,SUCCESS,2026-07-14 06:27:39.418587
T008840,C0097,M0038,14990.76,CARD,SUCCESS,2026-08-27 15:59:31.089348
T008841,C0087,M0001,41331.93,WALLET,SUCCESS,2026-06-16 21:58:23.118809
T008842,C0433,M0029,6572.0,NET_BANKING,SUCCESS,2026-06-19 07:59:17.636843
T008843,C0500,M0043,15352.05,CARD,FAILED,2026-07-08 17:25:17.524635
T008844,C0282,M0038,14857.12,CARD,SUCCESS,2026-08-06 10:21:13.501928
T008845,C0294,M0041,28926.75,UPI,SUCCESS,2026-07-29 21:16:40.724169
T008846,C0025,M0008,39152.99,CARD,SUCCESS,2026-06-18 08:38:42.169020
T008847,C0330,M0014,24936.9,NET_BANKING,SUCCESS,2026-06-08 12:03:05.993261
T008848,C0291,M0002,35793.22,NET_BANKING,SUCCESS,2026-08-06 13:05:09.599574
T008849,C0485,M0009,19055.97,WALLET,SUCCESS,2026-08-26 13:37:16.961410
T008850,C0378,M0039,11945.5,NET_BANKING,SUCCESS,2026-09-04 22:02:12.413434
T008851,C0063,M0013,45192.83,UPI,SUCCESS,2026-08-06 17:11:56.084426
T008852,C0321,M0035,16911.37,CARD,SUCCESS,2026-08-11 20:03:32.085904
T008853,C0302,M0026,48529.45,CARD,SUCCESS,2026-07-17 16:07:23.105410
T008854,C0421,M0038,35900.61,NET_BANKING,SUCCESS,2026-08-13 06:30:31.829022
T008855,C0391,M0034,23704.27,WALLET,SUCCESS,2026-06-27 19:53:46.721625
T008856,C0180,M0043,36499.98,UPI,SUCCESS,2026-07-10 21:31:58.887267
T008857,C0015,M0039,21477.12,UPI,SUCCESS,2026-08-24 02:04:40.300533
T008858,C0195,M0046,41649.71,NET_BANKING,SUCCESS,2026-08-27 04:18:51.077884
T008859,C0380,M0025,23424.26,UPI,SUCCESS,2026-08-02 19:45:24.293518
T008860,C0435,M0045,27927.22,UPI,SUCCESS,2026-07-18 17:40:17.492748
T008861,C0374,M0007,47391.78,CARD,SUCCESS,2026-09-05 03:40:14.681615
T008862,C0219,M0006,46049.27,UPI,SUCCESS,2026-07-01 14:04:43.495077
T008863,C0468,M0022,6179.36,UPI,FAILED,2026-08-13 21:19:14.778806
T008864,C0450,M0025,30498.51,NET_BANKING,SUCCESS,2026-06-25 01:57:07.710819
T008865,C0225,M0047,41447.77,CARD,SUCCESS,2026-08-27 08:43:57.083134
T008866,C0194,M0032,1415.2,WALLET,SUCCESS,2026-07-15 22:59:52.718537
T008867,C0464,M0020,29069.82,NET_BANKING,SUCCESS,2026-07-10 11:08:05.134960
T008868,C0371,M0028,46403.66,NET_BANKING,SUCCESS,2026-08-28 12:30:34.322271
T008869,C0204,M0043,44473.24,UPI,FAILED,2026-08-08 21:57:20.127016
T008870,C0428,M0005,31975.88,CARD,SUCCESS,2026-07-13 00:23:05.170269
T008871,C0043,M0015,31481.28,WALLET,SUCCESS,2026-08-19 13:31:34.337716
T008872,C0177,M0023,31942.25,CARD,FAILED,2026-08-27 04:07:43.039788
T008873,C0127,M0038,39895.33,CARD,SUCCESS,2026-09-03 18:19:47.642158
T008874,C0400,M0049,30263.28,NET_BANKING,SUCCESS,2026-06-24 22:38:00.974860
T008875,C0303,M0016,39273.28,UPI,SUCCESS,2026-07-01 16:53:04.169753
T008876,C0269,M0036,7728.42,UPI,SUCCESS,2026-06-25 10:47:45.332282
T008877,C0346,M0049,37496.09,NET_BANKING,SUCCESS,2026-08-14 05:00:14.621651
T008878,C0157,M0004,6359.63,CARD,SUCCESS,2026-08-15 00:16:43.290836
T008879,C0360,M0039,46726.72,CARD,SUCCESS,2026-07-03 00:27:03.924295
T008880,C0122,M0026,43714.07,CARD,FAILED,2026-06-27 09:26:06.776049
T008881,C0349,M0004,24646.04,UPI,SUCCESS,2026-06-18 09:18:16.205534
T008882,C0390,M0044,42452.0,NET_BANKING,SUCCESS,2026-08-15 15:01:47.638542
T008883,C0280,M0002,48762.25,NET_BANKING,FAILED,2026-09-05 06:54:49.814659
T008884,C0433,M0027,10349.64,NET_BANKING,SUCCESS,2026-08-21 02:50:40.087831
T008885,C0393,M0023,48127.29,NET_BANKING,SUCCESS,2026-06-17 01:32:44.799541
T008886,C0164,M0011,38666.74,CARD,SUCCESS,2026-07-08 02:11:54.083698
T008887,C0368,M0034,21465.23,CARD,SUCCESS,2026-08-02 03:55:36.027918
T008888,C0220,M0032,12392.92,CARD,SUCCESS,2026-07-08 13:13:01.824171
T008889,C0072,M0025,3451.31,CARD,SUCCESS,2026-08-04 18:59:53.138753
T008890,C0321,M0037,949.0,CARD,SUCCESS,2026-08-16 10:08:57.535572
T008891,C0426,M0044,48692.04,NET_BANKING,SUCCESS,2026-07-17 16:24:12.130839
T008892,C0043,M0028,7811.78,UPI,SUCCESS,2026-07-06 11:49:32.219882
T008893,C0385,M0003,13779.96,NET_BANKING,SUCCESS,2026-09-01 13:00:01.618755
T008894,C0343,M0033,4127.55,UPI,SUCCESS,2026-08-11 22:20:46.501659
T008895,C0154,M0044,22977.35,UPI,SUCCESS,2026-07-05 00:49:38.813580
T008896,C0439,M0034,43919.04,WALLET,FAILED,2026-07-14 23:47:50.402628
T008897,C0086,M0031,28066.94,CARD,SUCCESS,2026-07-04 18:50:08.007293
T008898,C0394,M0023,20114.49,NET_BANKING,SUCCESS,2026-06-14 06:35:00.316970
T008899,C0430,M0041,28480.71,NET_BANKING,FAILED,2026-07-17 22:27:44.887500
T008900,C0057,M0031,2240.15,UPI,SUCCESS,2026-07-17 17:20:29.493107
T008901,C0004,M0030,11785.63,CARD,SUCCESS,2026-08-27 14:40:14.571940
T008902,C0135,M0030,14636.04,UPI,SUCCESS,2026-06-16 15:43:57.520807
T008903,C0369,M0017,39462.89,NET_BANKING,SUCCESS,2026-08-30 18:41:42.171696
T008904,C0134,M0036,32799.56,CARD,SUCCESS,2026-08-07 08:56:04.530544
T008905,C0006,M0001,1336.52,CARD,FAILED,2026-07-06 02:50:08.886312
T008906,C0363,M0026,286.18,UPI,SUCCESS,2026-08-09 14:52:21.331713
T008907,C0371,M0041,1944.74,UPI,FAILED,2026-06-09 03:23:39.006954
T008908,C0061,M0033,40602.63,NET_BANKING,SUCCESS,2026-08-19 08:58:22.635712
T008909,C0127,M0041,4099.57,NET_BANKING,SUCCESS,2026-07-22 22:03:25.578955
T008910,C0432,M0042,32365.87,UPI,SUCCESS,2026-08-26 23:20:15.413638
T008911,C0307,M0048,49801.2,WALLET,SUCCESS,2026-06-22 14:27:09.006854
T008912,C0376,M0008,6207.88,UPI,SUCCESS,2026-08-02 11:14:51.252334
T008913,C0431,M0008,30802.9,UPI,SUCCESS,2026-07-11 16:24:38.272386
T008914,C0281,M0006,44840.02,WALLET,SUCCESS,2026-08-14 19:43:58.998578
T008915,C0166,M0007,23825.21,CARD,SUCCESS,2026-08-26 23:54:31.979830
T008916,C0203,M0022,33515.06,WALLET,FAILED,2026-08-07 11:26:04.784129
T008917,C0170,M0044,2734.66,CARD,SUCCESS,2026-08-17 20:38:43.651021
T008918,C0241,M0001,18759.89,NET_BANKING,SUCCESS,2026-08-21 15:35:43.997750
T008919,C0131,M0039,35046.11,UPI,FAILED,2026-08-10 12:21:07.397022
T008920,C0146,M0028,46047.3,UPI,PENDING,2026-07-20 10:52:29.771644
T008921,C0497,M0011,8806.83,UPI,SUCCESS,2026-08-28 07:24:04.418425
T008922,C0237,M0009,41855.29,NET_BANKING,SUCCESS,2026-07-13 14:54:53.210664
T008923,C0325,M0043,25645.87,WALLET,SUCCESS,2026-07-27 14:34:34.435823
T008924,C0062,M0049,19334.19,UPI,SUCCESS,2026-06-13 07:04:40.881573
T008925,C0390,M0030,45348.87,CARD,SUCCESS,2026-07-24 12:49:23.306555
T008926,C0044,M0014,19452.29,UPI,FAILED,2026-08-21 13:12:17.793275
T008927,C0247,M0005,45471.16,NET_BANKING,SUCCESS,2026-08-24 08:25:16.075136
T008928,C0492,M0036,29431.19,NET_BANKING,SUCCESS,2026-06-10 03:33:55.406332
T008929,C0016,M0022,7575.19,UPI,SUCCESS,2026-08-23 21:52:11.632826
T008930,C0187,M0030,42536.13,UPI,SUCCESS,2026-06-09 18:34:27.132580
T008931,C0108,M0048,37483.85,UPI,SUCCESS,2026-07-17 08:11:51.440477
T008932,C0347,M0032,22881.27,CARD,SUCCESS,2026-06-08 21:29:19.707577
T008933,C0459,M0024,11406.98,NET_BANKING,SUCCESS,2026-07-03 18:25:17.536999
T008934,C0011,M0049,36971.3,NET_BANKING,SUCCESS,2026-06-17 09:58:47.584943
T008935,C0370,M0049,10115.34,WALLET,SUCCESS,2026-06-13 23:53:41.889423
T008936,C0161,M0040,18991.63,WALLET,SUCCESS,2026-08-23 20:20:54.646322
T008937,C0250,M0042,39960.58,NET_BANKING,SUCCESS,2026-07-25 00:16:07.339947
T008938,C0434,M0021,23357.28,WALLET,SUCCESS,2026-07-20 21:37:10.609606
T008939,C0340,M0017,25783.35,NET_BANKING,SUCCESS,2026-07-21 19:14:47.196563
T008940,C0208,M0001,26592.32,CARD,SUCCESS,2026-06-18 03:05:23.708182
T008941,C0188,M0041,49551.6,CARD,SUCCESS,2026-06-11 06:50:24.705307
T008942,C0302,M0004,22001.96,CARD,SUCCESS,2026-07-23 14:56:56.716284
T008943,C0427,M0027,8217.06,UPI,SUCCESS,2026-08-31 02:54:05.659840
T008944,C0493,M0002,21103.75,WALLET,SUCCESS,2026-07-06 10:43:37.047106
T008945,C0387,M0027,25059.71,CARD,SUCCESS,2026-07-13 03:18:19.245851
T008946,C0480,M0014,21948.74,UPI,SUCCESS,2026-06-13 18:54:42.811402
T008947,C0069,M0024,28300.58,WALLET,SUCCESS,2026-06-24 01:42:12.251448
T008948,C0341,M0032,46176.35,CARD,SUCCESS,2026-06-16 04:49:21.592534
T008949,C0247,M0017,3804.75,WALLET,SUCCESS,2026-08-02 12:50:07.499528
T008950,C0208,M0002,33818.07,UPI,SUCCESS,2026-06-09 04:43:40.545643
T008951,C0393,M0012,24013.31,CARD,SUCCESS,2026-07-31 03:11:03.849319
T008952,C0004,M0004,10038.12,WALLET,SUCCESS,2026-08-16 16:19:46.063820
T008953,C0441,M0032,22489.76,NET_BANKING,SUCCESS,2026-08-31 07:39:20.299942
T008954,C0374,M0009,35396.77,WALLET,SUCCESS,2026-08-29 06:43:57.983605
T008955,C0254,M0001,12978.35,WALLET,SUCCESS,2026-06-28 17:16:28.250323
T008956,C0123,M0036,22151.51,WALLET,SUCCESS,2026-07-07 13:05:03.764925
T008957,C0448,M0009,49325.89,NET_BANKING,SUCCESS,2026-07-07 12:37:24.943982
T008958,C0296,M0044,15896.79,NET_BANKING,SUCCESS,2026-06-08 03:11:02.794040
T008959,C0483,M0012,31802.84,CARD,SUCCESS,2026-07-03 16:34:56.121906
T008960,C0315,M0040,12497.58,NET_BANKING,SUCCESS,2026-08-13 03:19:54.810265
T008961,C0022,M0007,35841.37,UPI,SUCCESS,2026-06-21 12:19:40.291489
T008962,C0422,M0029,24444.27,NET_BANKING,SUCCESS,2026-06-10 22:15:46.656772
T008963,C0345,M0046,35844.57,CARD,SUCCESS,2026-07-01 22:10:09.638716
T008964,C0225,M0010,4519.18,NET_BANKING,SUCCESS,2026-08-04 15:00:35.873743
T008965,C0114,M0050,24510.65,UPI,FAILED,2026-07-17 19:54:31.250771
T008966,C0202,M0009,18938.34,NET_BANKING,SUCCESS,2026-08-02 07:42:44.525758
T008967,C0363,M0049,24645.93,WALLET,SUCCESS,2026-08-09 08:50:29.997096
T008968,C0166,M0014,27542.88,UPI,SUCCESS,2026-08-23 02:46:56.054663
T008969,C0493,M0050,23390.98,WALLET,SUCCESS,2026-08-25 08:32:37.952603
T008970,C0077,M0048,12834.47,NET_BANKING,SUCCESS,2026-07-17 00:47:00.771678
T008971,C0175,M0016,49527.49,WALLET,FAILED,2026-08-25 21:20:31.051798
T008972,C0433,M0034,5503.6,WALLET,SUCCESS,2026-08-15 17:52:55.953920
T008973,C0205,M0028,19187.15,UPI,SUCCESS,2026-06-21 08:56:25.931374
T008974,C0059,M0021,32969.85,UPI,SUCCESS,2026-07-03 08:01:54.710705
T008975,C0260,M0035,11481.87,CARD,SUCCESS,2026-06-11 05:47:13.264739
T008976,C0439,M0022,34628.23,CARD,SUCCESS,2026-08-07 20:41:59.233945
T008977,C0500,M0023,43228.15,UPI,SUCCESS,2026-06-11 03:40:04.553047
T008978,C0094,M0024,35916.91,CARD,PENDING,2026-07-21 19:25:40.213497
T008979,C0478,M0005,41883.14,WALLET,SUCCESS,2026-08-04 16:46:15.595795
T008980,C0365,M0045,9555.51,WALLET,FAILED,2026-06-17 22:31:11.264382
T008981,C0184,M0050,31640.26,NET_BANKING,SUCCESS,2026-08-20 02:43:29.245806
T008982,C0342,M0046,23294.78,CARD,SUCCESS,2026-07-24 21:16:08.870918
T008983,C0170,M0031,43564.58,UPI,SUCCESS,2026-07-17 02:22:12.464664
T008984,C0428,M0029,5370.72,UPI,FAILED,2026-08-04 20:36:46.290078
T008985,C0172,M0020,47780.1,UPI,SUCCESS,2026-09-03 21:08:01.063979
T008986,C0226,M0036,24094.13,UPI,SUCCESS,2026-06-13 22:24:13.527325
T008987,C0213,M0046,47973.33,WALLET,SUCCESS,2026-06-26 09:54:49.358270
T008988,C0391,M0032,17431.04,NET_BANKING,SUCCESS,2026-06-17 19:58:21.302772
T008989,C0310,M0011,42222.98,CARD,SUCCESS,2026-07-30 16:27:01.508494
T008990,C0156,M0049,10056.51,NET_BANKING,SUCCESS,2026-08-10 11:42:25.570026
T008991,C0359,M0013,20790.79,WALLET,SUCCESS,2026-08-13 17:00:55.890458
T008992,C0357,M0016,41094.26,NET_BANKING,SUCCESS,2026-08-21 08:11:42.438391
T008993,C0434,M0009,37998.88,NET_BANKING,SUCCESS,2026-08-10 09:50:08.131604
T008994,C0047,M0013,22681.88,CARD,SUCCESS,2026-08-31 11:05:16.179899
T008995,C0095,M0026,9771.66,UPI,SUCCESS,2026-08-14 02:14:18.677726
T008996,C0401,M0004,1220.31,WALLET,SUCCESS,2026-08-18 22:09:21.746530
T008997,C0098,M0001,8963.66,UPI,SUCCESS,2026-07-17 23:36:04.107474
T008998,C0213,M0030,3232.24,WALLET,SUCCESS,2026-06-10 15:58:18.513341
T008999,C0401,M0010,26682.11,UPI,FAILED,2026-07-11 21:36:21.918842
T009000,C0279,M0029,5615.54,CARD,SUCCESS,2026-09-04 17:15:51.868237
T009001,C0140,M0039,42591.06,UPI,SUCCESS,2026-08-23 19:36:55.467335
T009002,C0207,M0034,48125.76,UPI,SUCCESS,2026-07-17 23:53:20.042546
T009003,C0271,M0026,48780.32,NET_BANKING,SUCCESS,2026-06-07 22:12:56.400915
T009004,C0099,M0014,22546.82,CARD,SUCCESS,2026-08-08 17:45:06.870989
T009005,C0029,M0035,31597.09,NET_BANKING,SUCCESS,2026-07-30 16:12:51.208080
T009006,C0227,M0027,22492.58,WALLET,SUCCESS,2026-06-17 04:10:01.308919
T009007,C0340,M0017,15906.79,WALLET,SUCCESS,2026-07-05 16:33:13.644788
T009008,C0226,M0031,21076.81,CARD,FAILED,2026-06-12 22:09:12.228514
T009009,C0027,M0011,30702.49,NET_BANKING,SUCCESS,2026-08-23 13:57:12.599214
T009010,C0309,M0002,12512.14,UPI,SUCCESS,2026-09-02 02:14:09.559360
T009011,C0295,M0049,5244.32,WALLET,SUCCESS,2026-06-19 23:58:22.184276
T009012,C0128,M0030,19019.68,WALLET,SUCCESS,2026-08-04 17:33:56.793981
T009013,C0470,M0002,11703.52,UPI,SUCCESS,2026-06-19 18:00:57.416602
T009014,C0261,M0021,36146.16,CARD,SUCCESS,2026-07-29 17:23:26.062907
T009015,C0466,M0002,13892.73,UPI,SUCCESS,2026-07-26 11:42:12.066452
T009016,C0220,M0019,33153.53,UPI,SUCCESS,2026-06-24 09:34:57.460276
T009017,C0306,M0031,33467.24,CARD,SUCCESS,2026-07-31 07:47:06.519336
T009018,C0148,M0035,5631.39,WALLET,SUCCESS,2026-07-12 12:29:27.304067
T009019,C0452,M0006,41550.8,WALLET,SUCCESS,2026-08-31 09:23:24.095481
T009020,C0293,M0040,27583.43,NET_BANKING,SUCCESS,2026-08-08 05:44:35.100520
T009021,C0089,M0004,47768.92,CARD,SUCCESS,2026-07-13 06:35:59.219237
T009022,C0383,M0014,8692.88,NET_BANKING,SUCCESS,2026-06-17 12:14:59.473993
T009023,C0116,M0004,11749.29,UPI,SUCCESS,2026-06-30 06:26:34.444563
T009024,C0098,M0038,33047.45,UPI,SUCCESS,2026-08-16 23:34:32.829593
T009025,C0356,M0044,38220.6,WALLET,SUCCESS,2026-06-25 10:15:14.902615
T009026,C0121,M0006,7760.04,UPI,SUCCESS,2026-07-21 12:47:50.917532
T009027,C0395,M0043,48015.31,NET_BANKING,SUCCESS,2026-07-30 16:36:04.173468
T009028,C0341,M0005,41062.01,WALLET,SUCCESS,2026-06-11 02:56:59.663133
T009029,C0240,M0001,22552.08,NET_BANKING,SUCCESS,2026-06-29 07:57:01.818976
T009030,C0327,M0022,15697.46,CARD,PENDING,2026-07-23 12:42:19.439969
T009031,C0399,M0040,25147.8,CARD,SUCCESS,2026-07-27 15:02:48.545754
T009032,C0441,M0047,30864.3,CARD,SUCCESS,2026-08-22 11:22:57.434214
T009033,C0480,M0041,37872.74,WALLET,SUCCESS,2026-08-31 16:15:57.287275
T009034,C0113,M0036,11123.25,UPI,SUCCESS,2026-07-25 10:14:02.317887
T009035,C0017,M0017,32438.57,CARD,SUCCESS,2026-07-30 09:15:40.951219
T009036,C0180,M0006,24262.96,NET_BANKING,FAILED,2026-08-31 07:46:38.460464
T009037,C0293,M0048,8569.97,NET_BANKING,SUCCESS,2026-07-10 03:01:44.756814
T009038,C0161,M0012,5248.25,UPI,SUCCESS,2026-07-29 15:28:11.584042
T009039,C0148,M0036,10838.56,CARD,SUCCESS,2026-06-18 00:29:52.815730
T009040,C0017,M0030,2026.42,UPI,SUCCESS,2026-08-30 13:27:11.882578
T009041,C0470,M0029,9679.68,CARD,SUCCESS,2026-08-11 23:43:39.825737
T009042,C0368,M0015,1631.38,UPI,FAILED,2026-08-28 23:06:52.435047
T009043,C0126,M0043,13948.11,UPI,SUCCESS,2026-08-28 01:57:27.482596
T009044,C0039,M0008,1957.23,WALLET,SUCCESS,2026-08-22 19:58:40.628827
T009045,C0382,M0012,30040.76,UPI,SUCCESS,2026-08-02 02:50:37.506168
T009046,C0033,M0010,45502.13,WALLET,FAILED,2026-07-26 03:36:15.854339
T009047,C0038,M0037,41679.04,NET_BANKING,SUCCESS,2026-08-28 20:02:56.369657
T009048,C0475,M0007,30685.03,WALLET,SUCCESS,2026-08-12 13:51:59.645589
T009049,C0322,M0025,17755.27,NET_BANKING,SUCCESS,2026-07-22 18:25:28.284019
T009050,C0126,M0003,17002.82,NET_BANKING,FAILED,2026-07-01 09:25:52.469366
T009051,C0097,M0006,28329.75,WALLET,SUCCESS,2026-08-28 01:09:33.539196
T009052,C0027,M0027,21547.49,WALLET,SUCCESS,2026-08-11 08:28:37.526021
T009053,C0211,M0031,6177.4,CARD,SUCCESS,2026-06-08 14:55:24.363482
T009054,C0025,M0021,9502.04,NET_BANKING,SUCCESS,2026-06-28 02:48:55.738466
T009055,C0287,M0005,19869.54,WALLET,SUCCESS,2026-08-06 12:30:46.069266
T009056,C0216,M0048,28867.97,NET_BANKING,SUCCESS,2026-08-22 02:54:15.042351
T009057,C0033,M0044,2219.42,WALLET,FAILED,2026-06-29 22:01:11.908374
T009058,C0220,M0039,47932.72,NET_BANKING,SUCCESS,2026-06-16 12:09:48.172744
T009059,C0104,M0014,8892.61,UPI,SUCCESS,2026-08-21 23:16:18.785422
T009060,C0057,M0026,28223.4,WALLET,SUCCESS,2026-07-29 00:52:50.414843
T009061,C0091,M0033,11917.47,CARD,SUCCESS,2026-07-06 14:08:12.818819
T009062,C0157,M0023,6489.99,UPI,SUCCESS,2026-08-03 07:42:49.679929
T009063,C0209,M0022,11962.57,NET_BANKING,SUCCESS,2026-06-23 10:36:15.004460
T009064,C0156,M0047,47021.42,WALLET,SUCCESS,2026-06-18 22:43:30.321692
T009065,C0478,M0027,19032.79,NET_BANKING,SUCCESS,2026-08-30 13:21:28.288820
T009066,C0267,M0006,11083.43,WALLET,FAILED,2026-06-12 11:11:58.484778
T009067,C0444,M0025,26690.25,UPI,SUCCESS,2026-07-03 05:40:20.994063
T009068,C0036,M0049,49226.66,CARD,SUCCESS,2026-06-08 15:47:41.959962
T009069,C0032,M0037,23128.22,CARD,SUCCESS,2026-08-07 17:07:47.781540
T009070,C0067,M0005,33922.96,NET_BANKING,SUCCESS,2026-08-04 22:52:15.317618
T009071,C0451,M0003,42810.69,NET_BANKING,SUCCESS,2026-06-26 12:01:05.158272
T009072,C0026,M0048,4585.61,WALLET,SUCCESS,2026-07-04 23:49:47.115557
T009073,C0296,M0010,37181.46,WALLET,SUCCESS,2026-07-29 02:47:36.506644
T009074,C0396,M0001,46331.35,NET_BANKING,SUCCESS,2026-08-11 11:59:30.242183
T009075,C0117,M0008,6923.63,CARD,SUCCESS,2026-07-11 20:24:55.526023
T009076,C0256,M0019,21945.28,CARD,SUCCESS,2026-06-30 11:07:24.546724
T009077,C0073,M0010,36845.55,WALLET,SUCCESS,2026-06-26 05:21:42.675530
T009078,C0013,M0037,24970.61,WALLET,SUCCESS,2026-07-25 07:56:54.320619
T009079,C0278,M0039,48581.6,WALLET,SUCCESS,2026-06-19 00:18:11.057985
T009080,C0443,M0002,2789.9,UPI,SUCCESS,2026-08-11 16:34:52.541634
T009081,C0172,M0025,23971.71,NET_BANKING,SUCCESS,2026-06-13 19:26:49.314840
T009082,C0486,M0031,40381.4,NET_BANKING,SUCCESS,2026-07-09 04:14:39.202167
T009083,C0316,M0030,27156.47,WALLET,SUCCESS,2026-07-11 08:06:45.515057
T009084,C0445,M0044,47420.39,WALLET,SUCCESS,2026-07-05 05:55:22.483648
T009085,C0207,M0022,11249.63,WALLET,SUCCESS,2026-07-25 10:17:13.396190
T009086,C0192,M0016,20972.64,NET_BANKING,SUCCESS,2026-08-17 22:49:14.244256
T009087,C0356,M0004,16683.21,WALLET,SUCCESS,2026-08-20 01:37:19.733517
T009088,C0210,M0021,19961.97,UPI,SUCCESS,2026-07-26 12:09:01.413939
T009089,C0090,M0007,3507.37,WALLET,SUCCESS,2026-08-20 13:09:23.478442
T009090,C0432,M0028,15377.33,NET_BANKING,SUCCESS,2026-09-01 12:56:34.137603
T009091,C0183,M0031,13067.05,CARD,FAILED,2026-07-18 05:03:17.890156
T009092,C0367,M0022,27480.04,UPI,SUCCESS,2026-08-01 23:00:57.050389
T009093,C0127,M0024,3721.95,UPI,SUCCESS,2026-08-21 22:45:10.404244
T009094,C0500,M0032,40602.79,NET_BANKING,SUCCESS,2026-07-24 13:19:16.437618
T009095,C0471,M0024,26376.31,CARD,SUCCESS,2026-07-25 13:57:42.666179
T009096,C0100,M0006,44396.69,WALLET,SUCCESS,2026-07-23 20:02:40.539649
T009097,C0497,M0033,45647.47,CARD,SUCCESS,2026-08-22 02:56:51.289596
T009098,C0454,M0029,30256.24,NET_BANKING,SUCCESS,2026-07-02 08:57:51.992609
T009099,C0238,M0034,7302.08,CARD,SUCCESS,2026-06-25 04:56:23.823502
T009100,C0399,M0018,30118.93,WALLET,FAILED,2026-06-24 16:16:05.727313
T009101,C0145,M0026,9956.0,UPI,SUCCESS,2026-08-31 21:13:58.270817
T009102,C0304,M0012,21202.64,NET_BANKING,SUCCESS,2026-06-30 06:41:38.720594
T009103,C0422,M0050,41985.87,UPI,SUCCESS,2026-06-10 09:49:46.451503
T009104,C0285,M0005,25008.79,UPI,SUCCESS,2026-08-23 21:02:11.575986
T009105,C0091,M0021,384.34,NET_BANKING,SUCCESS,2026-09-02 23:48:33.185177
T009106,C0033,M0044,18094.3,NET_BANKING,SUCCESS,2026-08-12 22:48:54.769872
T009107,C0228,M0046,24069.67,CARD,SUCCESS,2026-06-27 23:10:03.826292
T009108,C0208,M0003,5053.39,NET_BANKING,SUCCESS,2026-06-21 04:13:58.015171
T009109,C0013,M0040,5974.59,CARD,SUCCESS,2026-07-16 15:32:50.317538
T009110,C0060,M0045,6648.47,WALLET,SUCCESS,2026-08-09 20:59:16.182122
T009111,C0308,M0003,40465.12,UPI,SUCCESS,2026-06-24 19:04:03.623733
T009112,C0386,M0029,9599.18,UPI,SUCCESS,2026-07-17 21:59:09.280117
T009113,C0313,M0019,8710.27,UPI,SUCCESS,2026-08-25 14:32:07.459543
T009114,C0220,M0048,9368.82,NET_BANKING,SUCCESS,2026-07-16 04:06:38.552335
T009115,C0288,M0028,46452.42,CARD,SUCCESS,2026-09-04 03:15:22.749758
T009116,C0051,M0042,34124.26,NET_BANKING,SUCCESS,2026-08-24 07:12:15.968004
T009117,C0179,M0002,11354.06,NET_BANKING,SUCCESS,2026-06-25 06:28:38.360745
T009118,C0031,M0018,12114.52,CARD,SUCCESS,2026-08-23 16:26:57.675431
T009119,C0295,M0021,767.69,UPI,SUCCESS,2026-06-29 00:07:25.876530
T009120,C0366,M0024,6104.02,UPI,SUCCESS,2026-08-01 22:32:31.421982
T009121,C0420,M0018,23894.9,UPI,SUCCESS,2026-08-30 04:39:50.307778
T009122,C0197,M0013,46470.48,UPI,FAILED,2026-09-02 07:17:48.066371
T009123,C0017,M0023,40780.89,WALLET,PENDING,2026-06-22 17:55:58.472151
T009124,C0180,M0048,34215.51,NET_BANKING,SUCCESS,2026-07-18 12:17:04.898907
T009125,C0128,M0050,45110.93,WALLET,SUCCESS,2026-06-10 23:30:08.894348
T009126,C0038,M0029,5447.59,NET_BANKING,SUCCESS,2026-08-11 13:49:19.779270
T009127,C0129,M0017,41825.48,NET_BANKING,SUCCESS,2026-06-26 22:50:25.649387
T009128,C0265,M0015,7485.58,CARD,SUCCESS,2026-08-29 23:23:32.646131
T009129,C0249,M0018,6890.77,CARD,SUCCESS,2026-08-06 15:29:40.901910
T009130,C0399,M0009,42362.83,CARD,SUCCESS,2026-06-09 21:06:14.988286
T009131,C0186,M0042,40698.42,WALLET,SUCCESS,2026-08-05 22:06:36.022258
T009132,C0333,M0035,38975.96,CARD,SUCCESS,2026-08-23 02:22:21.183555
T009133,C0095,M0010,5457.58,WALLET,SUCCESS,2026-08-20 09:21:14.218190
T009134,C0239,M0036,11001.95,UPI,SUCCESS,2026-08-13 07:07:58.936820
T009135,C0030,M0027,22648.21,CARD,SUCCESS,2026-07-14 05:48:48.610982
T009136,C0165,M0026,43493.91,UPI,SUCCESS,2026-08-23 12:48:12.496568
T009137,C0046,M0048,19398.66,NET_BANKING,SUCCESS,2026-08-26 04:45:54.790653
T009138,C0111,M0032,6049.11,CARD,SUCCESS,2026-07-09 03:50:17.939724
T009139,C0317,M0030,1094.19,NET_BANKING,SUCCESS,2026-07-29 22:18:32.275794
T009140,C0169,M0049,39210.42,UPI,SUCCESS,2026-08-21 15:01:22.515743
T009141,C0085,M0025,24902.98,UPI,SUCCESS,2026-08-26 19:09:57.788560
T009142,C0309,M0031,1101.22,NET_BANKING,FAILED,2026-06-28 21:10:47.859738
T009143,C0339,M0014,25538.25,NET_BANKING,SUCCESS,2026-08-21 01:47:40.602021
T009144,C0393,M0008,39452.09,UPI,SUCCESS,2026-08-22 14:37:12.581825
T009145,C0183,M0036,38968.37,WALLET,SUCCESS,2026-06-20 09:35:59.506339
T009146,C0079,M0031,25442.22,NET_BANKING,SUCCESS,2026-06-29 00:57:27.466834
T009147,C0008,M0050,45693.31,WALLET,SUCCESS,2026-07-28 19:02:43.364268
T009148,C0444,M0031,46813.1,CARD,SUCCESS,2026-08-27 12:49:29.792139
T009149,C0362,M0011,17888.28,CARD,SUCCESS,2026-08-19 13:45:11.693815
T009150,C0275,M0022,42962.78,CARD,SUCCESS,2026-06-18 04:53:45.675541
T009151,C0259,M0020,7869.74,CARD,FAILED,2026-07-20 09:44:29.162008
T009152,C0499,M0013,43220.69,WALLET,SUCCESS,2026-06-18 02:55:16.947845
T009153,C0156,M0050,6349.07,CARD,SUCCESS,2026-07-26 04:45:43.663680
T009154,C0171,M0017,5666.31,NET_BANKING,SUCCESS,2026-08-14 13:28:50.033984
T009155,C0256,M0035,22995.75,CARD,SUCCESS,2026-07-18 16:14:52.581973
T009156,C0419,M0048,38869.83,UPI,SUCCESS,2026-07-31 05:51:33.570260
T009157,C0445,M0007,27974.46,CARD,SUCCESS,2026-06-09 04:46:22.620461
T009158,C0063,M0040,19880.48,CARD,FAILED,2026-06-14 21:00:02.628363
T009159,C0225,M0027,2306.87,WALLET,SUCCESS,2026-07-10 11:19:43.336891
T009160,C0377,M0044,46163.61,UPI,SUCCESS,2026-07-28 03:02:57.259874
T009161,C0236,M0019,33867.19,UPI,SUCCESS,2026-06-12 02:13:02.344153
T009162,C0367,M0020,44736.43,UPI,SUCCESS,2026-06-19 17:39:09.102845
T009163,C0350,M0048,14301.77,CARD,SUCCESS,2026-08-29 09:01:49.565507
T009164,C0316,M0027,22643.31,WALLET,SUCCESS,2026-08-14 17:40:26.998365
T009165,C0076,M0012,8683.88,CARD,SUCCESS,2026-06-27 16:04:48.523770
T009166,C0375,M0014,47037.34,UPI,SUCCESS,2026-08-10 23:18:23.693135
T009167,C0192,M0015,20498.06,WALLET,SUCCESS,2026-06-18 10:01:30.634815
T009168,C0268,M0001,21851.95,NET_BANKING,SUCCESS,2026-08-21 13:11:10.273013
T009169,C0038,M0020,38791.64,UPI,SUCCESS,2026-08-09 03:08:53.617538
T009170,C0453,M0021,13710.0,CARD,SUCCESS,2026-06-10 17:08:49.286248
T009171,C0453,M0001,18226.61,WALLET,SUCCESS,2026-08-06 06:00:44.811848
T009172,C0273,M0048,8738.36,NET_BANKING,SUCCESS,2026-07-04 15:58:43.787014
T009173,C0467,M0041,3740.49,WALLET,SUCCESS,2026-07-21 14:57:43.775994
T009174,C0294,M0032,45629.48,NET_BANKING,SUCCESS,2026-08-03 15:15:20.235518
T009175,C0374,M0049,39742.55,WALLET,SUCCESS,2026-08-14 17:16:26.416742
T009176,C0381,M0009,26246.34,WALLET,SUCCESS,2026-06-25 23:43:46.486355
T009177,C0073,M0048,29061.7,UPI,SUCCESS,2026-06-24 19:10:47.204765
T009178,C0011,M0033,15466.75,UPI,SUCCESS,2026-06-11 13:15:06.641877
T009179,C0160,M0039,43134.17,UPI,SUCCESS,2026-06-22 12:37:30.154333
T009180,C0368,M0027,1155.52,UPI,PENDING,2026-06-16 23:19:02.539558
T009181,C0164,M0009,33510.73,NET_BANKING,SUCCESS,2026-07-18 13:56:47.849849
T009182,C0104,M0006,13661.7,UPI,SUCCESS,2026-07-07 16:45:16.153162
T009183,C0325,M0041,17770.5,WALLET,SUCCESS,2026-08-02 08:55:00.055583
T009184,C0107,M0012,19095.48,WALLET,PENDING,2026-07-05 19:58:42.548367
T009185,C0261,M0009,28858.47,WALLET,SUCCESS,2026-06-10 21:24:01.246934
T009186,C0280,M0001,16467.07,CARD,SUCCESS,2026-07-19 12:27:45.704521
T009187,C0453,M0025,40941.92,WALLET,SUCCESS,2026-08-13 22:00:45.935368
T009188,C0387,M0007,919.03,UPI,FAILED,2026-06-29 15:46:53.979729
T009189,C0425,M0020,25359.17,WALLET,SUCCESS,2026-08-29 03:33:30.926727
T009190,C0337,M0024,38710.66,CARD,SUCCESS,2026-07-04 19:11:38.315899
T009191,C0390,M0049,39257.18,WALLET,FAILED,2026-06-16 10:40:00.248051
T009192,C0065,M0006,34509.56,WALLET,SUCCESS,2026-07-23 05:22:56.950730
T009193,C0477,M0004,31260.72,UPI,PENDING,2026-06-12 23:52:29.454348
T009194,C0124,M0012,19008.51,UPI,SUCCESS,2026-08-13 17:47:52.471771
T009195,C0308,M0035,44186.65,WALLET,SUCCESS,2026-06-26 20:45:23.493871
T009196,C0240,M0016,5436.2,UPI,SUCCESS,2026-07-29 11:01:45.136589
T009197,C0028,M0030,38777.37,CARD,SUCCESS,2026-08-23 13:16:39.507176
T009198,C0241,M0003,15631.42,WALLET,FAILED,2026-09-02 07:18:04.086467
T009199,C0156,M0043,17035.7,WALLET,FAILED,2026-07-09 16:57:12.907539
T009200,C0067,M0017,17160.5,NET_BANKING,SUCCESS,2026-08-06 11:40:25.426472
T009201,C0235,M0004,2496.26,WALLET,SUCCESS,2026-08-14 03:10:18.288837
T009202,C0314,M0035,44393.88,WALLET,SUCCESS,2026-08-15 20:23:49.735418
T009203,C0496,M0024,46061.03,WALLET,SUCCESS,2026-06-15 07:21:28.045036
T009204,C0457,M0027,5601.79,NET_BANKING,SUCCESS,2026-08-13 03:33:50.179248
T009205,C0184,M0043,12857.85,WALLET,SUCCESS,2026-07-23 22:05:12.199916
T009206,C0491,M0032,41971.15,CARD,SUCCESS,2026-09-05 21:18:11.818331
T009207,C0356,M0029,26604.27,WALLET,SUCCESS,2026-08-05 20:03:04.716186
T009208,C0195,M0012,31770.87,NET_BANKING,SUCCESS,2026-06-20 05:10:07.802194
T009209,C0448,M0027,5375.5,CARD,SUCCESS,2026-07-03 05:03:19.354321
T009210,C0352,M0028,45936.02,CARD,SUCCESS,2026-08-18 11:44:33.644502
T009211,C0271,M0015,6228.13,NET_BANKING,SUCCESS,2026-08-02 04:46:33.262403
T009212,C0332,M0021,13554.85,WALLET,SUCCESS,2026-06-24 17:55:57.211297
T009213,C0186,M0009,21558.02,WALLET,SUCCESS,2026-07-05 00:12:19.827505
T009214,C0128,M0028,24579.11,WALLET,SUCCESS,2026-08-24 06:43:21.144925
T009215,C0426,M0020,21530.35,NET_BANKING,SUCCESS,2026-07-28 10:31:40.814128
T009216,C0389,M0006,3925.58,NET_BANKING,SUCCESS,2026-07-01 13:36:59.732421
T009217,C0462,M0003,18426.82,NET_BANKING,SUCCESS,2026-07-30 19:13:22.051169
T009218,C0462,M0049,30637.81,UPI,SUCCESS,2026-08-24 22:39:01.769356
T009219,C0394,M0001,41933.53,CARD,FAILED,2026-07-08 02:04:50.994933
T009220,C0023,M0034,23515.54,NET_BANKING,SUCCESS,2026-08-24 23:45:54.468928
T009221,C0414,M0047,34408.18,UPI,FAILED,2026-08-04 14:44:15.177656
T009222,C0211,M0004,31787.46,CARD,SUCCESS,2026-06-11 00:56:22.866879
T009223,C0255,M0026,21635.5,WALLET,SUCCESS,2026-08-04 03:20:01.958889
T009224,C0481,M0034,3644.97,NET_BANKING,SUCCESS,2026-06-13 11:17:34.044236
T009225,C0177,M0016,6058.3,WALLET,SUCCESS,2026-06-23 23:45:01.075801
T009226,C0441,M0035,45380.94,UPI,SUCCESS,2026-08-14 21:10:14.376045
T009227,C0003,M0037,1492.57,WALLET,SUCCESS,2026-08-18 11:11:04.211319
T009228,C0310,M0008,45875.41,NET_BANKING,SUCCESS,2026-07-20 01:01:36.330235
T009229,C0275,M0028,34619.33,NET_BANKING,SUCCESS,2026-06-27 07:09:16.098667
T009230,C0365,M0009,25228.3,NET_BANKING,SUCCESS,2026-08-25 17:01:52.250920
T009231,C0454,M0006,2557.45,NET_BANKING,SUCCESS,2026-08-07 04:27:15.160176
T009232,C0045,M0047,19640.58,UPI,SUCCESS,2026-07-25 03:27:30.005192
T009233,C0091,M0012,32459.94,CARD,FAILED,2026-06-10 18:41:24.011194
T009234,C0463,M0036,34416.38,UPI,SUCCESS,2026-08-12 19:31:50.039719
T009235,C0131,M0001,2255.52,CARD,SUCCESS,2026-06-13 13:52:52.479110
T009236,C0149,M0015,21588.3,UPI,SUCCESS,2026-06-22 05:49:01.841543
T009237,C0475,M0050,15475.18,CARD,SUCCESS,2026-07-13 00:51:00.329196
T009238,C0453,M0030,4271.21,UPI,SUCCESS,2026-09-03 15:23:52.958579
T009239,C0209,M0006,47944.46,WALLET,SUCCESS,2026-07-25 22:17:49.596722
T009240,C0147,M0024,6791.19,NET_BANKING,SUCCESS,2026-07-22 16:01:06.713086
T009241,C0128,M0002,20723.45,WALLET,SUCCESS,2026-08-26 13:49:47.402505
T009242,C0338,M0033,48816.36,WALLET,FAILED,2026-06-27 13:46:17.069528
T009243,C0210,M0028,24477.77,CARD,SUCCESS,2026-07-02 21:53:55.525069
T009244,C0296,M0025,49187.0,UPI,SUCCESS,2026-07-03 01:09:12.873746
T009245,C0178,M0047,8922.02,CARD,SUCCESS,2026-07-15 02:51:19.213488
T009246,C0153,M0038,48812.66,UPI,SUCCESS,2026-06-22 22:33:00.546177
T009247,C0302,M0010,9927.63,UPI,FAILED,2026-08-20 07:30:48.857493
T009248,C0127,M0048,21181.97,UPI,SUCCESS,2026-08-01 04:24:47.959320
T009249,C0141,M0003,8479.88,WALLET,FAILED,2026-08-10 21:51:48.651672
T009250,C0210,M0011,10659.34,CARD,SUCCESS,2026-07-28 00:37:06.257163
T009251,C0419,M0009,42595.53,NET_BANKING,SUCCESS,2026-09-05 20:11:27.707037
T009252,C0400,M0020,30711.23,CARD,SUCCESS,2026-07-14 11:55:51.351173
T009253,C0477,M0036,9501.67,WALLET,SUCCESS,2026-06-15 16:35:34.481871
T009254,C0487,M0037,29120.02,UPI,SUCCESS,2026-07-19 02:29:11.416014
T009255,C0357,M0038,25570.05,UPI,SUCCESS,2026-06-12 17:39:01.840151
T009256,C0408,M0032,17315.32,CARD,SUCCESS,2026-07-29 20:27:32.333665
T009257,C0101,M0035,48063.38,NET_BANKING,SUCCESS,2026-08-26 07:28:29.978007
T009258,C0084,M0037,42234.0,NET_BANKING,FAILED,2026-08-25 15:31:52.244694
T009259,C0191,M0009,35149.21,NET_BANKING,SUCCESS,2026-08-02 17:41:10.093133
T009260,C0199,M0041,13712.09,NET_BANKING,SUCCESS,2026-07-18 13:39:26.315925
T009261,C0339,M0002,14738.53,CARD,SUCCESS,2026-08-22 14:43:42.791951
T009262,C0411,M0034,28893.16,WALLET,SUCCESS,2026-08-12 21:51:13.869878
T009263,C0264,M0012,11438.48,UPI,SUCCESS,2026-08-03 23:08:39.293176
T009264,C0429,M0030,38189.35,NET_BANKING,SUCCESS,2026-07-13 21:09:36.255623
T009265,C0003,M0029,37907.68,CARD,SUCCESS,2026-09-03 03:50:15.973084
T009266,C0050,M0020,26493.58,UPI,SUCCESS,2026-06-19 22:22:21.080186
T009267,C0188,M0011,30609.37,UPI,SUCCESS,2026-07-25 04:35:28.523617
T009268,C0080,M0043,27826.59,CARD,PENDING,2026-06-26 08:20:36.592410
T009269,C0135,M0013,38927.85,WALLET,SUCCESS,2026-06-08 13:28:31.922992
T009270,C0138,M0047,29601.92,UPI,PENDING,2026-08-08 23:59:33.357971
T009271,C0131,M0001,18430.39,NET_BANKING,SUCCESS,2026-07-12 12:14:46.418651
T009272,C0062,M0026,39955.2,UPI,SUCCESS,2026-07-26 08:34:45.733516
T009273,C0282,M0018,21436.02,WALLET,SUCCESS,2026-06-12 19:08:16.832684
T009274,C0129,M0019,30194.31,NET_BANKING,SUCCESS,2026-07-13 01:09:04.691640
T009275,C0153,M0028,25946.65,WALLET,SUCCESS,2026-06-21 08:36:05.292683
T009276,C0408,M0037,894.27,NET_BANKING,FAILED,2026-08-20 13:33:12.557297
T009277,C0296,M0048,18660.08,UPI,SUCCESS,2026-07-16 12:27:14.930824
T009278,C0257,M0025,14111.72,WALLET,SUCCESS,2026-07-20 20:07:34.124279
T009279,C0105,M0048,12975.25,WALLET,SUCCESS,2026-06-23 13:04:27.454537
T009280,C0466,M0036,43184.4,WALLET,SUCCESS,2026-08-06 22:06:23.070484
T009281,C0292,M0004,25102.8,CARD,SUCCESS,2026-06-23 21:47:39.781548
T009282,C0325,M0046,31500.79,CARD,SUCCESS,2026-07-13 12:21:19.400875
T009283,C0227,M0042,43223.66,WALLET,SUCCESS,2026-08-10 23:25:00.759717
T009284,C0400,M0017,6156.71,CARD,SUCCESS,2026-08-22 18:48:43.818628
T009285,C0174,M0017,9684.19,UPI,SUCCESS,2026-06-09 22:41:05.412666
T009286,C0094,M0019,11869.05,UPI,SUCCESS,2026-07-31 21:49:34.528624
T009287,C0239,M0006,16710.83,WALLET,SUCCESS,2026-08-23 05:59:26.426179
T009288,C0136,M0006,42798.18,WALLET,SUCCESS,2026-08-27 21:10:28.843152
T009289,C0387,M0016,11717.77,WALLET,SUCCESS,2026-08-18 23:12:00.628265
T009290,C0061,M0001,21202.13,CARD,SUCCESS,2026-06-18 08:13:47.802097
T009291,C0120,M0015,30065.09,NET_BANKING,SUCCESS,2026-08-12 10:55:57.357098
T009292,C0072,M0017,30920.48,UPI,SUCCESS,2026-07-12 14:27:17.075075
T009293,C0232,M0043,32103.73,CARD,SUCCESS,2026-08-25 20:46:15.602867
T009294,C0325,M0013,33370.79,NET_BANKING,SUCCESS,2026-08-07 03:12:59.823236
T009295,C0443,M0005,42894.5,UPI,SUCCESS,2026-08-04 05:57:35.106924
T009296,C0085,M0032,27426.1,WALLET,SUCCESS,2026-06-09 18:05:13.037659
T009297,C0215,M0034,8435.42,NET_BANKING,SUCCESS,2026-08-16 23:03:31.185083
T009298,C0087,M0023,32940.72,CARD,FAILED,2026-08-04 01:03:44.482780
T009299,C0249,M0045,8781.18,UPI,SUCCESS,2026-07-24 16:40:30.028420
T009300,C0417,M0025,35533.77,WALLET,SUCCESS,2026-06-15 15:27:47.821271
T009301,C0336,M0029,7542.26,NET_BANKING,FAILED,2026-06-21 04:08:44.390360
T009302,C0383,M0031,35423.0,CARD,SUCCESS,2026-06-19 16:19:33.692126
T009303,C0500,M0021,23161.02,UPI,SUCCESS,2026-07-21 14:51:12.655305
T009304,C0127,M0020,6213.87,WALLET,SUCCESS,2026-07-08 22:03:01.582752
T009305,C0226,M0010,29346.77,WALLET,FAILED,2026-08-31 21:36:14.955112
T009306,C0001,M0001,12067.57,WALLET,SUCCESS,2026-06-24 09:32:51.892630
T009307,C0026,M0016,33381.69,CARD,SUCCESS,2026-07-11 04:21:13.347855
T009308,C0137,M0036,32880.91,NET_BANKING,SUCCESS,2026-09-04 09:26:14.359183
T009309,C0335,M0025,7145.76,WALLET,SUCCESS,2026-06-28 16:09:04.120724
T009310,C0130,M0042,3123.19,WALLET,SUCCESS,2026-08-22 02:33:29.061932
T009311,C0143,M0026,45261.42,CARD,SUCCESS,2026-06-24 16:52:04.503784
T009312,C0252,M0034,17167.8,WALLET,PENDING,2026-07-07 13:01:00.569039
T009313,C0394,M0046,7477.4,NET_BANKING,SUCCESS,2026-08-18 22:43:03.414829
T009314,C0471,M0018,41513.04,UPI,SUCCESS,2026-07-21 14:04:16.590259
T009315,C0333,M0039,29963.52,NET_BANKING,SUCCESS,2026-07-14 07:01:05.685603
T009316,C0443,M0016,49010.63,WALLET,SUCCESS,2026-08-25 22:12:04.423148
T009317,C0157,M0046,37287.63,UPI,FAILED,2026-06-28 23:47:37.721878
T009318,C0033,M0002,47945.48,CARD,SUCCESS,2026-08-05 10:58:01.780019
T009319,C0372,M0035,18016.57,UPI,SUCCESS,2026-06-20 00:34:55.890158
T009320,C0087,M0011,32076.12,UPI,SUCCESS,2026-06-23 23:17:17.220344
T009321,C0446,M0027,39012.16,WALLET,SUCCESS,2026-08-23 23:58:37.247044
T009322,C0082,M0020,37645.88,NET_BANKING,SUCCESS,2026-06-20 08:22:38.431786
T009323,C0415,M0044,2758.99,NET_BANKING,SUCCESS,2026-08-06 06:26:03.099763
T009324,C0391,M0011,12472.94,UPI,SUCCESS,2026-06-17 14:17:27.432177
T009325,C0265,M0015,40050.12,NET_BANKING,SUCCESS,2026-07-05 02:56:20.801776
T009326,C0067,M0024,28122.52,UPI,SUCCESS,2026-06-09 23:23:29.172334
T009327,C0218,M0048,49805.23,UPI,SUCCESS,2026-08-31 07:25:13.677530
T009328,C0485,M0012,22998.25,UPI,SUCCESS,2026-08-13 17:24:09.440299
T009329,C0071,M0022,37682.02,CARD,SUCCESS,2026-07-01 05:16:08.915333
T009330,C0217,M0046,21709.66,CARD,SUCCESS,2026-09-02 07:24:00.519068
T009331,C0414,M0039,35891.08,NET_BANKING,PENDING,2026-06-30 03:32:04.866441
T009332,C0192,M0025,41106.37,UPI,SUCCESS,2026-07-09 18:20:03.591368
T009333,C0275,M0016,18363.63,UPI,SUCCESS,2026-07-21 01:50:47.981471
T009334,C0374,M0011,49493.44,UPI,SUCCESS,2026-06-26 21:59:13.365881
T009335,C0283,M0004,30143.59,NET_BANKING,SUCCESS,2026-08-29 12:30:57.833845
T009336,C0344,M0008,18203.76,NET_BANKING,PENDING,2026-06-18 04:09:33.074820
T009337,C0122,M0022,40780.66,CARD,SUCCESS,2026-07-03 00:45:38.989589
T009338,C0231,M0048,35778.89,CARD,FAILED,2026-06-28 17:42:35.306268
T009339,C0220,M0016,46698.51,WALLET,SUCCESS,2026-06-24 12:59:14.264521
T009340,C0245,M0008,18663.25,NET_BANKING,SUCCESS,2026-08-22 11:37:29.304980
T009341,C0251,M0035,32662.07,NET_BANKING,SUCCESS,2026-07-23 20:15:26.296419
T009342,C0460,M0047,29021.66,CARD,SUCCESS,2026-07-21 23:13:07.870779
T009343,C0054,M0044,7607.96,WALLET,SUCCESS,2026-08-22 14:23:14.103937
T009344,C0427,M0004,47818.73,UPI,SUCCESS,2026-07-28 14:18:03.104909
T009345,C0429,M0013,33343.79,UPI,SUCCESS,2026-08-07 16:41:41.237120
T009346,C0486,M0045,15608.53,WALLET,SUCCESS,2026-08-16 00:59:25.027524
T009347,C0128,M0035,7336.49,WALLET,SUCCESS,2026-08-30 21:56:49.484314
T009348,C0227,M0041,32420.36,NET_BANKING,SUCCESS,2026-06-10 11:09:24.519455
T009349,C0064,M0048,46823.7,WALLET,FAILED,2026-07-20 03:37:47.249277
T009350,C0327,M0009,47657.4,WALLET,FAILED,2026-08-08 15:10:30.108642
T009351,C0438,M0004,34897.99,NET_BANKING,SUCCESS,2026-08-20 18:29:42.955413
T009352,C0170,M0033,24314.67,NET_BANKING,SUCCESS,2026-06-10 16:21:05.508282
T009353,C0223,M0036,30278.94,NET_BANKING,SUCCESS,2026-08-02 09:41:52.657350
T009354,C0231,M0024,3710.88,UPI,SUCCESS,2026-09-01 09:38:05.363069
T009355,C0315,M0045,14610.78,CARD,SUCCESS,2026-08-30 15:13:22.372628
T009356,C0422,M0032,27181.63,CARD,SUCCESS,2026-06-25 02:18:31.317668
T009357,C0334,M0006,8562.32,WALLET,SUCCESS,2026-08-01 11:47:36.027297
T009358,C0444,M0011,17267.13,NET_BANKING,PENDING,2026-08-05 13:13:27.311896
T009359,C0093,M0021,38076.56,CARD,SUCCESS,2026-07-31 02:44:55.450549
T009360,C0044,M0042,19144.71,WALLET,SUCCESS,2026-06-15 23:58:07.646015
T009361,C0225,M0009,8643.61,UPI,FAILED,2026-08-13 21:28:13.496312
T009362,C0052,M0004,5791.88,WALLET,SUCCESS,2026-07-05 04:10:09.316938
T009363,C0359,M0026,38275.13,UPI,FAILED,2026-07-21 14:00:46.657581
T009364,C0222,M0011,18134.3,CARD,SUCCESS,2026-08-15 11:19:45.162831
T009365,C0043,M0043,27338.17,NET_BANKING,SUCCESS,2026-07-14 12:56:24.511646
T009366,C0303,M0042,33496.15,CARD,SUCCESS,2026-08-27 18:55:14.871644
T009367,C0342,M0045,41673.04,NET_BANKING,SUCCESS,2026-06-17 01:40:21.881068
T009368,C0300,M0043,20765.09,CARD,SUCCESS,2026-06-09 22:25:09.739715
T009369,C0388,M0006,26337.71,NET_BANKING,SUCCESS,2026-07-14 08:46:03.253555
T009370,C0379,M0011,29219.56,WALLET,SUCCESS,2026-08-25 17:34:30.261981
T009371,C0379,M0008,5981.27,CARD,SUCCESS,2026-07-28 03:53:29.586172
T009372,C0260,M0023,1820.79,WALLET,SUCCESS,2026-07-18 06:28:35.799115
T009373,C0373,M0017,48463.64,NET_BANKING,SUCCESS,2026-08-31 11:19:17.586416
T009374,C0191,M0050,36067.17,UPI,SUCCESS,2026-08-26 10:28:02.251211
T009375,C0373,M0046,29171.14,NET_BANKING,PENDING,2026-06-20 03:57:02.997170
T009376,C0462,M0008,29810.03,UPI,SUCCESS,2026-06-19 21:51:46.150830
T009377,C0054,M0048,47511.29,NET_BANKING,SUCCESS,2026-07-22 09:51:28.755854
T009378,C0232,M0037,35247.92,CARD,SUCCESS,2026-07-29 12:28:22.422882
T009379,C0300,M0012,49874.12,WALLET,SUCCESS,2026-06-12 02:57:54.779084
T009380,C0398,M0004,5008.95,WALLET,SUCCESS,2026-06-09 08:18:11.858000
T009381,C0033,M0023,13245.58,NET_BANKING,SUCCESS,2026-07-30 13:50:16.194012
T009382,C0016,M0040,8979.29,CARD,SUCCESS,2026-06-21 16:10:58.480704
T009383,C0329,M0015,39430.7,CARD,SUCCESS,2026-08-07 21:17:52.879310
T009384,C0155,M0045,36327.53,WALLET,SUCCESS,2026-07-17 04:36:58.222525
T009385,C0172,M0030,11750.76,NET_BANKING,FAILED,2026-08-23 15:23:29.105292
T009386,C0035,M0003,20552.65,WALLET,SUCCESS,2026-06-16 01:48:20.069239
T009387,C0111,M0014,15920.19,NET_BANKING,SUCCESS,2026-08-13 04:18:19.982862
T009388,C0127,M0005,40840.35,WALLET,PENDING,2026-07-28 09:14:33.720672
T009389,C0172,M0014,14748.48,UPI,SUCCESS,2026-06-14 18:11:28.808244
T009390,C0369,M0006,47299.24,WALLET,SUCCESS,2026-07-03 18:40:33.101525
T009391,C0066,M0011,33736.45,WALLET,SUCCESS,2026-07-05 18:52:40.043173
T009392,C0261,M0035,15106.64,UPI,SUCCESS,2026-08-29 08:52:49.031125
T009393,C0167,M0024,1273.99,WALLET,SUCCESS,2026-08-31 07:08:34.441097
T009394,C0006,M0047,9971.52,UPI,SUCCESS,2026-07-28 13:23:06.735806
T009395,C0278,M0041,34370.7,NET_BANKING,SUCCESS,2026-08-17 17:07:58.385164
T009396,C0421,M0050,22058.24,CARD,SUCCESS,2026-08-18 08:23:27.513048
T009397,C0218,M0048,1903.74,CARD,SUCCESS,2026-06-10 10:36:46.887650
T009398,C0333,M0028,48114.29,NET_BANKING,PENDING,2026-06-24 11:05:32.152181
T009399,C0285,M0003,3529.38,CARD,SUCCESS,2026-09-03 10:15:58.128860
T009400,C0193,M0009,20428.77,WALLET,PENDING,2026-07-22 20:34:28.201875
T009401,C0252,M0004,40169.27,WALLET,SUCCESS,2026-07-07 17:06:46.491300
T009402,C0474,M0034,39870.0,NET_BANKING,FAILED,2026-07-01 06:52:12.791189
T009403,C0090,M0037,1176.01,NET_BANKING,SUCCESS,2026-06-21 05:54:19.956061
T009404,C0036,M0047,46288.33,UPI,SUCCESS,2026-07-05 13:35:07.906382
T009405,C0325,M0027,43560.46,CARD,SUCCESS,2026-07-06 06:54:56.578557
T009406,C0354,M0009,36064.51,CARD,FAILED,2026-06-30 18:20:07.951312
T009407,C0007,M0035,42133.52,NET_BANKING,SUCCESS,2026-07-23 09:11:19.352022
T009408,C0098,M0032,22689.79,WALLET,FAILED,2026-06-26 20:32:05.466272
T009409,C0111,M0013,16892.42,CARD,SUCCESS,2026-06-09 13:48:31.823523
T009410,C0037,M0026,14644.53,WALLET,SUCCESS,2026-08-08 12:37:51.695324
T009411,C0366,M0041,35496.76,WALLET,SUCCESS,2026-06-08 05:41:22.590973
T009412,C0450,M0007,32203.13,WALLET,SUCCESS,2026-07-11 11:40:49.938022
T009413,C0227,M0030,47626.74,WALLET,SUCCESS,2026-08-29 22:55:45.744378
T009414,C0127,M0047,35025.38,CARD,SUCCESS,2026-08-17 03:14:39.756067
T009415,C0370,M0001,22419.77,WALLET,SUCCESS,2026-08-12 19:56:22.713110
T009416,C0111,M0017,36911.87,UPI,SUCCESS,2026-07-21 12:28:08.051816
T009417,C0372,M0037,31231.67,CARD,SUCCESS,2026-08-04 21:31:25.711819
T009418,C0307,M0009,11989.14,UPI,SUCCESS,2026-08-10 05:44:00.634259
T009419,C0392,M0026,17527.68,NET_BANKING,SUCCESS,2026-06-21 19:45:29.740745
T009420,C0137,M0047,38933.3,NET_BANKING,SUCCESS,2026-08-18 15:55:45.218482
T009421,C0125,M0048,6566.37,CARD,SUCCESS,2026-08-31 01:20:13.841806
T009422,C0171,M0006,24717.81,UPI,SUCCESS,2026-08-01 17:39:58.667309
T009423,C0464,M0048,8994.37,WALLET,SUCCESS,2026-07-09 08:37:28.527128
T009424,C0012,M0047,32842.64,WALLET,SUCCESS,2026-07-31 00:26:20.454922
T009425,C0134,M0010,1470.7,UPI,SUCCESS,2026-06-13 19:42:32.185954
T009426,C0136,M0007,24547.53,NET_BANKING,SUCCESS,2026-08-30 05:49:16.577849
T009427,C0007,M0042,19405.09,NET_BANKING,SUCCESS,2026-08-04 11:10:16.114983
T009428,C0092,M0002,24683.4,WALLET,FAILED,2026-08-16 15:37:18.713351
T009429,C0250,M0007,37745.46,UPI,SUCCESS,2026-07-01 18:51:43.810716
T009430,C0086,M0023,19826.5,WALLET,SUCCESS,2026-06-28 00:48:32.702866
T009431,C0097,M0010,29234.13,NET_BANKING,SUCCESS,2026-08-15 17:05:11.253472
T009432,C0260,M0032,11738.31,UPI,SUCCESS,2026-08-16 15:32:35.913775
T009433,C0463,M0012,39276.42,NET_BANKING,SUCCESS,2026-08-21 19:43:52.754249
T009434,C0305,M0028,21164.82,UPI,PENDING,2026-08-09 05:46:50.255213
T009435,C0266,M0020,24257.65,UPI,FAILED,2026-08-28 04:50:15.887473
T009436,C0232,M0021,8865.57,UPI,SUCCESS,2026-08-27 08:02:51.489197
T009437,C0197,M0001,48792.92,NET_BANKING,SUCCESS,2026-07-19 13:14:07.152290
T009438,C0356,M0015,7813.59,WALLET,PENDING,2026-06-12 13:46:53.854678
T009439,C0242,M0011,37740.52,WALLET,SUCCESS,2026-06-27 08:45:00.024557
T009440,C0060,M0017,43074.09,WALLET,SUCCESS,2026-06-27 13:36:28.900752
T009441,C0463,M0037,46074.76,WALLET,SUCCESS,2026-08-12 12:13:20.120643
T009442,C0126,M0035,27648.51,WALLET,PENDING,2026-06-09 11:30:00.234353
T009443,C0237,M0033,23745.1,WALLET,SUCCESS,2026-08-24 22:47:00.705332
T009444,C0457,M0040,44056.97,UPI,SUCCESS,2026-08-03 10:44:59.109964
T009445,C0215,M0039,19575.15,CARD,SUCCESS,2026-07-18 10:24:32.894783
T009446,C0119,M0006,7709.73,CARD,FAILED,2026-06-09 23:09:53.886247
T009447,C0353,M0035,14915.26,NET_BANKING,SUCCESS,2026-06-08 17:12:30.035039
T009448,C0316,M0026,16599.37,CARD,SUCCESS,2026-08-14 08:35:48.853271
T009449,C0447,M0033,8241.89,UPI,SUCCESS,2026-06-12 06:53:33.536598
T009450,C0264,M0005,34444.35,NET_BANKING,SUCCESS,2026-07-01 18:43:02.111950
T009451,C0151,M0010,23992.01,UPI,FAILED,2026-06-24 00:45:42.465008
T009452,C0204,M0041,34507.75,CARD,SUCCESS,2026-07-31 01:25:56.658887
T009453,C0368,M0002,19166.37,UPI,SUCCESS,2026-06-11 21:56:21.064392
T009454,C0132,M0034,3198.72,UPI,SUCCESS,2026-08-31 19:09:46.168658
T009455,C0302,M0037,28272.77,WALLET,SUCCESS,2026-08-27 20:35:40.711375
T009456,C0214,M0041,36436.83,CARD,SUCCESS,2026-07-04 08:36:31.059453
T009457,C0029,M0037,17828.39,CARD,SUCCESS,2026-08-21 01:36:55.989879
T009458,C0309,M0009,33431.05,CARD,SUCCESS,2026-07-29 01:42:25.298808
T009459,C0255,M0024,43984.19,CARD,SUCCESS,2026-06-18 16:00:19.935230
T009460,C0365,M0042,6088.51,NET_BANKING,SUCCESS,2026-07-08 21:28:56.466326
T009461,C0464,M0029,32845.93,UPI,SUCCESS,2026-07-14 06:26:44.731984
T009462,C0442,M0027,2976.05,CARD,SUCCESS,2026-07-15 15:40:39.525136
T009463,C0042,M0004,16333.1,NET_BANKING,SUCCESS,2026-08-11 12:22:52.958772
T009464,C0185,M0022,2445.86,NET_BANKING,SUCCESS,2026-08-10 20:28:53.811743
T009465,C0323,M0012,25042.54,NET_BANKING,SUCCESS,2026-07-12 05:01:38.130655
T009466,C0266,M0018,25673.05,UPI,SUCCESS,2026-09-02 23:30:05.986931
T009467,C0146,M0050,28056.42,UPI,SUCCESS,2026-09-05 06:44:31.613622
T009468,C0136,M0017,32396.8,UPI,SUCCESS,2026-07-22 09:29:30.517010
T009469,C0432,M0032,29235.58,WALLET,SUCCESS,2026-08-29 20:36:35.209679
T009470,C0408,M0030,19320.88,NET_BANKING,FAILED,2026-08-26 05:22:38.779823
T009471,C0256,M0039,13355.92,UPI,SUCCESS,2026-07-11 06:42:30.723234
T009472,C0248,M0033,29221.2,UPI,SUCCESS,2026-06-30 01:36:49.078225
T009473,C0406,M0008,18264.4,UPI,FAILED,2026-06-18 23:45:33.427606
T009474,C0247,M0023,36126.6,CARD,FAILED,2026-06-11 00:51:51.151154
T009475,C0006,M0030,47383.79,WALLET,SUCCESS,2026-08-21 23:25:12.403379
T009476,C0460,M0045,33390.09,WALLET,SUCCESS,2026-07-21 22:47:09.338057
T009477,C0227,M0047,6187.29,UPI,SUCCESS,2026-08-24 04:59:03.344898
T009478,C0445,M0050,11904.08,NET_BANKING,SUCCESS,2026-08-02 23:08:41.265944
T009479,C0194,M0012,8237.4,WALLET,FAILED,2026-07-07 01:25:28.778960
T009480,C0410,M0008,32372.81,UPI,SUCCESS,2026-07-15 22:53:04.954159
T009481,C0451,M0028,49975.51,WALLET,SUCCESS,2026-07-27 01:26:27.133460
T009482,C0139,M0012,5815.89,WALLET,SUCCESS,2026-08-20 07:34:09.076757
T009483,C0448,M0025,48321.98,NET_BANKING,SUCCESS,2026-09-01 12:48:50.506263
T009484,C0354,M0043,38011.85,UPI,SUCCESS,2026-08-31 17:27:56.591132
T009485,C0279,M0042,9744.81,UPI,SUCCESS,2026-07-14 16:46:45.146322
T009486,C0346,M0023,47301.37,UPI,SUCCESS,2026-09-04 09:35:40.705899
T009487,C0487,M0010,10873.33,NET_BANKING,SUCCESS,2026-08-04 08:13:47.471959
T009488,C0079,M0024,40064.68,WALLET,SUCCESS,2026-09-04 16:16:10.635190
T009489,C0209,M0019,9976.46,WALLET,SUCCESS,2026-06-15 16:21:07.089917
T009490,C0465,M0013,17546.74,WALLET,SUCCESS,2026-08-22 11:02:42.356160
T009491,C0445,M0050,32306.83,WALLET,SUCCESS,2026-06-22 06:39:30.688778
T009492,C0247,M0019,5205.69,NET_BANKING,SUCCESS,2026-06-27 15:19:16.038469
T009493,C0363,M0017,7150.54,UPI,FAILED,2026-08-25 11:15:51.592700
T009494,C0011,M0033,46628.29,UPI,PENDING,2026-07-24 05:24:15.427906
T009495,C0198,M0006,37741.97,UPI,SUCCESS,2026-07-05 15:02:09.397265
T009496,C0352,M0038,14319.44,CARD,SUCCESS,2026-07-29 14:31:16.693129
T009497,C0012,M0036,46475.54,WALLET,SUCCESS,2026-08-19 10:51:50.764170
T009498,C0429,M0020,41781.15,WALLET,PENDING,2026-07-20 06:05:55.309152
T009499,C0014,M0021,20916.59,CARD,SUCCESS,2026-06-15 03:15:59.251491
T009500,C0173,M0025,19954.39,CARD,SUCCESS,2026-09-02 15:00:57.049148
T009501,C0357,M0003,20871.83,WALLET,SUCCESS,2026-07-06 21:35:53.861493
T009502,C0390,M0038,31609.35,WALLET,SUCCESS,2026-06-25 06:30:59.604233
T009503,C0480,M0031,48539.56,WALLET,SUCCESS,2026-06-09 19:48:35.704720
T009504,C0396,M0042,10004.2,NET_BANKING,SUCCESS,2026-06-25 02:22:37.465823
T009505,C0404,M0049,987.96,WALLET,SUCCESS,2026-06-16 23:57:28.998030
T009506,C0469,M0035,48975.44,WALLET,SUCCESS,2026-07-30 06:35:13.609278
T009507,C0396,M0024,3681.5,UPI,SUCCESS,2026-08-28 15:27:24.269258
T009508,C0230,M0019,28559.4,NET_BANKING,SUCCESS,2026-06-23 21:57:42.174573
T009509,C0127,M0039,20883.67,WALLET,PENDING,2026-07-25 06:52:37.873098
T009510,C0144,M0020,25602.71,NET_BANKING,SUCCESS,2026-08-11 17:34:49.753441
T009511,C0357,M0018,23810.9,NET_BANKING,SUCCESS,2026-08-30 03:31:40.551491
T009512,C0293,M0025,15479.83,NET_BANKING,PENDING,2026-07-31 01:39:07.598571
T009513,C0126,M0030,34791.29,NET_BANKING,FAILED,2026-08-01 16:43:36.958750
T009514,C0316,M0036,32899.12,UPI,SUCCESS,2026-07-28 01:00:47.069097
T009515,C0343,M0019,12697.44,CARD,SUCCESS,2026-07-09 20:38:15.503979
T009516,C0325,M0023,39481.26,CARD,SUCCESS,2026-06-28 08:26:34.309593
T009517,C0438,M0010,26330.26,NET_BANKING,SUCCESS,2026-06-10 21:21:58.064338
T009518,C0362,M0030,40049.27,UPI,SUCCESS,2026-06-08 21:27:30.685999
T009519,C0209,M0020,23147.68,UPI,SUCCESS,2026-07-13 02:12:05.495058
T009520,C0297,M0027,29212.78,NET_BANKING,SUCCESS,2026-06-27 22:00:45.104722
T009521,C0266,M0019,25423.78,NET_BANKING,SUCCESS,2026-09-05 17:49:16.171432
T009522,C0497,M0034,43499.15,NET_BANKING,SUCCESS,2026-07-03 14:35:34.019392
T009523,C0168,M0030,31037.68,CARD,PENDING,2026-07-01 17:38:19.433117
T009524,C0279,M0036,11785.19,NET_BANKING,SUCCESS,2026-08-08 21:38:57.828417
T009525,C0086,M0047,27878.0,UPI,SUCCESS,2026-06-29 01:51:28.311716
T009526,C0215,M0036,41063.35,UPI,SUCCESS,2026-08-10 13:16:12.238246
T009527,C0363,M0011,45079.09,NET_BANKING,SUCCESS,2026-08-25 14:23:42.976223
T009528,C0093,M0050,43047.57,WALLET,SUCCESS,2026-07-04 13:16:55.670430
T009529,C0105,M0012,33621.52,CARD,SUCCESS,2026-06-27 07:27:43.283256
T009530,C0001,M0047,33154.66,WALLET,SUCCESS,2026-08-30 13:42:39.036146
T009531,C0390,M0048,30487.8,WALLET,FAILED,2026-06-24 03:46:29.851299
T009532,C0082,M0015,35924.25,WALLET,SUCCESS,2026-08-27 22:16:01.615397
T009533,C0212,M0029,45922.11,UPI,SUCCESS,2026-08-25 19:26:21.699212
T009534,C0270,M0004,21370.47,WALLET,SUCCESS,2026-06-28 20:28:00.324884
T009535,C0308,M0010,29714.04,WALLET,FAILED,2026-06-19 03:44:16.851528
T009536,C0331,M0019,3509.72,UPI,FAILED,2026-07-13 17:56:16.574372
T009537,C0281,M0031,23027.96,NET_BANKING,FAILED,2026-07-31 04:16:26.978822
T009538,C0429,M0050,27651.08,WALLET,SUCCESS,2026-07-10 02:24:52.702135
T009539,C0141,M0028,15020.34,CARD,SUCCESS,2026-08-29 19:14:58.106375
T009540,C0421,M0022,49818.58,NET_BANKING,SUCCESS,2026-09-05 19:46:07.082467
T009541,C0224,M0039,18362.66,UPI,SUCCESS,2026-09-03 07:21:43.579865
T009542,C0115,M0040,42114.73,WALLET,SUCCESS,2026-08-27 04:05:15.913047
T009543,C0457,M0029,36687.59,CARD,SUCCESS,2026-07-17 08:52:07.192366
T009544,C0240,M0015,3329.54,UPI,SUCCESS,2026-08-14 15:53:40.089798
T009545,C0145,M0016,49708.69,WALLET,SUCCESS,2026-06-20 18:30:54.371326
T009546,C0208,M0025,42153.75,NET_BANKING,SUCCESS,2026-09-02 02:40:50.706878
T009547,C0376,M0040,45016.5,CARD,SUCCESS,2026-08-31 18:09:20.846362
T009548,C0152,M0040,39384.76,CARD,SUCCESS,2026-06-18 09:14:46.718580
T009549,C0040,M0042,13507.27,CARD,SUCCESS,2026-07-13 14:23:48.051456
T009550,C0076,M0025,17424.11,CARD,SUCCESS,2026-08-08 09:20:20.259272
T009551,C0012,M0043,29625.08,UPI,SUCCESS,2026-06-29 22:21:07.724733
T009552,C0477,M0031,32903.3,UPI,SUCCESS,2026-07-11 23:11:22.640692
T009553,C0099,M0012,24467.47,WALLET,SUCCESS,2026-08-17 11:47:20.559036
T009554,C0265,M0007,39239.51,NET_BANKING,SUCCESS,2026-08-23 06:48:45.454207
T009555,C0406,M0035,29922.06,UPI,SUCCESS,2026-07-29 09:25:30.907421
T009556,C0338,M0001,30319.07,WALLET,SUCCESS,2026-06-27 01:51:36.222950
T009557,C0349,M0017,20998.77,WALLET,SUCCESS,2026-09-02 08:54:56.437721
T009558,C0256,M0020,40415.41,WALLET,SUCCESS,2026-07-10 00:12:13.704456
T009559,C0103,M0027,526.85,UPI,SUCCESS,2026-06-27 20:17:50.891689
T009560,C0011,M0017,17330.04,UPI,SUCCESS,2026-07-08 07:16:52.871173
T009561,C0083,M0018,27837.65,CARD,SUCCESS,2026-07-13 00:28:24.333561
T009562,C0155,M0026,30252.46,NET_BANKING,SUCCESS,2026-06-16 03:04:10.849154
T009563,C0041,M0029,9119.13,UPI,SUCCESS,2026-07-17 19:49:18.645877
T009564,C0078,M0045,20543.67,WALLET,SUCCESS,2026-06-23 10:35:26.503047
T009565,C0266,M0050,42294.64,WALLET,SUCCESS,2026-07-03 11:23:21.104780
T009566,C0127,M0010,10869.61,UPI,SUCCESS,2026-06-30 05:34:10.328662
T009567,C0145,M0046,46481.26,NET_BANKING,SUCCESS,2026-06-08 12:17:59.928464
T009568,C0231,M0009,16651.51,CARD,SUCCESS,2026-06-23 18:02:42.409309
T009569,C0127,M0032,6304.98,UPI,SUCCESS,2026-08-15 07:03:12.098180
T009570,C0241,M0035,41754.79,NET_BANKING,SUCCESS,2026-06-21 21:07:40.393395
T009571,C0123,M0014,16762.52,UPI,SUCCESS,2026-07-20 19:05:04.025190
T009572,C0289,M0003,37866.25,WALLET,SUCCESS,2026-08-17 19:20:18.907900
T009573,C0490,M0015,32154.01,CARD,SUCCESS,2026-06-13 09:26:08.447422
T009574,C0015,M0040,9630.53,WALLET,SUCCESS,2026-08-24 18:21:57.753641
T009575,C0083,M0044,28863.82,WALLET,FAILED,2026-06-27 13:59:35.199553
T009576,C0492,M0028,39241.47,UPI,SUCCESS,2026-08-25 02:50:53.723397
T009577,C0076,M0050,15577.39,CARD,FAILED,2026-06-17 06:38:03.566852
T009578,C0030,M0016,3857.84,NET_BANKING,SUCCESS,2026-08-26 17:18:40.662812
T009579,C0218,M0031,42105.01,CARD,SUCCESS,2026-07-21 13:58:34.768783
T009580,C0373,M0043,26507.4,WALLET,SUCCESS,2026-08-31 04:32:34.172777
T009581,C0136,M0037,4698.73,UPI,SUCCESS,2026-07-27 04:08:31.780338
T009582,C0070,M0016,48582.99,WALLET,SUCCESS,2026-06-28 02:10:35.550011
T009583,C0082,M0046,19719.76,CARD,SUCCESS,2026-08-10 17:54:19.226044
T009584,C0361,M0046,41971.41,CARD,SUCCESS,2026-08-19 09:53:09.013640
T009585,C0130,M0050,29807.09,CARD,SUCCESS,2026-07-13 18:46:04.237745
T009586,C0019,M0042,27786.63,WALLET,SUCCESS,2026-07-14 01:22:56.936194
T009587,C0326,M0009,30634.86,NET_BANKING,SUCCESS,2026-08-26 04:08:34.351194
T009588,C0244,M0030,34890.72,WALLET,SUCCESS,2026-07-06 07:13:08.920593
T009589,C0033,M0002,38147.17,WALLET,SUCCESS,2026-06-14 13:41:52.109974
T009590,C0388,M0024,49449.98,NET_BANKING,PENDING,2026-08-18 03:36:51.279574
T009591,C0019,M0024,9180.06,WALLET,SUCCESS,2026-06-08 00:18:16.749126
T009592,C0177,M0029,1777.37,CARD,SUCCESS,2026-08-02 19:10:41.868453
T009593,C0195,M0011,17679.51,CARD,SUCCESS,2026-07-30 22:33:47.315189
T009594,C0384,M0049,40229.76,WALLET,SUCCESS,2026-08-02 03:19:31.260525
T009595,C0330,M0049,627.56,CARD,SUCCESS,2026-08-30 13:45:50.211104
T009596,C0451,M0028,5993.79,CARD,FAILED,2026-07-09 22:25:13.906212
T009597,C0302,M0040,39639.42,CARD,SUCCESS,2026-08-08 12:43:50.942515
T009598,C0320,M0004,12257.58,NET_BANKING,SUCCESS,2026-08-14 03:31:20.863526
T009599,C0252,M0041,10896.39,UPI,FAILED,2026-07-10 12:48:25.910182
T009600,C0028,M0001,29548.93,UPI,SUCCESS,2026-08-27 07:03:44.146067
T009601,C0011,M0028,32598.99,NET_BANKING,SUCCESS,2026-06-28 13:17:55.535170
T009602,C0106,M0002,27550.82,UPI,SUCCESS,2026-07-18 20:02:42.291942
T009603,C0354,M0041,37745.65,NET_BANKING,FAILED,2026-08-12 21:51:18.187268
T009604,C0160,M0010,33494.71,UPI,SUCCESS,2026-08-21 00:26:09.668641
T009605,C0301,M0007,42551.11,NET_BANKING,SUCCESS,2026-09-04 02:18:51.619100
T009606,C0446,M0039,37544.33,NET_BANKING,SUCCESS,2026-08-14 16:09:16.106504
T009607,C0003,M0006,30925.85,WALLET,SUCCESS,2026-08-05 07:44:53.048881
T009608,C0229,M0005,33977.9,CARD,SUCCESS,2026-06-13 11:06:25.955860
T009609,C0486,M0003,26486.41,WALLET,SUCCESS,2026-08-16 19:18:07.137249
T009610,C0264,M0044,9963.37,UPI,SUCCESS,2026-07-27 11:47:50.422727
T009611,C0369,M0024,4468.57,NET_BANKING,FAILED,2026-08-06 21:03:03.676363
T009612,C0383,M0031,14984.77,WALLET,SUCCESS,2026-06-18 22:44:26.854677
T009613,C0150,M0012,10533.17,WALLET,PENDING,2026-07-15 11:27:18.834781
T009614,C0415,M0030,2537.9,UPI,SUCCESS,2026-08-12 04:26:32.055311
T009615,C0302,M0027,32775.46,WALLET,SUCCESS,2026-07-27 00:43:30.675109
T009616,C0110,M0006,34834.24,CARD,SUCCESS,2026-06-26 20:29:19.602317
T009617,C0041,M0040,41070.04,CARD,SUCCESS,2026-08-03 05:43:51.226849
T009618,C0153,M0014,41534.46,CARD,SUCCESS,2026-07-10 19:32:36.007423
T009619,C0233,M0040,12026.79,WALLET,SUCCESS,2026-07-06 02:47:26.121650
T009620,C0346,M0045,26216.61,WALLET,SUCCESS,2026-08-25 09:58:41.958700
T009621,C0056,M0027,21063.18,WALLET,SUCCESS,2026-06-23 12:35:48.809844
T009622,C0038,M0032,4999.71,WALLET,SUCCESS,2026-08-23 11:45:37.852929
T009623,C0254,M0029,37453.08,WALLET,SUCCESS,2026-07-08 21:37:29.730065
T009624,C0422,M0021,46090.65,CARD,SUCCESS,2026-08-30 05:51:48.390002
T009625,C0162,M0001,29787.99,NET_BANKING,PENDING,2026-07-02 15:31:58.685982
T009626,C0213,M0030,48275.25,CARD,PENDING,2026-06-12 07:51:55.913545
T009627,C0148,M0017,41434.97,CARD,PENDING,2026-08-07 04:53:57.447591
T009628,C0322,M0001,21141.41,UPI,PENDING,2026-07-26 01:36:19.110742
T009629,C0258,M0049,32105.75,CARD,SUCCESS,2026-07-25 12:38:55.405605
T009630,C0365,M0015,22773.25,WALLET,SUCCESS,2026-08-19 12:05:54.400970
T009631,C0305,M0028,6598.86,CARD,SUCCESS,2026-09-02 18:56:09.674596
T009632,C0045,M0009,11759.68,NET_BANKING,SUCCESS,2026-08-16 12:24:27.876012
T009633,C0399,M0039,35971.29,CARD,SUCCESS,2026-08-03 17:10:32.688732
T009634,C0121,M0007,6277.9,WALLET,SUCCESS,2026-06-24 21:04:21.229631
T009635,C0157,M0015,28924.92,UPI,SUCCESS,2026-08-27 08:57:06.498809
T009636,C0242,M0034,47744.55,NET_BANKING,SUCCESS,2026-08-01 23:11:43.328820
T009637,C0150,M0046,9791.55,WALLET,FAILED,2026-06-18 14:28:20.901147
T009638,C0220,M0008,35903.23,NET_BANKING,FAILED,2026-07-08 08:04:47.960619
T009639,C0225,M0032,27761.53,UPI,SUCCESS,2026-07-15 10:08:37.127759
T009640,C0271,M0017,10417.16,UPI,SUCCESS,2026-08-09 03:48:36.533203
T009641,C0103,M0010,37101.05,WALLET,SUCCESS,2026-08-11 00:34:40.947375
T009642,C0223,M0043,36936.69,WALLET,SUCCESS,2026-06-21 08:40:07.146106
T009643,C0066,M0019,21637.72,CARD,SUCCESS,2026-08-05 10:52:13.275367
T009644,C0174,M0050,6545.34,CARD,SUCCESS,2026-08-01 05:04:34.208187
T009645,C0347,M0017,33633.56,CARD,SUCCESS,2026-07-01 04:55:30.563852
T009646,C0005,M0014,34242.86,CARD,SUCCESS,2026-06-29 05:02:55.808825
T009647,C0116,M0010,2606.72,NET_BANKING,FAILED,2026-08-08 08:57:14.186985
T009648,C0075,M0033,13871.18,UPI,SUCCESS,2026-06-29 00:12:33.687279
T009649,C0467,M0032,19640.02,WALLET,SUCCESS,2026-06-13 20:59:47.817140
T009650,C0300,M0032,32447.1,NET_BANKING,SUCCESS,2026-07-09 19:05:20.301616
T009651,C0422,M0044,9928.29,NET_BANKING,SUCCESS,2026-07-02 15:04:29.333985
T009652,C0291,M0039,8367.8,NET_BANKING,SUCCESS,2026-07-11 13:33:51.497492
T009653,C0193,M0046,17957.02,CARD,SUCCESS,2026-09-05 07:28:18.468128
T009654,C0405,M0048,24140.35,NET_BANKING,SUCCESS,2026-09-03 21:51:31.157833
T009655,C0144,M0024,49097.46,WALLET,SUCCESS,2026-09-02 22:48:01.889530
T009656,C0294,M0006,12121.24,WALLET,SUCCESS,2026-07-26 01:55:49.162595
T009657,C0435,M0021,16338.71,NET_BANKING,SUCCESS,2026-07-28 19:23:22.339692
T009658,C0145,M0003,26974.52,CARD,SUCCESS,2026-09-05 14:58:12.871408
T009659,C0265,M0005,16606.99,UPI,PENDING,2026-07-19 07:45:42.824550
T009660,C0033,M0015,48106.96,UPI,SUCCESS,2026-07-14 23:14:59.555936
T009661,C0286,M0015,41778.15,WALLET,SUCCESS,2026-06-19 07:12:24.982807
T009662,C0448,M0032,47133.89,WALLET,SUCCESS,2026-09-05 06:03:06.739867
T009663,C0366,M0006,99.56,NET_BANKING,SUCCESS,2026-07-22 03:22:07.403169
T009664,C0425,M0036,12922.72,UPI,SUCCESS,2026-08-11 09:29:52.074399
T009665,C0235,M0011,30443.66,CARD,SUCCESS,2026-09-05 20:24:08.139557
T009666,C0054,M0046,30425.94,NET_BANKING,SUCCESS,2026-07-13 15:48:17.887721
T009667,C0470,M0019,44394.33,UPI,SUCCESS,2026-07-10 08:56:14.142881
T009668,C0144,M0047,2321.64,UPI,SUCCESS,2026-07-11 13:43:56.172109
T009669,C0495,M0046,46623.6,WALLET,PENDING,2026-08-15 15:57:58.314163
T009670,C0117,M0001,16535.84,CARD,SUCCESS,2026-08-26 12:32:13.145659
T009671,C0096,M0029,36763.89,UPI,FAILED,2026-07-05 00:07:52.967868
T009672,C0339,M0032,25212.11,WALLET,SUCCESS,2026-07-31 13:47:35.204113
T009673,C0325,M0006,24765.39,WALLET,SUCCESS,2026-07-19 15:25:27.046541
T009674,C0305,M0024,25682.64,UPI,SUCCESS,2026-06-10 06:26:00.242325
T009675,C0006,M0006,25234.79,NET_BANKING,SUCCESS,2026-06-11 17:58:11.971195
T009676,C0436,M0026,30920.19,CARD,FAILED,2026-07-30 09:22:46.547040
T009677,C0112,M0041,32081.0,CARD,SUCCESS,2026-08-20 13:04:45.347630
T009678,C0310,M0006,10912.3,WALLET,FAILED,2026-07-20 14:26:11.257337
T009679,C0442,M0008,8035.28,UPI,SUCCESS,2026-09-01 19:04:48.636492
T009680,C0184,M0037,40485.8,NET_BANKING,SUCCESS,2026-07-05 20:07:16.731163
T009681,C0295,M0017,31797.1,UPI,SUCCESS,2026-07-17 05:05:01.371404
T009682,C0134,M0001,41816.54,WALLET,SUCCESS,2026-08-28 23:29:23.551309
T009683,C0372,M0048,22967.13,UPI,SUCCESS,2026-08-14 08:44:33.766805
T009684,C0491,M0026,8800.62,CARD,SUCCESS,2026-06-09 23:42:05.470043
T009685,C0041,M0012,33454.57,UPI,FAILED,2026-09-03 08:54:11.267831
T009686,C0114,M0027,46873.83,UPI,SUCCESS,2026-08-18 03:49:29.348160
T009687,C0329,M0002,20553.22,CARD,SUCCESS,2026-09-02 21:56:28.095862
T009688,C0307,M0011,32666.45,WALLET,SUCCESS,2026-06-17 06:48:36.857583
T009689,C0378,M0041,46098.93,WALLET,SUCCESS,2026-07-19 01:26:44.889795
T009690,C0369,M0006,26948.36,UPI,FAILED,2026-07-23 17:53:28.489244
T009691,C0332,M0047,1440.26,WALLET,SUCCESS,2026-06-23 07:50:21.672482
T009692,C0142,M0037,2155.94,NET_BANKING,SUCCESS,2026-06-20 12:16:44.782711
T009693,C0071,M0012,34111.14,NET_BANKING,SUCCESS,2026-07-30 16:08:14.668752
T009694,C0455,M0028,25378.32,UPI,SUCCESS,2026-06-23 05:02:11.516984
T009695,C0102,M0030,22340.82,CARD,SUCCESS,2026-09-01 22:35:43.106253
T009696,C0403,M0043,9086.79,CARD,SUCCESS,2026-06-10 23:36:42.210758
T009697,C0073,M0027,43636.29,NET_BANKING,SUCCESS,2026-08-24 09:08:16.529721
T009698,C0391,M0009,15008.9,UPI,SUCCESS,2026-07-02 08:15:41.446233
T009699,C0081,M0016,41261.61,UPI,FAILED,2026-06-20 14:28:24.124851
T009700,C0408,M0002,17973.76,NET_BANKING,PENDING,2026-07-11 02:47:39.000359
T009701,C0223,M0045,30544.73,CARD,SUCCESS,2026-07-23 12:18:09.855976
T009702,C0435,M0028,31462.38,NET_BANKING,SUCCESS,2026-07-04 19:18:18.105106
T009703,C0009,M0006,21876.58,WALLET,SUCCESS,2026-08-16 13:36:10.287534
T009704,C0499,M0027,17011.32,UPI,SUCCESS,2026-07-17 12:14:47.359186
T009705,C0101,M0042,8299.52,NET_BANKING,SUCCESS,2026-08-03 18:55:13.035603
T009706,C0263,M0020,36697.97,UPI,SUCCESS,2026-07-30 03:12:48.806660
T009707,C0179,M0044,43270.29,UPI,SUCCESS,2026-08-17 23:14:31.607654
T009708,C0313,M0005,13117.52,UPI,SUCCESS,2026-08-30 02:42:13.706339
T009709,C0266,M0011,8676.07,WALLET,SUCCESS,2026-06-28 01:26:20.132844
T009710,C0312,M0040,22878.41,WALLET,SUCCESS,2026-07-23 06:32:14.818846
T009711,C0390,M0021,21340.27,UPI,SUCCESS,2026-06-08 15:50:34.745605
T009712,C0132,M0012,23655.68,NET_BANKING,SUCCESS,2026-07-19 22:52:53.702995
T009713,C0124,M0023,29948.34,UPI,SUCCESS,2026-08-13 21:26:53.964732
T009714,C0383,M0038,21372.15,WALLET,SUCCESS,2026-08-30 12:41:42.467707
T009715,C0038,M0019,14683.87,UPI,FAILED,2026-08-17 06:58:23.199370
T009716,C0143,M0023,8888.16,UPI,SUCCESS,2026-06-09 11:41:14.314669
T009717,C0118,M0030,13303.0,UPI,SUCCESS,2026-06-27 09:25:23.396759
T009718,C0081,M0049,47915.79,UPI,SUCCESS,2026-07-25 07:59:02.877746
T009719,C0314,M0005,17147.19,CARD,SUCCESS,2026-06-13 15:08:25.619433
T009720,C0294,M0037,45316.55,CARD,SUCCESS,2026-06-23 11:53:10.749052
T009721,C0166,M0014,39076.28,NET_BANKING,SUCCESS,2026-07-01 07:48:24.896873
T009722,C0264,M0022,18699.97,WALLET,SUCCESS,2026-08-25 02:31:44.771552
T009723,C0154,M0018,5612.86,WALLET,SUCCESS,2026-08-04 05:07:39.912292
T009724,C0127,M0024,812.2,UPI,SUCCESS,2026-08-03 04:27:13.552578
T009725,C0159,M0050,32381.26,UPI,PENDING,2026-06-09 17:42:38.948587
T009726,C0293,M0026,20490.69,UPI,SUCCESS,2026-08-04 19:59:20.300914
T009727,C0162,M0038,40857.51,UPI,SUCCESS,2026-07-05 18:20:36.403767
T009728,C0430,M0019,34517.19,CARD,FAILED,2026-08-04 02:09:20.793638
T009729,C0093,M0031,25383.35,WALLET,SUCCESS,2026-07-28 15:54:46.692474
T009730,C0331,M0050,10180.92,NET_BANKING,SUCCESS,2026-08-19 17:14:20.293580
T009731,C0242,M0044,15117.03,CARD,SUCCESS,2026-07-07 01:45:52.021113
T009732,C0398,M0041,21840.3,WALLET,SUCCESS,2026-08-02 22:55:10.346910
T009733,C0131,M0037,21539.5,CARD,SUCCESS,2026-08-13 14:50:41.377766
T009734,C0221,M0008,48335.26,UPI,SUCCESS,2026-06-21 22:05:58.800620
T009735,C0443,M0048,30935.36,WALLET,SUCCESS,2026-09-04 11:54:54.655897
T009736,C0170,M0046,5110.03,WALLET,SUCCESS,2026-08-09 14:06:55.916590
T009737,C0451,M0036,18198.06,UPI,FAILED,2026-08-03 08:35:35.119243
T009738,C0312,M0050,34112.35,CARD,SUCCESS,2026-08-19 05:21:53.940077
T009739,C0053,M0035,12706.13,CARD,SUCCESS,2026-06-18 19:39:15.939010
T009740,C0490,M0016,40103.79,UPI,SUCCESS,2026-08-14 11:49:05.559987
T009741,C0182,M0047,21477.23,UPI,SUCCESS,2026-07-21 19:26:47.822031
T009742,C0133,M0036,28179.38,NET_BANKING,SUCCESS,2026-07-15 18:33:05.346709
T009743,C0358,M0002,36957.38,UPI,SUCCESS,2026-07-31 10:40:48.079063
T009744,C0207,M0035,15828.7,CARD,SUCCESS,2026-07-13 09:52:08.284158
T009745,C0300,M0045,48360.68,WALLET,SUCCESS,2026-06-24 05:17:42.906049
T009746,C0167,M0030,35550.27,CARD,SUCCESS,2026-08-25 23:18:19.573409
T009747,C0327,M0048,29973.17,NET_BANKING,SUCCESS,2026-08-13 01:03:36.120761
T009748,C0286,M0032,35953.93,CARD,SUCCESS,2026-07-30 11:10:38.654850
T009749,C0408,M0050,11362.56,CARD,SUCCESS,2026-06-30 02:31:14.341402
T009750,C0120,M0041,10446.54,NET_BANKING,FAILED,2026-06-13 08:05:42.395494
T009751,C0243,M0023,35621.73,NET_BANKING,SUCCESS,2026-06-18 21:24:18.848135
T009752,C0459,M0011,9708.09,NET_BANKING,PENDING,2026-08-04 16:29:15.728860
T009753,C0356,M0032,6369.64,CARD,SUCCESS,2026-08-14 02:15:13.354180
T009754,C0337,M0035,33127.17,UPI,SUCCESS,2026-06-18 07:11:29.562237
T009755,C0448,M0040,47681.85,CARD,FAILED,2026-07-01 12:03:09.475664
T009756,C0445,M0016,27659.73,UPI,SUCCESS,2026-08-15 15:32:36.356077
T009757,C0432,M0025,6519.51,WALLET,SUCCESS,2026-08-08 22:48:20.737491
T009758,C0460,M0029,29071.74,NET_BANKING,SUCCESS,2026-06-19 20:40:59.824110
T009759,C0188,M0019,26833.69,UPI,SUCCESS,2026-07-08 20:29:23.333323
T009760,C0434,M0009,32552.33,NET_BANKING,SUCCESS,2026-08-27 22:29:38.445929
T009761,C0343,M0031,9578.81,NET_BANKING,SUCCESS,2026-07-30 14:42:15.370498
T009762,C0135,M0043,20495.42,NET_BANKING,SUCCESS,2026-06-14 20:23:13.405599
T009763,C0074,M0011,12245.87,CARD,SUCCESS,2026-08-28 21:34:36.422733
T009764,C0162,M0026,10632.27,WALLET,SUCCESS,2026-06-29 21:30:41.762497
T009765,C0108,M0021,37715.27,NET_BANKING,SUCCESS,2026-07-29 15:47:14.744219
T009766,C0170,M0009,30407.24,NET_BANKING,SUCCESS,2026-06-25 05:19:31.894041
T009767,C0449,M0047,47170.93,CARD,SUCCESS,2026-08-08 05:38:08.707233
T009768,C0241,M0033,48010.74,CARD,SUCCESS,2026-07-13 05:42:01.301091
T009769,C0466,M0028,20245.45,NET_BANKING,SUCCESS,2026-08-22 10:19:55.863959
T009770,C0282,M0038,15116.38,UPI,SUCCESS,2026-08-28 16:40:41.690937
T009771,C0177,M0045,16525.58,NET_BANKING,PENDING,2026-07-24 14:20:45.567480
T009772,C0384,M0036,19424.22,NET_BANKING,SUCCESS,2026-07-30 22:38:05.149240
T009773,C0424,M0034,34705.73,WALLET,SUCCESS,2026-06-09 11:37:00.531603
T009774,C0495,M0029,4073.56,WALLET,SUCCESS,2026-07-02 08:21:23.394064
T009775,C0365,M0010,11025.1,WALLET,SUCCESS,2026-08-23 04:12:19.489590
T009776,C0140,M0049,8777.71,NET_BANKING,SUCCESS,2026-07-12 04:50:36.058915
T009777,C0261,M0022,2475.35,WALLET,SUCCESS,2026-08-10 03:59:47.680684
T009778,C0289,M0010,9715.77,UPI,SUCCESS,2026-07-07 14:56:37.617163
T009779,C0074,M0012,41746.82,UPI,SUCCESS,2026-06-11 07:12:58.973039
T009780,C0257,M0013,45358.7,CARD,SUCCESS,2026-07-16 06:39:19.139894
T009781,C0099,M0003,6146.27,NET_BANKING,SUCCESS,2026-08-01 22:08:42.533480
T009782,C0391,M0030,12238.74,CARD,SUCCESS,2026-06-29 14:08:49.967824
T009783,C0425,M0042,48135.75,NET_BANKING,SUCCESS,2026-07-31 17:48:41.054336
T009784,C0449,M0049,34795.5,WALLET,PENDING,2026-06-17 04:20:38.537899
T009785,C0381,M0005,21985.96,WALLET,SUCCESS,2026-07-14 14:30:45.347152
T009786,C0094,M0004,41091.04,WALLET,SUCCESS,2026-06-09 17:48:18.142596
T009787,C0379,M0012,23536.27,CARD,SUCCESS,2026-08-18 02:29:52.386389
T009788,C0472,M0033,27737.7,CARD,SUCCESS,2026-06-22 11:50:47.516284
T009789,C0179,M0015,40092.26,WALLET,SUCCESS,2026-07-03 08:29:16.391357
T009790,C0393,M0018,37581.5,UPI,SUCCESS,2026-08-08 07:53:30.225368
T009791,C0089,M0039,20549.74,UPI,SUCCESS,2026-07-01 23:39:12.322410
T009792,C0313,M0047,41111.51,WALLET,FAILED,2026-06-16 08:45:30.355487
T009793,C0377,M0035,24751.16,NET_BANKING,SUCCESS,2026-07-30 11:33:21.475817
T009794,C0492,M0034,42767.82,NET_BANKING,SUCCESS,2026-08-14 04:21:55.309487
T009795,C0151,M0040,12502.9,WALLET,SUCCESS,2026-08-24 05:15:45.922703
T009796,C0432,M0021,3744.53,WALLET,SUCCESS,2026-07-24 23:15:19.387121
T009797,C0371,M0011,1828.23,NET_BANKING,SUCCESS,2026-06-22 16:54:18.138819
T009798,C0072,M0026,23101.11,UPI,SUCCESS,2026-08-19 18:02:46.666677
T009799,C0105,M0020,38733.93,UPI,SUCCESS,2026-08-19 20:33:54.412149
T009800,C0055,M0027,10225.4,UPI,SUCCESS,2026-08-10 02:15:41.485608
T009801,C0430,M0004,3096.73,UPI,SUCCESS,2026-08-24 15:19:13.952392
T009802,C0184,M0001,7464.93,UPI,SUCCESS,2026-08-14 04:52:48.417947
T009803,C0033,M0005,24291.38,WALLET,SUCCESS,2026-08-22 17:28:50.338434
T009804,C0124,M0022,28116.45,CARD,SUCCESS,2026-08-09 14:03:52.230985
T009805,C0472,M0013,31899.47,NET_BANKING,SUCCESS,2026-08-11 06:19:16.734845
T009806,C0279,M0036,8768.37,CARD,SUCCESS,2026-07-19 14:47:38.653100
T009807,C0152,M0012,632.73,UPI,SUCCESS,2026-08-30 17:03:25.038862
T009808,C0277,M0023,8420.61,WALLET,SUCCESS,2026-08-08 01:56:26.332543
T009809,C0296,M0001,22038.53,CARD,SUCCESS,2026-07-18 06:23:53.735465
T009810,C0074,M0031,670.69,UPI,SUCCESS,2026-08-13 21:08:53.143657
T009811,C0388,M0050,35938.74,CARD,SUCCESS,2026-06-22 14:21:48.360348
T009812,C0477,M0032,14422.63,UPI,SUCCESS,2026-08-17 19:06:55.368228
T009813,C0155,M0050,5614.86,NET_BANKING,SUCCESS,2026-06-17 11:07:59.731230
T009814,C0213,M0020,44131.28,WALLET,SUCCESS,2026-08-05 08:28:41.917392
T009815,C0035,M0032,32740.75,WALLET,SUCCESS,2026-06-22 02:22:41.119697
T009816,C0459,M0009,49979.97,UPI,SUCCESS,2026-06-16 05:53:45.312147
T009817,C0492,M0006,29499.89,UPI,SUCCESS,2026-08-30 02:14:46.684929
T009818,C0087,M0040,35487.51,WALLET,SUCCESS,2026-06-08 03:07:20.479979
T009819,C0486,M0020,27122.73,WALLET,SUCCESS,2026-08-01 13:41:33.953048
T009820,C0058,M0023,37263.5,CARD,SUCCESS,2026-09-02 06:13:34.340015
T009821,C0336,M0050,49704.57,UPI,SUCCESS,2026-08-18 13:00:07.867049
T009822,C0014,M0029,6034.03,WALLET,SUCCESS,2026-08-08 06:02:27.065158
T009823,C0326,M0042,31071.33,NET_BANKING,SUCCESS,2026-06-15 16:19:40.718060
T009824,C0411,M0041,38551.0,UPI,SUCCESS,2026-08-26 21:36:28.257250
T009825,C0101,M0013,36749.88,CARD,SUCCESS,2026-07-09 16:22:28.701267
T009826,C0409,M0033,431.52,WALLET,SUCCESS,2026-09-05 09:36:20.747691
T009827,C0345,M0004,23276.18,WALLET,SUCCESS,2026-08-10 23:13:20.607792
T009828,C0242,M0021,41005.87,CARD,SUCCESS,2026-07-20 05:03:13.535819
T009829,C0395,M0016,295.26,WALLET,SUCCESS,2026-07-07 11:08:33.914672
T009830,C0416,M0033,46270.99,CARD,SUCCESS,2026-09-03 04:56:43.905905
T009831,C0193,M0027,17184.83,CARD,SUCCESS,2026-07-03 12:58:19.139514
T009832,C0119,M0012,443.07,CARD,SUCCESS,2026-08-21 00:32:35.862121
T009833,C0299,M0047,45666.33,WALLET,SUCCESS,2026-08-15 19:21:59.562418
T009834,C0452,M0019,44816.41,CARD,SUCCESS,2026-06-09 06:44:16.847235
T009835,C0488,M0032,17605.79,WALLET,SUCCESS,2026-06-09 00:23:03.268261
T009836,C0288,M0005,38187.26,WALLET,SUCCESS,2026-08-09 15:17:20.588193
T009837,C0031,M0036,5013.93,WALLET,SUCCESS,2026-07-14 05:57:16.187475
T009838,C0267,M0018,46847.35,UPI,SUCCESS,2026-07-26 18:12:19.195353
T009839,C0038,M0024,5933.93,UPI,SUCCESS,2026-06-24 13:43:54.518273
T009840,C0208,M0037,34761.63,NET_BANKING,SUCCESS,2026-07-03 18:50:46.761472
T009841,C0039,M0017,30361.01,CARD,SUCCESS,2026-06-12 22:15:26.714815
T009842,C0099,M0011,10817.7,WALLET,SUCCESS,2026-08-16 08:37:42.905497
T009843,C0430,M0004,27359.65,WALLET,SUCCESS,2026-06-23 22:35:47.246475
T009844,C0379,M0001,48452.48,UPI,SUCCESS,2026-08-25 01:54:41.269985
T009845,C0400,M0015,12642.44,NET_BANKING,SUCCESS,2026-06-22 17:53:31.614748
T009846,C0220,M0010,14357.9,UPI,FAILED,2026-08-12 19:42:02.219073
T009847,C0220,M0026,8867.2,NET_BANKING,SUCCESS,2026-06-10 09:38:21.484593
T009848,C0090,M0050,28019.37,UPI,SUCCESS,2026-07-20 13:25:39.887780
T009849,C0374,M0020,3786.7,UPI,SUCCESS,2026-08-28 20:42:13.769373
T009850,C0030,M0043,43969.37,UPI,SUCCESS,2026-06-10 17:29:54.151892
T009851,C0072,M0027,7730.24,CARD,SUCCESS,2026-08-28 14:12:56.588500
T009852,C0237,M0003,40097.47,WALLET,SUCCESS,2026-06-15 06:03:42.087256
T009853,C0207,M0050,887.96,UPI,SUCCESS,2026-08-10 15:59:56.175626
T009854,C0002,M0010,14661.3,NET_BANKING,SUCCESS,2026-08-03 16:58:46.184638
T009855,C0304,M0036,32589.58,WALLET,PENDING,2026-07-26 23:51:39.175769
T009856,C0274,M0013,39727.7,NET_BANKING,SUCCESS,2026-06-19 06:47:13.227769
T009857,C0420,M0046,25305.18,UPI,FAILED,2026-08-10 17:04:42.140262
T009858,C0493,M0008,4589.45,NET_BANKING,FAILED,2026-07-29 15:54:14.083451
T009859,C0209,M0017,46121.6,UPI,SUCCESS,2026-08-22 09:59:05.391942
T009860,C0379,M0019,42132.03,UPI,SUCCESS,2026-08-22 16:37:15.081719
T009861,C0171,M0007,1182.29,CARD,SUCCESS,2026-07-05 17:43:36.003973
T009862,C0102,M0027,47375.8,CARD,SUCCESS,2026-07-19 01:42:50.792348
T009863,C0011,M0045,35788.47,NET_BANKING,SUCCESS,2026-07-04 03:43:38.456623
T009864,C0110,M0040,44552.86,WALLET,SUCCESS,2026-07-31 11:18:33.995575
T009865,C0082,M0032,15955.03,NET_BANKING,SUCCESS,2026-08-01 23:33:06.234386
T009866,C0024,M0020,34596.48,CARD,SUCCESS,2026-07-02 00:54:49.785563
T009867,C0101,M0016,30561.36,CARD,SUCCESS,2026-06-20 09:32:51.180881
T009868,C0154,M0036,1709.21,WALLET,SUCCESS,2026-06-27 12:16:50.584142
T009869,C0103,M0016,16505.88,NET_BANKING,SUCCESS,2026-06-20 01:35:32.853864
T009870,C0495,M0005,39446.01,CARD,SUCCESS,2026-07-07 11:00:37.575652
T009871,C0319,M0018,27650.37,WALLET,SUCCESS,2026-06-21 06:49:52.412110
T009872,C0221,M0036,45755.59,NET_BANKING,SUCCESS,2026-07-13 05:47:46.311718
T009873,C0178,M0049,27401.54,NET_BANKING,SUCCESS,2026-07-07 01:25:11.934899
T009874,C0336,M0050,29817.19,CARD,SUCCESS,2026-06-12 22:35:43.860925
T009875,C0340,M0014,32480.8,NET_BANKING,FAILED,2026-06-30 14:27:22.072987
T009876,C0031,M0024,5804.28,NET_BANKING,SUCCESS,2026-07-25 15:57:30.284982
T009877,C0084,M0006,23368.01,WALLET,SUCCESS,2026-07-29 23:17:27.619470
T009878,C0337,M0047,22417.79,WALLET,SUCCESS,2026-07-06 13:51:16.595829
T009879,C0342,M0008,13646.8,NET_BANKING,SUCCESS,2026-08-28 07:33:07.379094
T009880,C0226,M0029,20838.49,UPI,SUCCESS,2026-07-28 19:32:25.792999
T009881,C0268,M0010,27692.81,NET_BANKING,SUCCESS,2026-08-28 06:25:40.148638
T009882,C0100,M0025,6491.84,WALLET,SUCCESS,2026-07-29 15:05:35.489993
T009883,C0448,M0036,30147.76,WALLET,SUCCESS,2026-06-16 10:09:30.166007
T009884,C0321,M0031,17228.37,NET_BANKING,SUCCESS,2026-08-14 22:38:47.834137
T009885,C0435,M0044,4034.34,NET_BANKING,FAILED,2026-06-15 11:40:56.966513
T009886,C0072,M0047,26758.9,UPI,SUCCESS,2026-06-11 10:32:20.150689
T009887,C0112,M0043,29963.3,CARD,SUCCESS,2026-08-24 12:04:54.194108
T009888,C0115,M0011,23330.92,WALLET,SUCCESS,2026-08-11 22:07:35.034918
T009889,C0218,M0037,6223.58,NET_BANKING,SUCCESS,2026-08-28 12:17:02.253281
T009890,C0174,M0012,5183.57,NET_BANKING,SUCCESS,2026-09-05 06:23:55.727044
T009891,C0121,M0018,38374.71,UPI,SUCCESS,2026-06-08 13:23:16.613206
T009892,C0093,M0011,15421.87,WALLET,SUCCESS,2026-06-21 01:16:56.104368
T009893,C0357,M0011,40535.86,CARD,PENDING,2026-08-17 05:24:57.367928
T009894,C0289,M0013,39850.25,NET_BANKING,SUCCESS,2026-06-29 21:33:23.526583
T009895,C0388,M0036,25215.89,NET_BANKING,SUCCESS,2026-06-20 04:36:57.937536
T009896,C0270,M0035,20238.26,WALLET,SUCCESS,2026-07-05 09:04:09.804035
T009897,C0100,M0031,17770.22,UPI,SUCCESS,2026-08-02 10:44:22.940577
T009898,C0083,M0028,48656.53,UPI,SUCCESS,2026-07-31 23:34:25.713735
T009899,C0072,M0009,4432.93,CARD,SUCCESS,2026-07-04 09:15:03.612707
T009900,C0176,M0019,21356.21,WALLET,SUCCESS,2026-08-28 14:09:06.637359
T009901,C0030,M0049,10850.65,UPI,SUCCESS,2026-07-30 20:05:08.705724
T009902,C0275,M0012,32259.68,UPI,FAILED,2026-08-20 18:50:09.289702
T009903,C0040,M0031,36413.96,CARD,SUCCESS,2026-08-13 06:48:39.159252
T009904,C0061,M0025,5039.22,NET_BANKING,SUCCESS,2026-06-13 10:28:39.951654
T009905,C0168,M0018,803.47,CARD,SUCCESS,2026-06-29 21:45:12.257195
T009906,C0008,M0006,10096.57,WALLET,FAILED,2026-07-27 14:48:07.410740
T009907,C0045,M0037,4243.77,UPI,SUCCESS,2026-06-16 15:33:37.282112
T009908,C0005,M0025,23848.9,UPI,PENDING,2026-06-22 01:51:10.234808
T009909,C0038,M0024,12818.52,UPI,SUCCESS,2026-08-07 20:30:08.110548
T009910,C0445,M0003,16677.56,WALLET,SUCCESS,2026-08-07 10:45:40.726936
T009911,C0214,M0029,2493.26,WALLET,SUCCESS,2026-08-20 22:54:31.808990
T009912,C0009,M0019,41399.88,CARD,SUCCESS,2026-07-06 01:44:34.007291
T009913,C0183,M0002,25875.27,WALLET,SUCCESS,2026-07-06 23:43:04.469181
T009914,C0173,M0039,26907.85,NET_BANKING,SUCCESS,2026-08-16 03:04:18.079783
T009915,C0491,M0044,13118.75,CARD,SUCCESS,2026-08-02 22:11:47.643222
T009916,C0241,M0007,19490.54,UPI,PENDING,2026-08-31 10:42:43.723716
T009917,C0432,M0039,1493.36,UPI,PENDING,2026-07-20 18:26:51.981819
T009918,C0211,M0048,30394.56,UPI,SUCCESS,2026-06-28 04:21:48.748088
T009919,C0113,M0029,48379.32,UPI,SUCCESS,2026-07-28 00:21:17.174366
T009920,C0387,M0029,32817.99,UPI,SUCCESS,2026-08-19 22:46:13.162410
T009921,C0006,M0037,38485.32,UPI,SUCCESS,2026-08-09 10:03:40.217622
T009922,C0321,M0004,36134.65,WALLET,SUCCESS,2026-07-09 18:30:14.904626
T009923,C0008,M0048,4919.27,UPI,SUCCESS,2026-08-09 04:27:29.509277
T009924,C0332,M0012,45611.56,UPI,SUCCESS,2026-07-13 15:17:28.706329
T009925,C0316,M0049,34431.69,NET_BANKING,SUCCESS,2026-08-20 16:12:54.891335
T009926,C0005,M0016,30830.2,CARD,SUCCESS,2026-08-19 13:03:59.717456
T009927,C0217,M0021,42047.36,UPI,SUCCESS,2026-08-21 21:27:14.863837
T009928,C0446,M0042,27214.22,WALLET,SUCCESS,2026-08-13 18:45:29.624713
T009929,C0242,M0046,18142.71,CARD,SUCCESS,2026-08-19 02:03:09.939180
T009930,C0377,M0011,7985.66,CARD,SUCCESS,2026-06-17 06:00:25.447489
T009931,C0475,M0007,9034.95,WALLET,SUCCESS,2026-07-13 21:18:56.738899
T009932,C0197,M0021,26625.19,NET_BANKING,SUCCESS,2026-08-06 11:10:34.271386
T009933,C0148,M0008,13216.74,WALLET,SUCCESS,2026-07-15 16:21:23.721094
T009934,C0194,M0014,45730.32,CARD,SUCCESS,2026-07-20 04:36:05.475206
T009935,C0409,M0024,2271.26,WALLET,SUCCESS,2026-06-18 04:01:19.961742
T009936,C0368,M0035,17878.5,NET_BANKING,SUCCESS,2026-08-12 11:15:29.184103
T009937,C0459,M0018,30987.85,NET_BANKING,SUCCESS,2026-08-08 07:30:44.159901
T009938,C0047,M0046,38115.07,UPI,SUCCESS,2026-07-05 14:47:02.927418
T009939,C0462,M0039,33876.27,NET_BANKING,SUCCESS,2026-09-03 08:37:06.036711
T009940,C0167,M0027,13050.64,UPI,SUCCESS,2026-08-10 05:46:19.681650
T009941,C0218,M0036,6636.64,NET_BANKING,FAILED,2026-06-24 19:27:21.290634
T009942,C0236,M0029,32626.5,UPI,SUCCESS,2026-08-19 02:48:40.457904
T009943,C0018,M0023,29023.52,UPI,SUCCESS,2026-06-29 17:31:30.608461
T009944,C0227,M0032,28630.85,NET_BANKING,SUCCESS,2026-06-18 17:00:22.596253
T009945,C0111,M0024,17867.53,UPI,SUCCESS,2026-07-28 22:53:05.961841
T009946,C0037,M0048,3569.15,UPI,SUCCESS,2026-08-14 10:36:51.822271
T009947,C0317,M0046,29378.61,WALLET,SUCCESS,2026-06-29 04:57:47.992177
T009948,C0273,M0013,48940.22,UPI,SUCCESS,2026-07-18 09:08:37.702994
T009949,C0500,M0046,12359.03,UPI,SUCCESS,2026-07-14 17:56:00.110856
T009950,C0341,M0048,43527.48,CARD,SUCCESS,2026-07-05 16:12:04.632026
T009951,C0127,M0041,14856.75,WALLET,SUCCESS,2026-08-23 04:39:53.823828
T009952,C0412,M0014,41831.45,NET_BANKING,SUCCESS,2026-07-02 15:24:32.893572
T009953,C0193,M0014,31681.31,WALLET,SUCCESS,2026-06-09 20:04:21.872784
T009954,C0220,M0004,8806.42,CARD,SUCCESS,2026-07-15 04:36:56.672282
T009955,C0174,M0032,46177.14,CARD,SUCCESS,2026-07-24 10:55:54.976657
T009956,C0189,M0011,41931.36,NET_BANKING,SUCCESS,2026-08-11 09:19:08.792131
T009957,C0260,M0028,6349.38,WALLET,SUCCESS,2026-07-01 19:31:03.432889
T009958,C0242,M0011,23773.04,UPI,SUCCESS,2026-06-20 19:00:28.734023
T009959,C0322,M0027,45644.1,WALLET,SUCCESS,2026-07-24 16:00:54.382702
T009960,C0409,M0035,12153.02,NET_BANKING,SUCCESS,2026-08-01 13:31:08.889868
T009961,C0446,M0007,16586.79,UPI,SUCCESS,2026-07-18 07:12:29.582235
T009962,C0306,M0003,21862.45,NET_BANKING,SUCCESS,2026-06-22 23:54:09.007059
T009963,C0272,M0009,27445.73,UPI,SUCCESS,2026-08-26 21:31:43.554098
T009964,C0372,M0012,20545.12,WALLET,SUCCESS,2026-07-09 22:36:55.392980
T009965,C0083,M0004,38658.81,CARD,FAILED,2026-08-27 11:54:12.065727
T009966,C0106,M0038,40883.88,NET_BANKING,SUCCESS,2026-08-05 17:52:34.849869
T009967,C0313,M0016,31642.85,WALLET,FAILED,2026-06-13 09:52:00.478322
T009968,C0163,M0049,2357.11,NET_BANKING,SUCCESS,2026-08-10 05:10:11.055071
T009969,C0280,M0046,34183.88,NET_BANKING,FAILED,2026-08-28 15:15:20.273520
T009970,C0431,M0032,38484.27,UPI,SUCCESS,2026-08-26 04:36:53.013190
T009971,C0050,M0040,39167.4,WALLET,SUCCESS,2026-08-01 04:38:31.817454
T009972,C0042,M0045,533.88,UPI,SUCCESS,2026-06-23 03:45:15.778483
T009973,C0243,M0018,35864.62,WALLET,SUCCESS,2026-06-29 01:40:43.313844
T009974,C0469,M0020,45502.59,CARD,SUCCESS,2026-07-15 17:26:25.147058
T009975,C0099,M0049,45407.78,NET_BANKING,SUCCESS,2026-07-03 19:34:53.062173
T009976,C0451,M0002,44563.18,WALLET,SUCCESS,2026-08-27 15:59:44.870202
T009977,C0334,M0024,1129.64,WALLET,SUCCESS,2026-08-19 04:40:36.699071
T009978,C0289,M0008,37637.74,UPI,SUCCESS,2026-08-03 15:23:04.690718
T009979,C0500,M0009,33711.58,UPI,SUCCESS,2026-07-06 10:29:50.205460
T009980,C0247,M0032,43782.27,WALLET,SUCCESS,2026-08-05 04:35:21.773314
T009981,C0372,M0039,910.02,CARD,SUCCESS,2026-08-30 03:01:01.852789
T009982,C0363,M0036,41463.06,UPI,SUCCESS,2026-06-22 05:04:58.483733
T009983,C0453,M0046,17866.27,CARD,SUCCESS,2026-06-13 18:19:48.659857
T009984,C0275,M0020,27669.31,CARD,SUCCESS,2026-07-01 01:40:30.496087
T009985,C0411,M0014,22222.93,CARD,SUCCESS,2026-07-30 21:35:27.772750
T009986,C0289,M0004,28718.8,CARD,SUCCESS,2026-08-18 23:23:38.202814
T009987,C0313,M0005,33084.37,UPI,SUCCESS,2026-06-12 10:44:25.880846
T009988,C0322,M0029,2227.54,CARD,SUCCESS,2026-07-03 09:42:03.394300
T009989,C0245,M0045,49124.36,CARD,SUCCESS,2026-08-01 12:32:46.232540
T009990,C0105,M0033,33534.56,WALLET,SUCCESS,2026-08-21 21:15:13.870834
T009991,C0249,M0045,39857.48,WALLET,SUCCESS,2026-09-04 20:52:42.758059
T009992,C0469,M0003,49011.45,WALLET,SUCCESS,2026-07-10 23:50:07.104250
T009993,C0318,M0041,7888.14,UPI,SUCCESS,2026-07-07 16:22:13.767723
T009994,C0084,M0039,30977.66,CARD,SUCCESS,2026-07-04 12:14:00.890272
T009995,C0251,M0027,30280.91,WALLET,FAILED,2026-07-12 21:43:02.428238
T009996,C0453,M0047,11626.4,UPI,SUCCESS,2026-06-26 15:26:55.552425
T009997,C0356,M0043,12180.76,NET_BANKING,SUCCESS,2026-06-15 06:03:57.869697
T009998,C0496,M0019,29358.97,WALLET,FAILED,2026-08-07 09:24:48.487347
T009999,C0170,M0035,8717.66,CARD,SUCCESS,2026-08-31 07:02:47.370771
T010000,C0347,M0025,4349.78,WALLET,FAILED,2026-06-26 16:25:07.480175
